-- ServeNow database dump
-- Database: servenow
-- Generated: 2025-12-27T22:29:26.933Z

DROP TABLE IF EXISTS `admin_expenses`;
CREATE TABLE `admin_expenses` (
  `id` int(11) NOT NULL AUTO_INCREMENT,
  `expense_number` varchar(50) NOT NULL,
  `expense_date` date NOT NULL,
  `category` varchar(100) NOT NULL,
  `description` text DEFAULT NULL,
  `amount` decimal(12,2) NOT NULL,
  `payment_method` enum('cash','card','check','bank_transfer') NOT NULL,
  `vendor_name` varchar(100) DEFAULT NULL,
  `receipt_number` varchar(50) DEFAULT NULL,
  `status` enum('pending','approved','paid','rejected') DEFAULT 'pending',
  `submitted_by` int(11) DEFAULT NULL,
  `approved_by` int(11) DEFAULT NULL,
  `approved_at` timestamp NULL DEFAULT NULL,
  `notes` text DEFAULT NULL,
  `created_at` timestamp NOT NULL DEFAULT current_timestamp(),
  `updated_at` timestamp NOT NULL DEFAULT current_timestamp() ON UPDATE current_timestamp(),
  PRIMARY KEY (`id`),
  UNIQUE KEY `expense_number` (`expense_number`),
  KEY `submitted_by` (`submitted_by`),
  KEY `approved_by` (`approved_by`),
  KEY `idx_ae_category` (`category`),
  KEY `idx_ae_expense_date` (`expense_date`),
  KEY `idx_ae_status` (`status`),
  CONSTRAINT `admin_expenses_ibfk_1` FOREIGN KEY (`submitted_by`) REFERENCES `users` (`id`) ON DELETE SET NULL,
  CONSTRAINT `admin_expenses_ibfk_2` FOREIGN KEY (`approved_by`) REFERENCES `users` (`id`) ON DELETE SET NULL
) ENGINE=InnoDB DEFAULT CHARSET=utf8mb4 COLLATE=utf8mb4_general_ci;

DROP TABLE IF EXISTS `cash_payment_vouchers`;
CREATE TABLE `cash_payment_vouchers` (
  `id` int(11) NOT NULL AUTO_INCREMENT,
  `voucher_number` varchar(50) NOT NULL,
  `voucher_date` date NOT NULL,
  `payee_name` varchar(100) NOT NULL,
  `payee_type` enum('store','rider','vendor','employee','other') NOT NULL,
  `payee_id` int(11) DEFAULT NULL,
  `amount` decimal(12,2) NOT NULL,
  `purpose` varchar(255) DEFAULT NULL,
  `description` text DEFAULT NULL,
  `payment_method` enum('cash','check','bank_transfer') NOT NULL,
  `check_number` varchar(50) DEFAULT NULL,
  `bank_details` text DEFAULT NULL,
  `status` enum('draft','pending','approved','paid','cancelled') DEFAULT 'draft',
  `prepared_by` int(11) DEFAULT NULL,
  `approved_by` int(11) DEFAULT NULL,
  `paid_by` int(11) DEFAULT NULL,
  `approved_at` timestamp NULL DEFAULT NULL,
  `paid_at` timestamp NULL DEFAULT NULL,
  `created_at` timestamp NOT NULL DEFAULT current_timestamp(),
  `updated_at` timestamp NOT NULL DEFAULT current_timestamp() ON UPDATE current_timestamp(),
  PRIMARY KEY (`id`),
  UNIQUE KEY `voucher_number` (`voucher_number`),
  KEY `payee_id` (`payee_id`),
  KEY `prepared_by` (`prepared_by`),
  KEY `approved_by` (`approved_by`),
  KEY `paid_by` (`paid_by`),
  KEY `idx_cpv_status` (`status`),
  KEY `idx_cpv_payee_type` (`payee_type`),
  KEY `idx_cpv_voucher_date` (`voucher_date`),
  CONSTRAINT `cash_payment_vouchers_ibfk_1` FOREIGN KEY (`payee_id`) REFERENCES `users` (`id`) ON DELETE SET NULL,
  CONSTRAINT `cash_payment_vouchers_ibfk_2` FOREIGN KEY (`prepared_by`) REFERENCES `users` (`id`) ON DELETE SET NULL,
  CONSTRAINT `cash_payment_vouchers_ibfk_3` FOREIGN KEY (`approved_by`) REFERENCES `users` (`id`) ON DELETE SET NULL,
  CONSTRAINT `cash_payment_vouchers_ibfk_4` FOREIGN KEY (`paid_by`) REFERENCES `users` (`id`) ON DELETE SET NULL
) ENGINE=InnoDB DEFAULT CHARSET=utf8mb4 COLLATE=utf8mb4_general_ci;

DROP TABLE IF EXISTS `cash_receipt_vouchers`;
CREATE TABLE `cash_receipt_vouchers` (
  `id` int(11) NOT NULL AUTO_INCREMENT,
  `voucher_number` varchar(50) NOT NULL,
  `voucher_date` date NOT NULL,
  `payer_name` varchar(100) NOT NULL,
  `payer_type` enum('customer','store','vendor','other') NOT NULL,
  `payer_id` int(11) DEFAULT NULL,
  `amount` decimal(12,2) NOT NULL,
  `description` varchar(255) DEFAULT NULL,
  `details` text DEFAULT NULL,
  `payment_method` enum('cash','check','bank_transfer') NOT NULL,
  `check_number` varchar(50) DEFAULT NULL,
  `bank_details` text DEFAULT NULL,
  `status` enum('draft','pending','received','cancelled') DEFAULT 'draft',
  `prepared_by` int(11) DEFAULT NULL,
  `approved_by` int(11) DEFAULT NULL,
  `received_by` int(11) DEFAULT NULL,
  `approved_at` timestamp NULL DEFAULT NULL,
  `received_at` timestamp NULL DEFAULT NULL,
  `created_at` timestamp NOT NULL DEFAULT current_timestamp(),
  `updated_at` timestamp NOT NULL DEFAULT current_timestamp() ON UPDATE current_timestamp(),
  PRIMARY KEY (`id`),
  UNIQUE KEY `voucher_number` (`voucher_number`),
  KEY `payer_id` (`payer_id`),
  KEY `prepared_by` (`prepared_by`),
  KEY `approved_by` (`approved_by`),
  KEY `received_by` (`received_by`),
  KEY `idx_crv_status` (`status`),
  KEY `idx_crv_payer_type` (`payer_type`),
  KEY `idx_crv_voucher_date` (`voucher_date`),
  CONSTRAINT `cash_receipt_vouchers_ibfk_1` FOREIGN KEY (`payer_id`) REFERENCES `users` (`id`) ON DELETE SET NULL,
  CONSTRAINT `cash_receipt_vouchers_ibfk_2` FOREIGN KEY (`prepared_by`) REFERENCES `users` (`id`) ON DELETE SET NULL,
  CONSTRAINT `cash_receipt_vouchers_ibfk_3` FOREIGN KEY (`approved_by`) REFERENCES `users` (`id`) ON DELETE SET NULL,
  CONSTRAINT `cash_receipt_vouchers_ibfk_4` FOREIGN KEY (`received_by`) REFERENCES `users` (`id`) ON DELETE SET NULL
) ENGINE=InnoDB DEFAULT CHARSET=utf8mb4 COLLATE=utf8mb4_general_ci;

DROP TABLE IF EXISTS `categories`;
CREATE TABLE `categories` (
  `id` int(11) NOT NULL AUTO_INCREMENT,
  `name` varchar(50) NOT NULL,
  `description` text DEFAULT NULL,
  `image_url` varchar(255) DEFAULT NULL,
  `is_active` tinyint(1) DEFAULT 1,
  `created_at` timestamp NOT NULL DEFAULT current_timestamp(),
  PRIMARY KEY (`id`),
  KEY `idx_categories_active` (`is_active`)
) ENGINE=InnoDB AUTO_INCREMENT=100 DEFAULT CHARSET=utf8mb4 COLLATE=utf8mb4_general_ci;

INSERT INTO `categories` (`id`, `name`, `description`, `image_url`, `is_active`, `created_at`) VALUES
(1,'Serve Vegetables','Fresh vegetables and greens','/uploads/category_1766394319255_260.jpg',1,'2025-11-30 20:48:32.000'),
(60,'Pharmacy','100 % Quality Products','/uploads/category_1765775517922_138.jfif',1,'2025-12-15 10:11:58.000'),
(61,'Chicken Karahi','Good Taste','/uploads/category_1765972500239_676.jpg',0,'2025-12-15 18:24:59.000'),
(62,'Biryani','Tasty','/uploads/category_1765883632453_771.jpeg',1,'2025-12-16 16:13:52.000'),
(63,'Ice Cream','Freah $ Cold','/uploads/category_1765884060179_498.jpeg',1,'2025-12-16 16:21:00.000'),
(64,'- - - - - -',NULL,NULL,0,'2025-12-16 16:55:13.000'),
(65,'Rice','Tasty',NULL,0,'2025-12-16 16:55:13.000'),
(66,'Drink','Fresh & Cold',NULL,0,'2025-12-16 16:56:52.000'),
(67,'Fruits','Delicious','/uploads/category_1766389691431_835.jpg',0,'2025-12-16 16:57:37.000'),
(68,'- - - -  - - -  -','Fresh',NULL,0,'2025-12-16 16:57:53.000'),
(69,'Fish','Tasty','/uploads/category_1766395787738_253.jpg',1,'2025-12-16 16:58:10.000'),
(70,'- - -  - - - - - - -','Fresh',NULL,0,'2025-12-16 16:58:24.000'),
(71,'Decoration','Fresh','/uploads/category_1766382482391_329.jpg',1,'2025-12-16 16:58:47.000'),
(72,'- -   - - - - - - - -  - -','Yummy',NULL,0,'2025-12-16 16:59:10.000'),
(73,'Serve Drinks','Drinks','/uploads/category_1766389463948_22.webp',1,'2025-12-16 16:59:43.000'),
(74,'Naan-Roti','Fresh','/uploads/category_1766396161297_45.jpg',1,'2025-12-16 16:59:59.000'),
(75,'Serve Fruits','Fresh','/uploads/category_1766393392144_228.jpg',1,'2025-12-16 17:00:18.000'),
(76,'Fast Food','Fresh','/uploads/category_1766393255925_780.jpg',1,'2025-12-16 17:00:35.000'),
(77,'Soup','Hot','/uploads/category_1766396407098_50.jpg',1,'2025-12-16 17:00:58.000'),
(78,'BBQ','Tasty','/uploads/category_1766395003307_746.jpg',1,'2025-12-16 17:01:17.000'),
(79,'Breakfast','Fresh','/uploads/category_1766382403281_158.jpg',1,'2025-12-16 17:01:40.000'),
(80,'Juice','Fresh','/uploads/category_1766396054811_606.jpg',1,'2025-12-16 17:01:53.000'),
(81,'Shawarma','Hot & Spicy','/uploads/category_1766396245774_389.jpg',1,'2025-12-16 17:02:17.000'),
(82,'Burger','Fresh & Hot','/uploads/category_1765889140664_723.jfif',0,'2025-12-16 17:03:39.000'),
(83,'Serve Laundry Services','Cleanliness','/uploads/category_1766389944363_84.jpg',1,'2025-12-16 17:04:51.000'),
(84,'Beef  Mutton & Chicken','Fresh','/uploads/category_1766385819920_73.jpg',1,'2025-12-16 17:04:51.000'),
(85,'Bakers','Hot','/uploads/category_1766380114346_35.jpg',1,'2025-12-16 17:07:19.000'),
(86,'Serve Parcel','Urgent','/uploads/category_1766390526724_281.jpg',1,'2025-12-17 15:52:52.000'),
(87,'Hotels','Good Taste','/uploads/category_1765972508229_968.jpg',1,'2025-12-17 16:55:08.000'),
(88,'Cafe','Tasty','/uploads/category_1766379974010_215.jpg',1,'2025-12-18 11:54:27.000'),
(89,'- - - - - - - - - - -','Fresh','/uploads/category_1766394534601_876.jpg',0,'2025-12-18 11:54:40.000'),
(90,'- - - -  - - - - -  -','Tasty',NULL,0,'2025-12-18 11:54:59.000'),
(91,'Home Made Cuisine','Tasty','/uploads/category_1766395871668_76.jpg',1,'2025-12-18 11:55:17.000'),
(92,'Serve Grocery','Maximum Discounts','/uploads/category_1766389815085_587.jpg',1,'2025-12-18 12:00:53.000'),
(93,'BEST DEAL','Maximum  Discounts','/uploads/category_1766396669715_385.jpg',1,'2025-12-18 12:12:02.000'),
(94,'- - - - - - - -',NULL,NULL,0,'2025-12-18 12:12:43.000'),
(95,'- - -  - - - - - -- -','Tasty',NULL,0,'2025-12-18 12:28:07.000'),
(96,'- - - - -  -',NULL,NULL,0,'2025-12-18 21:01:41.000'),
(97,'Dairy Products','Fresh','/uploads/category_1766205495403_38.jpg',1,'2025-12-20 09:38:15.000'),
(98,'Chat Patta Taste','Spicy','/uploads/category_1766206357418_405.jpg',1,'2025-12-20 09:52:37.000'),
(99,'Dry Fruits','Fresh','/uploads/category_1766504249979_269.webp',1,'2025-12-23 20:37:30.000');

DROP TABLE IF EXISTS `financial_reports`;
CREATE TABLE `financial_reports` (
  `id` int(11) NOT NULL AUTO_INCREMENT,
  `report_number` varchar(50) NOT NULL,
  `report_type` enum('daily_summary','weekly_summary','monthly_summary','store_settlement','rider_cash_report','expense_report','custom') NOT NULL,
  `period_from` date DEFAULT NULL,
  `period_to` date DEFAULT NULL,
  `total_income` decimal(12,2) DEFAULT 0.00,
  `total_expense` decimal(12,2) DEFAULT 0.00,
  `total_commissions` decimal(12,2) DEFAULT 0.00,
  `net_profit` decimal(12,2) DEFAULT 0.00,
  `data` longtext CHARACTER SET utf8mb4 COLLATE utf8mb4_bin DEFAULT NULL CHECK (json_valid(`data`)),
  `generated_by` int(11) DEFAULT NULL,
  `created_at` timestamp NOT NULL DEFAULT current_timestamp(),
  PRIMARY KEY (`id`),
  UNIQUE KEY `report_number` (`report_number`),
  KEY `generated_by` (`generated_by`),
  KEY `idx_fr_report_type` (`report_type`),
  KEY `idx_fr_period_from` (`period_from`),
  CONSTRAINT `financial_reports_ibfk_1` FOREIGN KEY (`generated_by`) REFERENCES `users` (`id`) ON DELETE SET NULL
) ENGINE=InnoDB AUTO_INCREMENT=3 DEFAULT CHARSET=utf8mb4 COLLATE=utf8mb4_general_ci;

INSERT INTO `financial_reports` (`id`, `report_number`, `report_type`, `period_from`, `period_to`, `total_income`, `total_expense`, `total_commissions`, `net_profit`, `data`, `generated_by`, `created_at`) VALUES
(1,'RPT-20251227-8GQAJ9','monthly_summary','2025-12-01 00:00:00.000','2025-12-27 00:00:00.000','0.00','0.00','0.00','0.00','{\"transactions\":[],\"summary\":{\"total_income\":0,\"total_expense\":0,\"total_commissions\":0,\"net_profit\":0}}',1,'2025-12-27 22:37:13.000'),
(2,'RPT-20251227-RZIDF4','monthly_summary','2025-12-01 00:00:00.000','2025-12-31 00:00:00.000','70.00','50.00','0.00','20.00','{\"transactions\":[{\"type\":\"income\",\"total\":\"70.00\"},{\"type\":\"expense\",\"total\":\"50.00\"}],\"summary\":{\"total_income\":70,\"total_expense\":50,\"total_commissions\":0,\"net_profit\":20}}',1,'2025-12-27 22:43:47.000');

DROP TABLE IF EXISTS `financial_transactions`;
CREATE TABLE `financial_transactions` (
  `id` int(11) NOT NULL AUTO_INCREMENT,
  `transaction_number` varchar(50) NOT NULL,
  `transaction_type` enum('income','expense','settlement','refund','adjustment') NOT NULL,
  `category` varchar(50) DEFAULT NULL,
  `description` text DEFAULT NULL,
  `amount` decimal(12,2) NOT NULL,
  `payment_method` enum('cash','card','bank_transfer','wallet','check') NOT NULL,
  `related_entity_type` varchar(50) DEFAULT NULL,
  `related_entity_id` int(11) DEFAULT NULL,
  `reference_id` varchar(100) DEFAULT NULL,
  `reference_type` varchar(50) DEFAULT NULL,
  `status` enum('pending','completed','cancelled','reversed') DEFAULT 'completed',
  `notes` text DEFAULT NULL,
  `created_by` int(11) DEFAULT NULL,
  `approved_by` int(11) DEFAULT NULL,
  `created_at` timestamp NOT NULL DEFAULT current_timestamp(),
  `updated_at` timestamp NOT NULL DEFAULT current_timestamp() ON UPDATE current_timestamp(),
  PRIMARY KEY (`id`),
  UNIQUE KEY `transaction_number` (`transaction_number`),
  KEY `created_by` (`created_by`),
  KEY `approved_by` (`approved_by`),
  KEY `idx_ft_transaction_type` (`transaction_type`),
  KEY `idx_ft_created_at` (`created_at`),
  KEY `idx_ft_payment_method` (`payment_method`),
  CONSTRAINT `financial_transactions_ibfk_1` FOREIGN KEY (`created_by`) REFERENCES `users` (`id`) ON DELETE SET NULL,
  CONSTRAINT `financial_transactions_ibfk_2` FOREIGN KEY (`approved_by`) REFERENCES `users` (`id`) ON DELETE SET NULL
) ENGINE=InnoDB AUTO_INCREMENT=3 DEFAULT CHARSET=utf8mb4 COLLATE=utf8mb4_general_ci;

INSERT INTO `financial_transactions` (`id`, `transaction_number`, `transaction_type`, `category`, `description`, `amount`, `payment_method`, `related_entity_type`, `related_entity_id`, `reference_id`, `reference_type`, `status`, `notes`, `created_by`, `approved_by`, `created_at`, `updated_at`) VALUES
(1,'FIN-20251227-001-TX9','expense',NULL,'donation','50.00','cash',NULL,NULL,NULL,NULL,'completed',NULL,1,NULL,'2025-12-27 22:12:02.000','2025-12-27 22:12:02.000'),
(2,'FIN-20251227-002-EY2','income',NULL,'Fare','70.00','cash',NULL,NULL,NULL,NULL,'completed',NULL,1,NULL,'2025-12-27 22:12:42.000','2025-12-27 22:12:42.000');

DROP TABLE IF EXISTS `items`;
CREATE TABLE `items` (
  `id` int(11) NOT NULL AUTO_INCREMENT,
  `name` varchar(255) NOT NULL,
  `description` text DEFAULT NULL,
  `image_url` varchar(255) DEFAULT NULL,
  `category_id` int(11) DEFAULT NULL,
  `unit_id` int(11) DEFAULT NULL,
  `size_id` int(11) DEFAULT NULL,
  `created_at` timestamp NOT NULL DEFAULT current_timestamp(),
  PRIMARY KEY (`id`),
  UNIQUE KEY `uniq_items` (`name`,`category_id`,`unit_id`,`size_id`)
) ENGINE=InnoDB AUTO_INCREMENT=32 DEFAULT CHARSET=utf8mb4 COLLATE=utf8mb4_general_ci;

INSERT INTO `items` (`id`, `name`, `description`, `image_url`, `category_id`, `unit_id`, `size_id`, `created_at`) VALUES
(1,'Apple','Good Quality Apple by Fresh Market','/uploads/upload_1765448225011_433.jfif',4,1,NULL,'2025-12-14 13:44:02.000');

DROP TABLE IF EXISTS `login_logs`;
CREATE TABLE `login_logs` (
  `id` int(11) NOT NULL AUTO_INCREMENT,
  `user_id` int(11) NOT NULL,
  `user_type` varchar(20) NOT NULL,
  `login_time` timestamp NOT NULL DEFAULT current_timestamp(),
  `ip_address` varchar(45) DEFAULT NULL,
  PRIMARY KEY (`id`)
) ENGINE=InnoDB AUTO_INCREMENT=397 DEFAULT CHARSET=utf8mb4 COLLATE=utf8mb4_general_ci;

INSERT INTO `login_logs` (`id`, `user_id`, `user_type`, `login_time`, `ip_address`) VALUES
(1,0,'admin','2025-12-18 21:49:32.000','192.168.55.1'),
(2,12,'customer','2025-12-18 21:53:04.000','192.168.55.1'),
(3,12,'customer','2025-12-18 21:56:31.000','192.168.55.1'),
(4,12,'customer','2025-12-18 22:05:52.000','192.168.55.1'),
(5,0,'admin','2025-12-18 22:07:00.000','192.168.55.1'),
(6,0,'admin','2025-12-18 22:10:33.000','192.168.55.1'),
(7,11,'admin','2025-12-18 22:12:20.000','192.168.55.1'),
(8,0,'admin','2025-12-18 22:14:47.000','192.168.55.1'),
(9,12,'customer','2025-12-18 22:17:40.000','192.168.55.1'),
(10,1,'rider','2025-12-18 22:38:33.000','192.168.55.1'),
(11,12,'customer','2025-12-18 22:44:43.000','192.168.55.1'),
(12,12,'customer','2025-12-18 22:44:44.000','192.168.55.1'),
(13,1,'rider','2025-12-18 22:49:00.000','192.168.55.1'),
(14,1,'rider','2025-12-18 22:52:44.000','192.168.55.1'),
(15,1,'rider','2025-12-18 22:57:47.000','192.168.55.1'),
(16,1,'rider','2025-12-18 22:59:00.000','192.168.55.1'),
(17,1,'rider','2025-12-18 22:59:58.000','192.168.55.1'),
(18,1,'rider','2025-12-18 23:08:52.000','192.168.55.1'),
(19,1,'rider','2025-12-18 23:11:29.000','192.168.55.1'),
(20,12,'customer','2025-12-18 23:14:58.000','192.168.55.1'),
(21,12,'customer','2025-12-18 23:23:57.000','192.168.55.1'),
(22,12,'customer','2025-12-18 23:28:17.000','192.168.55.1'),
(23,12,'customer','2025-12-18 23:30:48.000','192.168.55.1'),
(24,12,'customer','2025-12-18 23:52:00.000','192.168.55.1'),
(25,1,'rider','2025-12-18 23:54:09.000','192.168.55.1'),
(26,0,'admin','2025-12-18 23:54:32.000','192.168.55.1'),
(27,12,'customer','2025-12-19 00:22:23.000','192.168.55.1'),
(28,12,'customer','2025-12-19 00:27:06.000','192.168.55.1'),
(29,12,'customer','2025-12-19 00:32:55.000','192.168.55.1'),
(30,13,'customer','2025-12-19 02:29:21.000','192.168.55.1'),
(31,15,'customer','2025-12-19 04:08:20.000','192.168.55.1'),
(32,17,'customer','2025-12-19 04:36:17.000','192.168.55.1'),
(33,17,'customer','2025-12-19 04:44:23.000','192.168.55.1'),
(34,1,'rider','2025-12-19 04:44:42.000','192.168.55.1'),
(35,0,'admin','2025-12-19 05:06:37.000','192.168.55.1'),
(36,0,'admin','2025-12-19 05:07:48.000','192.168.55.1'),
(37,12,'customer','2025-12-19 05:25:41.000','192.168.55.1'),
(38,0,'admin','2025-12-19 05:28:47.000','192.168.55.1'),
(39,0,'admin','2025-12-19 05:33:05.000','192.168.55.1'),
(40,0,'admin','2025-12-19 05:33:25.000','192.168.55.1'),
(41,17,'customer','2025-12-19 05:35:46.000','192.168.55.1'),
(42,0,'admin','2025-12-19 05:50:35.000','192.168.55.1'),
(43,11,'admin','2025-12-19 08:16:58.000','192.168.55.1'),
(44,1,'rider','2025-12-19 10:37:12.000','192.168.55.1'),
(45,12,'customer','2025-12-19 10:38:35.000','192.168.55.1'),
(46,0,'admin','2025-12-19 10:39:35.000','192.168.55.1'),
(47,12,'customer','2025-12-19 10:43:20.000','192.168.55.1'),
(48,12,'customer','2025-12-19 10:48:11.000','192.168.55.1'),
(49,17,'customer','2025-12-19 11:29:37.000','192.168.55.1'),
(50,0,'admin','2025-12-19 12:50:12.000','192.168.55.1'),
(51,0,'admin','2025-12-19 12:56:11.000','192.168.55.1'),
(52,12,'customer','2025-12-19 13:00:42.000','192.168.55.1'),
(53,12,'customer','2025-12-19 13:05:55.000','192.168.55.1'),
(54,1,'rider','2025-12-19 13:10:29.000','192.168.55.1'),
(55,1,'rider','2025-12-19 13:15:27.000','192.168.55.1'),
(56,1,'rider','2025-12-19 13:19:43.000','192.168.55.1'),
(57,1,'rider','2025-12-19 13:23:33.000','192.168.55.1'),
(58,1,'rider','2025-12-19 13:23:33.000','192.168.55.1'),
(59,0,'admin','2025-12-19 13:24:40.000','192.168.55.1'),
(60,0,'admin','2025-12-19 13:52:06.000','192.168.55.1'),
(61,1,'rider','2025-12-19 15:13:20.000','192.168.55.1'),
(62,1,'rider','2025-12-19 15:17:35.000','192.168.55.1'),
(63,12,'customer','2025-12-19 16:42:43.000','192.168.55.1'),
(64,0,'admin','2025-12-19 16:46:03.000','192.168.55.1'),
(65,1,'rider','2025-12-19 16:46:56.000','192.168.55.1'),
(66,12,'customer','2025-12-19 18:32:18.000','192.168.55.1'),
(67,1,'rider','2025-12-19 18:33:05.000','192.168.55.1'),
(68,12,'customer','2025-12-20 09:13:05.000','192.168.55.1'),
(69,11,'admin','2025-12-20 09:17:00.000','192.168.55.1'),
(70,0,'admin','2025-12-20 09:18:45.000','192.168.55.1'),
(71,12,'customer','2025-12-20 10:25:53.000','192.168.55.1'),
(72,12,'customer','2025-12-21 07:56:44.000','192.168.55.1'),
(73,0,'admin','2025-12-21 12:55:36.000','192.168.55.245'),
(74,12,'customer','2025-12-21 12:58:01.000','192.168.55.1'),
(75,0,'admin','2025-12-22 02:21:47.000','192.168.55.245'),
(76,0,'admin','2025-12-22 02:29:42.000','192.168.55.245'),
(77,0,'admin','2025-12-22 02:37:28.000','192.168.55.245'),
(78,1,'admin','2025-12-22 02:44:13.000','127.0.0.1'),
(79,1,'admin','2025-12-22 02:56:00.000','127.0.0.1'),
(80,1,'admin','2025-12-22 02:57:08.000','127.0.0.1'),
(81,12,'customer','2025-12-22 03:02:03.000','192.168.55.1'),
(82,1,'admin','2025-12-22 03:04:39.000','192.168.55.245'),
(83,1,'admin','2025-12-22 03:08:43.000','127.0.0.1'),
(84,1,'admin','2025-12-22 03:10:05.000','127.0.0.1'),
(85,1,'admin','2025-12-22 03:10:32.000','127.0.0.1'),
(86,1,'admin','2025-12-22 03:19:33.000','127.0.0.1'),
(87,1,'admin','2025-12-22 03:20:59.000','192.168.55.245'),
(88,11,'admin','2025-12-22 08:13:37.000','192.168.55.1'),
(89,11,'admin','2025-12-22 09:05:25.000','192.168.55.1'),
(90,11,'admin','2025-12-22 09:16:01.000','192.168.55.1'),
(91,11,'admin','2025-12-22 09:38:36.000','192.168.55.1'),
(92,12,'customer','2025-12-22 12:03:58.000','192.168.55.1'),
(93,12,'customer','2025-12-22 13:23:31.000','192.168.55.1'),
(94,11,'admin','2025-12-22 13:33:05.000','192.168.55.1'),
(95,12,'customer','2025-12-22 13:43:58.000','192.168.55.1'),
(96,11,'admin','2025-12-22 14:06:47.000','192.168.55.1'),
(97,12,'customer','2025-12-22 14:25:26.000','192.168.55.1'),
(98,11,'admin','2025-12-22 14:31:39.000','192.168.55.1'),
(99,12,'customer','2025-12-22 15:06:21.000','192.168.55.1'),
(100,17,'customer','2025-12-22 15:08:31.000','192.168.55.1');
INSERT INTO `login_logs` (`id`, `user_id`, `user_type`, `login_time`, `ip_address`) VALUES
(101,1,'admin','2025-12-22 18:32:59.000','192.168.55.1'),
(102,12,'customer','2025-12-22 20:42:42.000','192.168.55.1'),
(103,11,'admin','2025-12-22 20:44:00.000','192.168.55.1'),
(104,11,'admin','2025-12-22 20:45:55.000','192.168.55.1'),
(105,11,'admin','2025-12-22 20:47:28.000','192.168.55.1'),
(106,11,'admin','2025-12-22 20:48:51.000','192.168.55.1'),
(107,11,'admin','2025-12-22 21:32:00.000','192.168.55.1'),
(108,1,'admin','2025-12-22 23:52:38.000','127.0.0.1'),
(109,1,'admin','2025-12-22 23:55:25.000','192.168.55.1'),
(110,1,'admin','2025-12-23 01:13:12.000','192.168.55.1'),
(111,1,'admin','2025-12-23 02:43:33.000','192.168.55.1'),
(112,1,'admin','2025-12-23 02:47:41.000','192.168.55.1'),
(113,1,'admin','2025-12-23 02:48:20.000','192.168.55.1'),
(114,1,'admin','2025-12-23 02:58:41.000','192.168.55.1'),
(115,1,'admin','2025-12-23 03:12:03.000','127.0.0.1'),
(116,1,'admin','2025-12-23 03:14:01.000','127.0.0.1'),
(117,1,'admin','2025-12-23 03:15:42.000','127.0.0.1'),
(118,1,'admin','2025-12-23 03:17:49.000','127.0.0.1'),
(119,1,'admin','2025-12-23 03:21:37.000','192.168.55.1'),
(120,1,'admin','2025-12-23 03:25:41.000','192.168.55.1'),
(121,1,'admin','2025-12-23 03:26:05.000','192.168.55.1'),
(122,12,'customer','2025-12-23 03:27:20.000','192.168.55.1'),
(123,1,'admin','2025-12-23 03:33:12.000','192.168.55.1'),
(124,1,'rider','2025-12-23 03:55:34.000','192.168.55.1'),
(125,1,'admin','2025-12-23 03:56:45.000','192.168.55.1'),
(126,1,'admin','2025-12-23 04:06:34.000','192.168.55.1'),
(127,1,'admin','2025-12-23 04:07:50.000','192.168.55.1'),
(128,1,'admin','2025-12-23 04:09:40.000','192.168.55.1'),
(129,1,'admin','2025-12-23 04:12:33.000','192.168.55.1'),
(130,1,'admin','2025-12-23 04:13:03.000','192.168.55.1'),
(131,1,'admin','2025-12-23 04:14:56.000','192.168.55.1'),
(132,1,'admin','2025-12-23 04:17:32.000','192.168.55.1'),
(133,1,'admin','2025-12-23 04:20:45.000','192.168.55.1'),
(134,1,'admin','2025-12-23 04:21:45.000','192.168.55.1'),
(135,1,'admin','2025-12-23 04:30:41.000','192.168.55.1'),
(136,12,'customer','2025-12-23 04:34:01.000','192.168.55.1'),
(137,1,'admin','2025-12-23 04:39:55.000','192.168.55.1'),
(138,12,'customer','2025-12-23 04:40:33.000','192.168.55.1'),
(139,12,'customer','2025-12-23 04:55:01.000','192.168.55.1'),
(140,12,'customer','2025-12-23 05:04:29.000','192.168.55.1'),
(141,12,'customer','2025-12-23 05:05:23.000','192.168.55.1'),
(142,12,'customer','2025-12-23 09:32:09.000','192.168.55.1'),
(143,1,'admin','2025-12-23 09:48:04.000','192.168.55.1'),
(144,1,'admin','2025-12-23 09:51:16.000','192.168.55.1'),
(145,1,'admin','2025-12-23 09:51:53.000','192.168.55.1'),
(146,1,'rider','2025-12-23 09:53:10.000','192.168.55.1'),
(147,1,'admin','2025-12-23 10:22:23.000','192.168.55.1'),
(148,1,'admin','2025-12-23 10:23:27.000','192.168.55.1'),
(149,12,'customer','2025-12-23 10:27:10.000','192.168.55.1'),
(150,12,'customer','2025-12-23 10:30:57.000','192.168.55.1'),
(151,1,'admin','2025-12-23 11:12:06.000','192.168.55.1'),
(152,12,'customer','2025-12-23 11:51:17.000','192.168.55.1'),
(153,11,'admin','2025-12-23 12:28:47.000','192.168.55.1'),
(154,11,'admin','2025-12-23 12:30:06.000','192.168.55.1'),
(155,12,'customer','2025-12-23 14:13:23.000','192.168.55.1'),
(156,12,'customer','2025-12-23 14:22:04.000','192.168.55.1'),
(157,11,'admin','2025-12-23 14:22:44.000','192.168.55.1'),
(158,11,'admin','2025-12-23 14:38:07.000','192.168.55.1'),
(159,11,'admin','2025-12-23 14:51:33.000','192.168.55.1'),
(160,12,'customer','2025-12-23 15:22:59.000','192.168.55.1'),
(161,11,'admin','2025-12-23 15:24:43.000','192.168.55.1'),
(162,11,'admin','2025-12-23 15:49:38.000','192.168.55.1'),
(163,11,'admin','2025-12-23 15:49:40.000','192.168.55.1'),
(164,12,'customer','2025-12-23 16:39:47.000','192.168.55.1'),
(165,12,'customer','2025-12-23 16:53:02.000','192.168.55.1'),
(166,12,'customer','2025-12-23 17:09:13.000','192.168.55.245'),
(167,12,'customer','2025-12-23 17:18:26.000','192.168.55.1'),
(168,1,'admin','2025-12-23 17:21:21.000','192.168.55.1'),
(169,1,'admin','2025-12-23 17:25:09.000','192.168.55.1'),
(170,1,'admin','2025-12-23 17:26:12.000','192.168.55.1'),
(171,1,'admin','2025-12-23 17:31:39.000','192.168.55.1'),
(172,1,'admin','2025-12-23 17:35:03.000','192.168.55.1'),
(173,12,'customer','2025-12-23 17:46:17.000','192.168.55.1'),
(174,12,'customer','2025-12-23 17:47:58.000','192.168.55.1'),
(175,12,'customer','2025-12-23 17:49:04.000','192.168.55.1'),
(176,12,'customer','2025-12-23 17:55:15.000','192.168.55.1'),
(177,12,'customer','2025-12-23 17:56:38.000','192.168.55.1'),
(178,12,'customer','2025-12-23 18:12:53.000','192.168.55.1'),
(179,12,'customer','2025-12-23 18:34:13.000','192.168.55.245'),
(180,12,'customer','2025-12-23 18:36:38.000','192.168.55.245'),
(181,12,'customer','2025-12-23 18:38:07.000','192.168.55.245'),
(182,12,'customer','2025-12-23 18:45:11.000','192.168.55.1'),
(183,12,'customer','2025-12-23 18:47:26.000','192.168.55.245'),
(184,12,'customer','2025-12-23 19:26:47.000','192.168.55.1'),
(185,11,'admin','2025-12-23 19:27:40.000','192.168.55.1'),
(186,12,'customer','2025-12-23 19:59:43.000','192.168.55.1'),
(187,12,'customer','2025-12-23 21:11:15.000','192.168.55.1'),
(188,11,'admin','2025-12-23 21:11:25.000','192.168.55.1'),
(189,11,'admin','2025-12-23 21:11:57.000','192.168.55.1'),
(190,12,'customer','2025-12-23 21:12:17.000','192.168.55.1'),
(191,12,'customer','2025-12-23 21:12:45.000','192.168.55.1'),
(192,12,'customer','2025-12-23 21:16:47.000','192.168.55.1'),
(193,11,'admin','2025-12-23 21:17:21.000','192.168.55.1'),
(194,11,'admin','2025-12-23 21:18:28.000','192.168.55.1'),
(195,12,'customer','2025-12-23 21:18:35.000','192.168.55.1'),
(196,12,'customer','2025-12-23 22:30:35.000','192.168.55.1'),
(197,12,'customer','2025-12-23 23:22:17.000','192.168.55.1'),
(198,12,'customer','2025-12-24 11:44:05.000','192.168.55.1'),
(199,11,'admin','2025-12-24 11:44:53.000','192.168.55.1'),
(200,12,'customer','2025-12-24 11:45:47.000','192.168.55.1');
INSERT INTO `login_logs` (`id`, `user_id`, `user_type`, `login_time`, `ip_address`) VALUES
(201,12,'customer','2025-12-24 14:16:08.000','192.168.55.1'),
(202,1,'admin','2025-12-24 14:27:42.000','192.168.55.1'),
(203,12,'customer','2025-12-24 14:29:42.000','192.168.55.1'),
(204,11,'admin','2025-12-24 14:30:16.000','192.168.55.1'),
(205,1,'admin','2025-12-24 14:36:01.000','192.168.55.1'),
(206,12,'customer','2025-12-24 14:38:36.000','192.168.55.1'),
(207,1,'rider','2025-12-24 14:39:08.000','192.168.55.1'),
(208,11,'admin','2025-12-24 14:43:10.000','192.168.55.1'),
(209,12,'customer','2025-12-24 14:46:32.000','192.168.55.1'),
(210,11,'admin','2025-12-24 14:51:30.000','192.168.55.1'),
(211,12,'customer','2025-12-24 15:47:01.000','192.168.55.1'),
(212,11,'admin','2025-12-24 16:34:08.000','192.168.55.1'),
(213,12,'customer','2025-12-24 16:34:16.000','192.168.55.1'),
(214,11,'admin','2025-12-24 16:42:49.000','192.168.55.1'),
(215,11,'admin','2025-12-24 17:41:26.000','192.168.55.1'),
(216,12,'customer','2025-12-24 17:41:38.000','192.168.55.1'),
(217,12,'customer','2025-12-24 17:42:53.000','192.168.55.1'),
(218,12,'customer','2025-12-24 17:51:25.000','192.168.55.1'),
(219,12,'customer','2025-12-24 17:53:08.000','192.168.55.1'),
(220,12,'customer','2025-12-24 17:57:39.000','192.168.55.1'),
(221,1,'admin','2025-12-24 18:13:51.000','192.168.55.1'),
(222,11,'admin','2025-12-24 18:14:05.000','192.168.55.1'),
(223,11,'admin','2025-12-24 18:15:08.000','192.168.55.1'),
(224,1,'admin','2025-12-24 18:15:23.000','192.168.55.1'),
(225,12,'customer','2025-12-24 18:30:32.000','192.168.55.1'),
(226,11,'admin','2025-12-24 18:32:25.000','192.168.55.1'),
(227,1,'admin','2025-12-24 18:37:56.000','192.168.55.1'),
(228,12,'customer','2025-12-24 18:43:30.000','192.168.55.1'),
(229,1,'admin','2025-12-24 18:45:47.000','192.168.55.1'),
(230,1,'admin','2025-12-24 18:50:23.000','192.168.55.245'),
(231,1,'admin','2025-12-24 18:55:51.000','192.168.55.1'),
(232,12,'customer','2025-12-24 19:01:28.000','192.168.55.1'),
(233,12,'customer','2025-12-24 19:01:59.000','192.168.55.1'),
(234,12,'customer','2025-12-24 19:39:45.000','192.168.55.1'),
(235,12,'customer','2025-12-24 19:39:57.000','192.168.55.1'),
(236,12,'customer','2025-12-24 19:40:09.000','192.168.55.1'),
(237,1,'admin','2025-12-24 19:55:32.000','192.168.55.1'),
(238,1,'admin','2025-12-24 20:11:47.000','192.168.55.1'),
(239,1,'admin','2025-12-24 20:23:57.000','192.168.55.1'),
(240,12,'customer','2025-12-24 20:24:58.000','192.168.55.1'),
(241,11,'admin','2025-12-24 20:35:55.000','192.168.55.1'),
(242,12,'customer','2025-12-24 20:39:39.000','192.168.55.1'),
(243,12,'customer','2025-12-24 20:40:01.000','192.168.55.1'),
(244,12,'customer','2025-12-24 20:49:42.000','192.168.55.1'),
(245,1,'admin','2025-12-24 21:07:04.000','192.168.55.1'),
(246,1,'admin','2025-12-24 21:07:14.000','192.168.55.1'),
(247,11,'admin','2025-12-24 21:10:44.000','192.168.55.1'),
(248,12,'customer','2025-12-24 21:11:02.000','192.168.55.1'),
(249,12,'customer','2025-12-24 21:13:41.000','192.168.55.1'),
(250,12,'customer','2025-12-24 21:29:44.000','192.168.55.1'),
(251,12,'customer','2025-12-24 21:52:52.000','192.168.55.1'),
(252,1,'admin','2025-12-24 22:01:12.000','127.0.0.1'),
(253,12,'customer','2025-12-25 00:56:53.000','192.168.55.1'),
(254,1,'admin','2025-12-25 01:24:25.000','192.168.55.1'),
(255,12,'customer','2025-12-25 01:24:59.000','192.168.55.1'),
(256,12,'customer','2025-12-25 01:27:13.000','192.168.55.1'),
(257,1,'rider','2025-12-25 01:31:42.000','192.168.55.1'),
(258,12,'customer','2025-12-25 01:53:26.000','192.168.55.1'),
(259,1,'admin','2025-12-25 01:53:54.000','192.168.55.1'),
(260,1,'admin','2025-12-25 01:56:48.000','192.168.55.1'),
(261,1,'admin','2025-12-25 01:57:06.000','192.168.55.1'),
(262,1,'admin','2025-12-25 02:35:40.000','192.168.55.1'),
(263,12,'customer','2025-12-25 02:36:34.000','192.168.55.1'),
(264,1,'admin','2025-12-25 02:40:43.000','192.168.55.1'),
(265,12,'customer','2025-12-25 02:47:49.000','192.168.55.1'),
(266,12,'customer','2025-12-25 03:59:50.000','192.168.55.1'),
(267,12,'customer','2025-12-25 04:16:43.000','192.168.55.1'),
(268,12,'customer','2025-12-25 04:38:55.000','192.168.55.1'),
(269,1,'admin','2025-12-25 06:41:32.000','192.168.55.1'),
(270,12,'customer','2025-12-25 06:42:29.000','192.168.55.1'),
(271,1,'rider','2025-12-25 06:45:50.000','192.168.55.1'),
(272,1,'admin','2025-12-25 06:46:33.000','192.168.55.1'),
(273,12,'customer','2025-12-25 09:41:16.000','192.168.55.1'),
(274,11,'admin','2025-12-25 09:48:53.000','192.168.55.1'),
(275,12,'customer','2025-12-25 10:58:43.000','192.168.55.1'),
(276,11,'admin','2025-12-25 10:59:10.000','192.168.55.1'),
(277,12,'customer','2025-12-25 11:22:20.000','192.168.55.1'),
(278,12,'customer','2025-12-25 12:48:29.000','192.168.55.1'),
(279,12,'customer','2025-12-25 12:49:55.000','192.168.55.1'),
(280,12,'customer','2025-12-25 12:51:14.000','192.168.55.1'),
(281,11,'admin','2025-12-25 12:53:21.000','192.168.55.1'),
(282,11,'admin','2025-12-25 12:55:22.000','192.168.55.1'),
(283,12,'customer','2025-12-25 12:57:43.000','192.168.55.1'),
(284,1,'admin','2025-12-25 13:04:32.000','192.168.55.1'),
(285,1,'rider','2025-12-25 13:50:20.000','192.168.55.1'),
(286,1,'admin','2025-12-25 13:54:10.000','192.168.55.1'),
(287,12,'customer','2025-12-25 13:54:11.000','192.168.55.1'),
(288,1,'rider','2025-12-25 14:20:55.000','192.168.55.1'),
(289,1,'admin','2025-12-25 14:21:09.000','192.168.55.1'),
(290,11,'admin','2025-12-25 14:25:54.000','192.168.55.1'),
(291,12,'customer','2025-12-25 14:26:02.000','192.168.55.1'),
(292,1,'rider','2025-12-25 14:40:37.000','192.168.55.1'),
(293,12,'customer','2025-12-25 14:41:08.000','192.168.55.1'),
(294,12,'customer','2025-12-25 14:56:29.000','192.168.55.1'),
(295,1,'admin','2025-12-25 15:00:42.000','192.168.55.1'),
(296,12,'customer','2025-12-25 15:36:57.000','192.168.55.1'),
(297,12,'customer','2025-12-25 15:46:03.000','192.168.55.1'),
(298,12,'customer','2025-12-25 22:04:06.000','192.168.55.1'),
(299,12,'customer','2025-12-25 23:15:04.000','192.168.55.1'),
(300,12,'customer','2025-12-26 09:07:06.000','192.168.55.1');
INSERT INTO `login_logs` (`id`, `user_id`, `user_type`, `login_time`, `ip_address`) VALUES
(301,11,'admin','2025-12-26 09:08:51.000','192.168.55.1'),
(302,12,'customer','2025-12-26 09:46:48.000','192.168.55.1'),
(303,11,'admin','2025-12-26 10:22:44.000','192.168.55.1'),
(304,12,'customer','2025-12-26 10:38:24.000','192.168.55.1'),
(305,12,'customer','2025-12-26 10:39:17.000','192.168.55.1'),
(306,12,'customer','2025-12-26 10:45:51.000','192.168.55.245'),
(307,1,'admin','2025-12-26 12:35:17.000','192.168.55.1'),
(308,12,'customer','2025-12-26 13:44:19.000','192.168.55.1'),
(309,12,'customer','2025-12-26 13:47:34.000','192.168.55.1'),
(310,12,'customer','2025-12-26 13:52:32.000','192.168.55.1'),
(311,11,'admin','2025-12-26 14:12:56.000','192.168.55.1'),
(312,11,'admin','2025-12-26 14:13:47.000','192.168.55.1'),
(313,11,'admin','2025-12-26 14:17:13.000','192.168.55.1'),
(314,12,'customer','2025-12-26 14:22:38.000','192.168.55.1'),
(315,12,'customer','2025-12-26 14:22:58.000','192.168.55.1'),
(316,12,'customer','2025-12-26 15:37:33.000','192.168.55.1'),
(317,11,'admin','2025-12-26 15:44:52.000','192.168.55.1'),
(318,11,'admin','2025-12-26 15:52:19.000','192.168.55.1'),
(319,12,'customer','2025-12-26 15:53:28.000','192.168.55.1'),
(320,12,'customer','2025-12-26 17:34:10.000','192.168.55.1'),
(321,11,'admin','2025-12-26 17:36:15.000','192.168.55.1'),
(322,11,'admin','2025-12-26 17:56:04.000','192.168.55.1'),
(323,1,'admin','2025-12-26 18:39:25.000','192.168.55.1'),
(324,1,'admin','2025-12-26 18:40:20.000','192.168.55.1'),
(325,1,'admin','2025-12-26 18:41:05.000','192.168.55.1'),
(326,12,'customer','2025-12-26 18:54:21.000','192.168.55.1'),
(327,1,'admin','2025-12-26 19:12:28.000','192.168.55.245'),
(328,1,'admin','2025-12-26 19:13:26.000','192.168.55.245'),
(329,1,'admin','2025-12-26 19:21:06.000','192.168.55.245'),
(330,1,'admin','2025-12-26 19:29:12.000','192.168.55.245'),
(331,12,'customer','2025-12-26 20:49:28.000','192.168.55.1'),
(332,11,'admin','2025-12-26 20:55:05.000','192.168.55.1'),
(333,11,'admin','2025-12-26 21:01:47.000','192.168.55.1'),
(334,12,'customer','2025-12-26 21:16:11.000','192.168.55.1'),
(335,11,'admin','2025-12-26 21:26:18.000','192.168.55.1'),
(336,12,'customer','2025-12-26 21:33:12.000','192.168.55.1'),
(337,12,'customer','2025-12-26 22:41:02.000','192.168.55.1'),
(338,12,'customer','2025-12-26 22:45:32.000','192.168.55.1'),
(339,12,'customer','2025-12-26 23:03:01.000','192.168.55.1'),
(340,11,'admin','2025-12-26 23:44:08.000','192.168.55.1'),
(341,11,'admin','2025-12-26 23:44:36.000','192.168.55.1'),
(342,11,'admin','2025-12-26 23:45:01.000','192.168.55.1'),
(343,12,'customer','2025-12-26 23:45:28.000','192.168.55.1'),
(344,12,'customer','2025-12-26 23:58:16.000','192.168.55.1'),
(345,12,'customer','2025-12-27 00:36:14.000','192.168.55.1'),
(346,12,'customer','2025-12-27 00:56:16.000','192.168.55.1'),
(347,1,'admin','2025-12-27 02:10:15.000','192.168.55.1'),
(348,1,'admin','2025-12-27 02:12:37.000','192.168.55.1'),
(349,1,'admin','2025-12-27 02:28:33.000','192.168.55.1'),
(350,1,'admin','2025-12-27 02:42:29.000','192.168.55.1'),
(351,1,'admin','2025-12-27 02:57:20.000','192.168.55.1'),
(352,1,'rider','2025-12-27 04:01:17.000','192.168.55.1'),
(353,1,'admin','2025-12-27 04:09:12.000','192.168.55.1'),
(354,12,'customer','2025-12-27 09:47:55.000','192.168.55.1'),
(355,12,'customer','2025-12-27 09:49:44.000','192.168.55.1'),
(356,12,'customer','2025-12-27 09:50:17.000','192.168.55.1'),
(357,11,'admin','2025-12-27 09:50:34.000','192.168.55.1'),
(358,12,'customer','2025-12-27 10:00:58.000','192.168.55.1'),
(359,12,'customer','2025-12-27 10:07:32.000','192.168.55.1'),
(360,11,'admin','2025-12-27 10:07:55.000','192.168.55.1'),
(361,11,'admin','2025-12-27 10:11:58.000','192.168.55.1'),
(362,11,'admin','2025-12-27 10:22:35.000','192.168.55.1'),
(363,12,'customer','2025-12-27 10:32:15.000','192.168.55.1'),
(364,12,'customer','2025-12-27 10:32:16.000','192.168.55.1'),
(365,12,'customer','2025-12-27 10:32:32.000','192.168.55.1'),
(366,11,'admin','2025-12-27 10:42:21.000','192.168.55.1'),
(367,12,'customer','2025-12-27 10:56:37.000','192.168.55.1'),
(368,12,'customer','2025-12-27 11:02:22.000','192.168.55.1'),
(369,12,'customer','2025-12-27 11:02:43.000','192.168.55.1'),
(370,12,'customer','2025-12-27 11:02:52.000','192.168.55.1'),
(371,1,'admin','2025-12-27 11:10:44.000','192.168.55.1'),
(372,1,'admin','2025-12-27 11:10:44.000','192.168.55.1'),
(373,12,'customer','2025-12-27 11:22:26.000','192.168.55.1'),
(374,1,'admin','2025-12-27 12:28:48.000','192.168.55.1'),
(375,11,'admin','2025-12-27 13:41:23.000','192.168.55.1'),
(376,12,'customer','2025-12-27 13:46:37.000','192.168.55.1'),
(377,11,'admin','2025-12-27 16:02:30.000','192.168.55.1'),
(378,12,'customer','2025-12-27 16:02:58.000','192.168.55.1'),
(379,1,'admin','2025-12-27 19:18:22.000','192.168.55.1'),
(380,1,'admin','2025-12-27 19:36:10.000','192.168.55.1'),
(381,1,'admin','2025-12-27 20:51:52.000','192.168.55.1'),
(382,1,'admin','2025-12-27 21:54:54.000','192.168.55.245'),
(383,1,'admin','2025-12-27 22:08:06.000','192.168.55.245'),
(384,11,'admin','2025-12-27 22:45:53.000','192.168.55.1'),
(385,11,'admin','2025-12-27 22:46:52.000','192.168.55.1'),
(386,11,'admin','2025-12-27 22:49:17.000','192.168.55.1'),
(387,11,'admin','2025-12-27 22:51:22.000','192.168.55.1'),
(388,11,'admin','2025-12-27 22:52:23.000','192.168.55.1'),
(389,11,'admin','2025-12-27 22:52:53.000','192.168.55.1'),
(390,11,'admin','2025-12-27 22:53:29.000','192.168.55.1'),
(391,11,'admin','2025-12-27 22:54:12.000','192.168.55.1'),
(392,11,'admin','2025-12-27 22:54:46.000','192.168.55.1'),
(393,11,'admin','2025-12-27 23:03:44.000','192.168.55.1'),
(394,11,'admin','2025-12-27 23:07:40.000','192.168.55.1'),
(395,12,'customer','2025-12-27 23:10:23.000','192.168.55.1'),
(396,12,'customer','2025-12-27 23:17:06.000','192.168.55.1');

DROP TABLE IF EXISTS `orders`;
CREATE TABLE `orders` (
  `id` int(11) NOT NULL AUTO_INCREMENT,
  `order_number` varchar(20) NOT NULL,
  `user_id` int(11) NOT NULL,
  `store_id` int(11) NOT NULL,
  `rider_id` int(11) DEFAULT NULL,
  `total_amount` decimal(10,2) NOT NULL,
  `delivery_fee` decimal(5,2) DEFAULT 2.99,
  `status` enum('pending','confirmed','preparing','ready','out_for_delivery','delivered','cancelled') DEFAULT 'pending',
  `rider_location` text DEFAULT NULL,
  `estimated_delivery_time` timestamp NOT NULL DEFAULT current_timestamp() ON UPDATE current_timestamp(),
  `payment_method` enum('card','cash','wallet') NOT NULL,
  `payment_status` enum('pending','paid','failed') DEFAULT 'pending',
  `delivery_address` text NOT NULL,
  `delivery_time` varchar(50) DEFAULT NULL,
  `special_instructions` text DEFAULT NULL,
  `created_at` timestamp NOT NULL DEFAULT current_timestamp(),
  `updated_at` timestamp NOT NULL DEFAULT current_timestamp() ON UPDATE current_timestamp(),
  `payment_gateway` enum('stripe','paypal','local') DEFAULT 'stripe',
  `transaction_id` varchar(255) DEFAULT NULL,
  PRIMARY KEY (`id`),
  UNIQUE KEY `order_number` (`order_number`),
  KEY `rider_id` (`rider_id`),
  KEY `idx_orders_user_id` (`user_id`),
  KEY `idx_orders_store_id` (`store_id`),
  KEY `idx_orders_payment_status` (`payment_status`),
  KEY `idx_orders_created_at` (`created_at`),
  KEY `idx_orders_store_status` (`store_id`,`status`),
  KEY `idx_transaction_id` (`transaction_id`),
  CONSTRAINT `orders_ibfk_1` FOREIGN KEY (`user_id`) REFERENCES `users` (`id`) ON DELETE CASCADE,
  CONSTRAINT `orders_ibfk_2` FOREIGN KEY (`store_id`) REFERENCES `stores` (`id`) ON DELETE CASCADE,
  CONSTRAINT `orders_ibfk_3` FOREIGN KEY (`rider_id`) REFERENCES `riders` (`id`) ON DELETE SET NULL
) ENGINE=InnoDB AUTO_INCREMENT=25 DEFAULT CHARSET=utf8mb4 COLLATE=utf8mb4_general_ci;

INSERT INTO `orders` (`id`, `order_number`, `user_id`, `store_id`, `rider_id`, `total_amount`, `delivery_fee`, `status`, `rider_location`, `estimated_delivery_time`, `payment_method`, `payment_status`, `delivery_address`, `delivery_time`, `special_instructions`, `created_at`, `updated_at`, `payment_gateway`, `transaction_id`) VALUES
(14,'ORD1765839117875277',12,32,1,'722.99','2.99','delivered','Delivered to customer','2025-12-16 03:53:35.000','cash','pending','25-B','1hour','Call First','2025-12-16 03:51:57.000','2025-12-16 03:53:35.000','stripe',NULL),
(20,'ORD1766083978016871',12,23,1,'9402.99','2.99','delivered','Delivered to customer','2025-12-19 13:19:48.000','cash','paid','83, The Mall, Lahore','1hour',NULL,'2025-12-18 23:52:58.000','2025-12-19 13:19:48.000','stripe',NULL),
(21,'ORD1766086088861479',12,23,1,'4702.99','2.99','out_for_delivery',NULL,'2025-12-23 10:22:47.000','cash','pending','25-B','as soon as possible','Do Ring Door  Bell Only Call','2025-12-19 00:28:08.000','2025-12-23 09:52:47.000','stripe',NULL),
(22,'ORD1766122751522993',12,27,1,'72.99','2.99','delivered','Delivered to customer','2025-12-23 09:53:31.000','cash','paid','33','50','Bell','2025-12-19 10:39:11.000','2025-12-23 09:53:31.000','stripe',NULL),
(23,'ORD1766144707127722',12,32,1,'422.99','2.99','delivered','Delivered to customer','2025-12-19 16:48:22.000','cash','paid','aziz avenue','40','only call','2025-12-19 16:45:07.000','2025-12-19 16:48:22.000','stripe',NULL),
(24,'ORD1766612913734856',12,76,NULL,'142.99','2.99','pending',NULL,'2025-12-25 02:48:33.000','wallet','pending','83, The Mall, Lahore','2hours',NULL,'2025-12-25 02:48:33.000','2025-12-25 02:48:33.000','stripe',NULL);

DROP TABLE IF EXISTS `order_items`;
CREATE TABLE `order_items` (
  `id` int(11) NOT NULL AUTO_INCREMENT,
  `order_id` int(11) NOT NULL,
  `product_id` int(11) NOT NULL,
  `quantity` int(11) NOT NULL,
  `price` decimal(10,2) NOT NULL,
  `created_at` timestamp NOT NULL DEFAULT current_timestamp(),
  `size_id` int(11) DEFAULT NULL,
  `unit_id` int(11) DEFAULT NULL,
  `variant_label` varchar(255) DEFAULT NULL,
  PRIMARY KEY (`id`),
  KEY `product_id` (`product_id`),
  KEY `idx_order_items_order_id` (`order_id`),
  CONSTRAINT `order_items_ibfk_1` FOREIGN KEY (`order_id`) REFERENCES `orders` (`id`) ON DELETE CASCADE,
  CONSTRAINT `order_items_ibfk_2` FOREIGN KEY (`product_id`) REFERENCES `products` (`id`) ON DELETE CASCADE
) ENGINE=InnoDB AUTO_INCREMENT=42 DEFAULT CHARSET=utf8mb4 COLLATE=utf8mb4_general_ci;

INSERT INTO `order_items` (`id`, `order_id`, `product_id`, `quantity`, `price`, `created_at`, `size_id`, `unit_id`, `variant_label`) VALUES
(23,14,75,1,'130.00','2025-12-16 03:51:57.000',NULL,NULL,NULL),
(24,14,73,2,'130.00','2025-12-16 03:51:57.000',NULL,NULL,NULL),
(25,14,59,1,'140.00','2025-12-16 03:51:57.000',NULL,NULL,NULL),
(26,14,67,1,'40.00','2025-12-16 03:51:57.000',NULL,NULL,NULL),
(27,14,60,1,'150.00','2025-12-16 03:51:57.000',NULL,NULL,NULL),
(28,20,123,1,'1100.00','2025-12-18 23:52:58.000',NULL,NULL,NULL),
(29,20,119,1,'1700.00','2025-12-18 23:52:58.000',NULL,NULL,NULL),
(30,20,120,1,'900.00','2025-12-18 23:52:58.000',NULL,NULL,NULL),
(31,20,55,1,'1600.00','2025-12-18 23:52:58.000',NULL,NULL,NULL),
(32,20,118,1,'900.00','2025-12-18 23:52:58.000',NULL,NULL,NULL),
(33,20,121,1,'1100.00','2025-12-18 23:52:58.000',NULL,NULL,NULL),
(34,20,122,1,'2100.00','2025-12-18 23:52:58.000',NULL,NULL,NULL),
(35,21,55,1,'1600.00','2025-12-19 00:28:08.000',NULL,NULL,NULL),
(36,21,121,2,'1100.00','2025-12-19 00:28:08.000',NULL,NULL,NULL),
(37,21,118,1,'900.00','2025-12-19 00:28:08.000',NULL,NULL,NULL),
(38,22,56,1,'70.00','2025-12-19 10:39:11.000',NULL,NULL,NULL),
(39,23,74,1,'210.00','2025-12-19 16:45:07.000',NULL,NULL,NULL),
(40,23,72,1,'210.00','2025-12-19 16:45:07.000',NULL,NULL,NULL),
(41,24,313,1,'140.00','2025-12-25 02:48:33.000',NULL,NULL,NULL);

DROP TABLE IF EXISTS `payments`;
CREATE TABLE `payments` (
  `id` int(11) NOT NULL AUTO_INCREMENT,
  `order_id` int(11) NOT NULL,
  `user_id` int(11) NOT NULL,
  `amount` decimal(10,2) NOT NULL,
  `payment_method` enum('card','wallet','cash') NOT NULL,
  `gateway` enum('stripe','paypal','local') DEFAULT 'stripe',
  `transaction_id` varchar(255) DEFAULT NULL,
  `status` enum('pending','success','failed','refunded') DEFAULT 'pending',
  `error_message` text DEFAULT NULL,
  `metadata` longtext CHARACTER SET utf8mb4 COLLATE utf8mb4_bin DEFAULT NULL CHECK (json_valid(`metadata`)),
  `created_at` timestamp NOT NULL DEFAULT current_timestamp(),
  `updated_at` timestamp NOT NULL DEFAULT current_timestamp() ON UPDATE current_timestamp(),
  PRIMARY KEY (`id`),
  UNIQUE KEY `transaction_id` (`transaction_id`),
  KEY `idx_order_id` (`order_id`),
  KEY `idx_user_id` (`user_id`),
  KEY `idx_transaction_id` (`transaction_id`),
  KEY `idx_status` (`status`),
  KEY `idx_created_at` (`created_at`),
  CONSTRAINT `payments_ibfk_1` FOREIGN KEY (`order_id`) REFERENCES `orders` (`id`) ON DELETE CASCADE,
  CONSTRAINT `payments_ibfk_2` FOREIGN KEY (`user_id`) REFERENCES `users` (`id`) ON DELETE CASCADE
) ENGINE=InnoDB DEFAULT CHARSET=utf8mb4 COLLATE=utf8mb4_general_ci;

DROP TABLE IF EXISTS `products`;
CREATE TABLE `products` (
  `id` int(11) NOT NULL AUTO_INCREMENT,
  `name` varchar(100) NOT NULL,
  `description` text DEFAULT NULL,
  `price` decimal(10,2) NOT NULL,
  `image_url` varchar(255) DEFAULT NULL,
  `category_id` int(11) DEFAULT NULL,
  `store_id` int(11) NOT NULL,
  `stock_quantity` int(11) DEFAULT 0,
  `is_available` tinyint(1) DEFAULT 1,
  `created_at` timestamp NOT NULL DEFAULT current_timestamp(),
  `updated_at` timestamp NOT NULL DEFAULT current_timestamp() ON UPDATE current_timestamp(),
  `image_bg_r` int(11) DEFAULT NULL,
  `image_bg_g` int(11) DEFAULT NULL,
  `image_bg_b` int(11) DEFAULT NULL,
  `image_overlay_alpha` decimal(4,3) DEFAULT NULL,
  `image_contrast` varchar(7) DEFAULT NULL,
  `unit_id` int(11) DEFAULT NULL,
  `size_id` int(11) DEFAULT NULL,
  `item_id` int(11) DEFAULT NULL,
  `cost_price` decimal(10,2) DEFAULT NULL,
  PRIMARY KEY (`id`),
  KEY `idx_products_store_id` (`store_id`),
  KEY `idx_products_category_id` (`category_id`),
  KEY `fk_products_unit` (`unit_id`),
  KEY `fk_products_size` (`size_id`),
  KEY `idx_products_available` (`is_available`),
  KEY `idx_products_stock` (`stock_quantity`),
  CONSTRAINT `fk_products_size` FOREIGN KEY (`size_id`) REFERENCES `sizes` (`id`) ON DELETE SET NULL,
  CONSTRAINT `fk_products_unit` FOREIGN KEY (`unit_id`) REFERENCES `units` (`id`) ON DELETE SET NULL,
  CONSTRAINT `products_ibfk_1` FOREIGN KEY (`category_id`) REFERENCES `categories` (`id`) ON DELETE SET NULL,
  CONSTRAINT `products_ibfk_2` FOREIGN KEY (`store_id`) REFERENCES `stores` (`id`) ON DELETE CASCADE
) ENGINE=InnoDB AUTO_INCREMENT=646 DEFAULT CHARSET=utf8mb4 COLLATE=utf8mb4_general_ci;

INSERT INTO `products` (`id`, `name`, `description`, `price`, `image_url`, `category_id`, `store_id`, `stock_quantity`, `is_available`, `created_at`, `updated_at`, `image_bg_r`, `image_bg_g`, `image_bg_b`, `image_overlay_alpha`, `image_contrast`, `unit_id`, `size_id`, `item_id`, `cost_price`) VALUES
(55,'Chicken Karahi','dfds','1600.00','/uploads/upload_1765741997545_194.jpg',87,23,50,0,'2025-12-15 00:53:17.000','2025-12-24 20:18:33.000',NULL,NULL,NULL,NULL,NULL,1,NULL,NULL,'1600.00'),
(56,'panadol','110%','70.00','/uploads/upload_1765777195506_369.jfif',60,27,200,1,'2025-12-15 10:39:55.000','2025-12-17 04:32:42.000',NULL,NULL,NULL,NULL,NULL,31,15,NULL,NULL),
(57,'Chicken Karahi','dfds','160.00','/uploads/upload_1765889529665_107.jfif',60,27,10,0,'2025-12-15 18:59:01.000','2025-12-16 17:56:02.000',NULL,NULL,NULL,NULL,NULL,1,NULL,NULL,NULL),
(58,'Chicken Karahi','','450.00','/uploads/upload_1765823619794_770.jpg',87,30,1000,0,'2025-12-15 23:33:40.000','2025-12-24 15:11:12.000',NULL,NULL,NULL,NULL,NULL,1,NULL,NULL,'450.00'),
(59,'Sada Shami Burger','','140.00','/uploads/upload_1765825894066_520.jpg',76,31,1000,1,'2025-12-16 00:11:34.000','2025-12-24 18:22:13.000',NULL,NULL,NULL,NULL,NULL,NULL,23,NULL,'140.00'),
(60,'Anda Shami Burger','','150.00','/uploads/upload_1765826025751_82.jpg',76,31,1000,1,'2025-12-16 00:13:46.000','2025-12-24 18:14:09.000',NULL,NULL,NULL,NULL,NULL,NULL,NULL,NULL,'150.00'),
(61,'Chicken Anda Shami Burger','','210.00','/uploads/upload_1765826164853_85.jpg',76,31,1000,1,'2025-12-16 00:16:05.000','2025-12-24 18:19:21.000',NULL,NULL,NULL,NULL,NULL,NULL,23,NULL,'210.00'),
(62,'Chicken Tower Burger','','240.00','/uploads/upload_1765826421013_108.jpg',76,31,1000,1,'2025-12-16 00:20:21.000','2025-12-24 18:20:34.000',NULL,NULL,NULL,NULL,NULL,NULL,23,NULL,'240.00'),
(63,'King Special shawarma','','140.00','/uploads/upload_1765826556470_493.jpg',81,31,1000,1,'2025-12-16 00:22:36.000','2025-12-18 11:59:23.000',NULL,NULL,NULL,NULL,NULL,NULL,19,NULL,NULL),
(64,'zinger Burger','','310.00','/uploads/upload_1765826722235_468.webp',76,31,1000,1,'2025-12-16 00:25:22.000','2025-12-24 18:22:46.000',NULL,NULL,NULL,NULL,NULL,NULL,23,NULL,'310.00'),
(65,'Zinger Shawarma','','260.00','/uploads/upload_1765826855025_265.jpg',81,31,1000,1,'2025-12-16 00:27:35.000','2025-12-18 12:04:27.000',NULL,NULL,NULL,NULL,NULL,NULL,24,NULL,NULL),
(66,'Crispy Thai Piece','','200.00','/uploads/upload_1765827113102_289.jpg',76,31,1000,1,'2025-12-16 00:31:53.000','2025-12-24 18:21:09.000',NULL,NULL,NULL,NULL,NULL,NULL,23,NULL,'200.00'),
(67,'Alo Wala Samosa','','40.00','/uploads/upload_1765827517709_493.jpg',98,33,2001,1,'2025-12-16 00:38:38.000','2025-12-22 03:10:05.000',NULL,NULL,NULL,NULL,NULL,NULL,23,NULL,NULL),
(68,'Qeema Wala Samosa','','40.00','/uploads/upload_1765827651859_937.jpg',98,33,1000,1,'2025-12-16 00:40:52.000','2025-12-20 10:13:37.000',NULL,NULL,NULL,NULL,NULL,NULL,23,NULL,NULL),
(69,'Roll Fry','','70.00','/uploads/upload_1765827762209_127.jpg',NULL,33,1000,1,'2025-12-16 00:42:42.000','2025-12-18 12:02:06.000',NULL,NULL,NULL,NULL,NULL,NULL,23,NULL,NULL),
(70,'Chicken Shami','','40.00','/uploads/upload_1765827856112_796.jpg',98,33,1000,1,'2025-12-16 00:44:16.000','2025-12-20 10:12:04.000',NULL,NULL,NULL,NULL,NULL,NULL,23,NULL,NULL),
(71,'Sandwich','','70.00','/uploads/upload_1765827976903_299.jpg',98,33,1000,1,'2025-12-16 00:46:17.000','2025-12-20 10:14:51.000',NULL,NULL,NULL,NULL,NULL,NULL,24,NULL,NULL),
(72,'Chicken Biryani','','210.00','/uploads/upload_1765828178489_570.jpg',62,32,1000,1,'2025-12-16 00:49:38.000','2025-12-18 11:50:54.000',NULL,NULL,NULL,NULL,NULL,NULL,31,NULL,NULL),
(73,'Simple Biryani','','130.00','/uploads/upload_1765828283336_476.jpg',62,32,1000,1,'2025-12-16 00:51:23.000','2025-12-18 12:03:24.000',NULL,NULL,NULL,NULL,NULL,NULL,31,NULL,NULL),
(74,'Beef Pulao','','210.00','/uploads/upload_1765828363904_532.jpg',62,32,200,1,'2025-12-16 00:52:44.000','2025-12-18 11:56:58.000',NULL,NULL,NULL,NULL,NULL,NULL,31,NULL,NULL),
(75,'Simple Pulao','','130.00','/uploads/upload_1765828506409_0.jpg',62,32,1000,1,'2025-12-16 00:55:06.000','2025-12-18 12:00:28.000',NULL,NULL,NULL,NULL,NULL,NULL,31,NULL,NULL),
(78,'Special Cup','','200.00','/uploads/upload_1765999234537_417.webp',63,29,2000,1,'2025-12-18 00:20:34.000','2025-12-18 00:20:34.000',NULL,NULL,NULL,NULL,NULL,NULL,24,NULL,NULL),
(79,'Ice Cream Cup','','150.00','/uploads/upload_1765999668065_719.jpg',63,29,1000,1,'2025-12-18 00:27:48.000','2025-12-18 00:27:48.000',NULL,NULL,NULL,NULL,NULL,NULL,20,NULL,NULL),
(80,'Medium Cup','Cold','100.00','/uploads/upload_1765999759881_215.jpg',63,29,1000,1,'2025-12-18 00:29:20.000','2025-12-18 00:29:20.000',NULL,NULL,NULL,NULL,NULL,NULL,19,NULL,NULL),
(81,'Small Cup','Cold','80.00','/uploads/upload_1765999816914_552.jpg',63,29,1000,1,'2025-12-18 00:30:17.000','2025-12-18 00:30:17.000',NULL,NULL,NULL,NULL,NULL,NULL,15,NULL,NULL),
(82,'Simple Ice Cream Cup','Cold','50.00','/uploads/upload_1765999889534_183.jpg',63,29,1000,1,'2025-12-18 00:31:29.000','2025-12-18 00:31:29.000',NULL,NULL,NULL,NULL,NULL,NULL,24,NULL,NULL),
(83,'Special Kujja Ice Cream','Cold','200.00','/uploads/upload_1766000194054_105.jpg',63,29,1000,1,'2025-12-18 00:36:34.000','2025-12-18 01:13:34.000',NULL,NULL,NULL,NULL,NULL,NULL,24,NULL,NULL),
(84,'Medium Kujja Ice Cream','Cold','150.00','/uploads/upload_1766000251621_460.jpg',63,29,1000,1,'2025-12-18 00:37:31.000','2025-12-18 00:37:31.000',NULL,NULL,NULL,NULL,NULL,NULL,NULL,NULL,NULL),
(85,'Family Pack Ice Cream','Cold','800.00','/uploads/upload_1766000506333_406.jpg',63,29,1000,1,'2025-12-18 00:41:46.000','2025-12-18 00:44:57.000',NULL,NULL,NULL,NULL,NULL,NULL,35,NULL,NULL),
(86,'Family Pack Ice Cream','Cold','400.00','/uploads/upload_1766000814117_891.jpg',63,29,1000,1,'2025-12-18 00:46:54.000','2025-12-18 00:46:54.000',NULL,NULL,NULL,NULL,NULL,NULL,34,NULL,NULL),
(87,'Tikka Chest Piece','Tasty','250.00','/uploads/upload_1766001686425_473.jpg',78,36,1000,1,'2025-12-18 00:58:34.000','2025-12-18 01:01:26.000',NULL,NULL,NULL,NULL,NULL,NULL,24,NULL,NULL),
(88,'Tikka Leg Piece','Tasty','200.00','/uploads/upload_1766001654450_191.jpg',78,36,1000,1,'2025-12-18 01:00:54.000','2025-12-18 01:00:54.000',NULL,NULL,NULL,NULL,NULL,NULL,23,NULL,NULL),
(89,'Tikka Boti','Tasty','100.00','/uploads/upload_1766001859782_623.jpg',78,36,1000,1,'2025-12-18 01:04:20.000','2025-12-18 01:04:20.000',NULL,NULL,NULL,NULL,NULL,NULL,37,NULL,NULL),
(90,'Grill Fish','Tasty','1400.00','/uploads/upload_1766001964041_845.jpg',78,36,1000,0,'2025-12-18 01:06:04.000','2025-12-24 15:03:09.000',NULL,NULL,NULL,NULL,NULL,1,23,NULL,NULL),
(91,'Grill Fresh','Tasty','700.00','/uploads/upload_1766002091948_450.jpg',78,36,1000,1,'2025-12-18 01:08:12.000','2025-12-18 01:08:12.000',NULL,NULL,NULL,NULL,NULL,NULL,NULL,NULL,NULL),
(92,'Beef Seekh Kabab','Tasty','70.00','/uploads/upload_1766002202070_115.jpg',78,36,1000,1,'2025-12-18 01:10:02.000','2025-12-18 01:10:02.000',NULL,NULL,NULL,NULL,NULL,NULL,37,NULL,NULL),
(93,'Fry Fish','Tasty','1250.00','/uploads/upload_1766002389506_227.jpg',78,36,1000,0,'2025-12-18 01:13:09.000','2025-12-24 15:02:30.000',NULL,NULL,NULL,NULL,NULL,1,24,NULL,NULL),
(94,'Fry Fish','Tasty','650.00','/uploads/upload_1766002564944_31.jpg',78,36,1000,1,'2025-12-18 01:16:05.000','2025-12-18 01:16:05.000',NULL,NULL,NULL,NULL,NULL,NULL,NULL,NULL,NULL),
(95,'Kaleji Fry','Tasty','40.00','/uploads/upload_1766002671015_107.jpg',78,36,1000,1,'2025-12-18 01:17:51.000','2025-12-18 01:17:51.000',NULL,NULL,NULL,NULL,NULL,NULL,23,NULL,NULL),
(96,'Pota Fry','Tasty','30.00','/uploads/upload_1766002855337_821.jpg',78,36,1000,1,'2025-12-18 01:20:55.000','2025-12-18 01:20:55.000',NULL,NULL,NULL,NULL,NULL,NULL,24,NULL,NULL),
(97,'Neck Fry','Tasty','60.00','/uploads/upload_1766002995784_43.avif',78,36,1000,1,'2025-12-18 01:23:16.000','2025-12-18 01:23:16.000',NULL,NULL,NULL,NULL,NULL,NULL,24,NULL,NULL),
(98,'Tikki Kabab','Tasty','25.00','/uploads/upload_1766003359372_740.jpg',78,36,1000,1,'2025-12-18 01:29:19.000','2025-12-18 01:29:19.000',NULL,NULL,NULL,NULL,NULL,NULL,23,NULL,NULL),
(99,'Shami Kabab','Tasty','30.00','/uploads/upload_1766003414953_186.jpg',78,36,1000,1,'2025-12-18 01:30:15.000','2025-12-18 01:30:15.000',NULL,NULL,NULL,NULL,NULL,NULL,24,NULL,NULL),
(100,'Roti','','12.00','/uploads/upload_1766003502759_587.jpg',78,36,1000,1,'2025-12-18 01:31:43.000','2025-12-18 01:31:43.000',NULL,NULL,NULL,NULL,NULL,NULL,NULL,NULL,NULL),
(101,'Chicken Karahi','Tasty','450.00','/uploads/upload_1766042098034_329.jpg',87,30,1000,1,'2025-12-18 12:14:58.000','2025-12-24 15:11:44.000',NULL,NULL,NULL,NULL,NULL,33,NULL,NULL,'450.00'),
(102,'Chicken Kali Mirchi Karahi','Tasty','700.00','/uploads/upload_1766042242657_878.jpg',87,30,1000,1,'2025-12-18 12:17:23.000','2025-12-24 15:10:44.000',NULL,NULL,NULL,NULL,NULL,NULL,NULL,NULL,'700.00'),
(103,'Chicken Hari Mirchi Karahi','Tasty','700.00','/uploads/upload_1766042491455_910.jpg',87,30,1000,1,'2025-12-18 12:21:31.000','2025-12-24 15:10:17.000',NULL,NULL,NULL,NULL,NULL,36,NULL,NULL,'700.00'),
(104,'Kabab Gravy','Tasty','150.00','/uploads/upload_1766042655942_436.jpg',87,30,1000,1,'2025-12-18 12:24:16.000','2025-12-24 15:20:55.000',NULL,NULL,NULL,NULL,NULL,NULL,NULL,NULL,'150.00'),
(105,'Tikka Gravy','Tasty','200.00','/uploads/upload_1766042783070_434.jpg',87,30,1000,1,'2025-12-18 12:26:23.000','2025-12-24 15:23:13.000',NULL,NULL,NULL,NULL,NULL,NULL,NULL,NULL,'200.00'),
(106,'Tawa Leg Piece','Tasty','300.00','/uploads/upload_1766043066164_504.jpg',87,30,1000,1,'2025-12-18 12:31:06.000','2025-12-20 10:11:41.000',NULL,NULL,NULL,NULL,NULL,NULL,23,NULL,NULL),
(107,'Tawa Chest Piece','Tasty','350.00','/uploads/upload_1766043131308_994.png',87,30,1000,1,'2025-12-18 12:32:11.000','2025-12-20 10:15:13.000',NULL,NULL,NULL,NULL,NULL,NULL,23,NULL,NULL),
(108,'Tikka Leg Piece','Tasty','300.00','/uploads/upload_1766043207763_216.png',87,30,1000,1,'2025-12-18 12:33:28.000','2025-12-24 15:23:43.000',NULL,NULL,NULL,NULL,NULL,NULL,NULL,NULL,'300.00'),
(109,'Tikka Chest Piece','Tasty','350.00','/uploads/upload_1766043273581_661.jpg',87,30,1000,1,'2025-12-18 12:34:33.000','2025-12-24 15:22:43.000',NULL,NULL,NULL,NULL,NULL,NULL,NULL,NULL,'350.00'),
(110,'Tikka Boti Seekh','Tasty','150.00','/uploads/upload_1766043381573_245.jpg',87,30,1000,1,'2025-12-18 12:36:21.000','2025-12-24 15:22:15.000',NULL,NULL,NULL,NULL,NULL,NULL,NULL,NULL,'150.00'),
(111,'Chicken Kabab Seekh','Tasty','100.00','/uploads/upload_1766043558948_710.jpg',87,30,1000,1,'2025-12-18 12:39:27.000','2025-12-24 20:16:49.000',NULL,NULL,NULL,NULL,NULL,NULL,NULL,NULL,'100.00'),
(112,'Chicken Kabab Seekh','Tasty','100.00','/uploads/upload_1766043561810_969.jpg',87,30,1000,1,'2025-12-18 12:39:27.000','2025-12-24 15:20:19.000',NULL,NULL,NULL,NULL,NULL,NULL,NULL,NULL,'100.00'),
(113,'Chicken Kabab Seekh','Tasty','100.00','/uploads/upload_1766043558747_174.jpg',78,30,1000,1,'2025-12-18 12:39:27.000','2025-12-24 20:17:02.000',NULL,NULL,NULL,NULL,NULL,NULL,37,NULL,NULL),
(114,'Chicken Kabab Seekh','Tasty','100.00','/uploads/upload_1766043567691_881.jpg',78,30,1000,1,'2025-12-18 12:39:28.000','2025-12-24 20:17:04.000',NULL,NULL,NULL,NULL,NULL,NULL,37,NULL,NULL),
(115,'Anda Shami','Tasty','150.00','/uploads/upload_1766043707713_163.jpg',87,30,1000,1,'2025-12-18 12:41:48.000','2025-12-20 10:12:50.000',NULL,NULL,NULL,NULL,NULL,NULL,23,NULL,NULL),
(116,'Masala Roti','Hot','40.00','/uploads/upload_1766043915671_283.jpg',87,30,1000,1,'2025-12-18 12:45:16.000','2025-12-20 10:13:57.000',NULL,NULL,NULL,NULL,NULL,NULL,24,NULL,NULL),
(117,'Roti','Hot','15.00','/uploads/upload_1766044262710_522.jpg',87,30,1000,1,'2025-12-18 12:51:03.000','2025-12-24 15:21:42.000',NULL,NULL,NULL,NULL,NULL,NULL,NULL,NULL,'15.00'),
(118,'Chicken Karahi','Tasty','900.00','/uploads/upload_1766044411546_284.jpg',87,23,500,0,'2025-12-18 12:53:31.000','2025-12-24 20:18:33.000',NULL,NULL,NULL,NULL,NULL,36,NULL,NULL,'900.00'),
(119,'Chicken Hari Mirchi Karahi','','1700.00','/uploads/upload_1766072861602_338.webp',87,23,1000,0,'2025-12-18 20:47:42.000','2025-12-24 20:15:43.000',NULL,NULL,NULL,NULL,NULL,1,NULL,NULL,'1700.00'),
(120,'Chicken Hari Mirchi Karahi','','900.00','/uploads/upload_1766072866525_263.webp',87,23,1000,0,'2025-12-18 20:47:47.000','2025-12-24 20:15:43.000',NULL,NULL,NULL,NULL,NULL,36,NULL,NULL,'900.00'),
(121,'Chicken White Handi','','1100.00','/uploads/upload_1766074154655_770.jfif',87,23,1000,0,'2025-12-18 21:09:15.000','2025-12-24 20:15:40.000',NULL,NULL,NULL,NULL,NULL,36,NULL,NULL,'1100.00'),
(122,'Chicken White Handi','','2100.00','/uploads/upload_1766075710143_67.jfif',87,23,1000,0,'2025-12-18 21:35:10.000','2025-12-24 20:15:39.000',NULL,NULL,NULL,NULL,NULL,1,NULL,NULL,'2100.00'),
(123,'Chicken Afghani Handi','','1100.00','/uploads/upload_1766076720573_451.jfif',87,23,1000,0,'2025-12-18 21:52:01.000','2025-12-24 20:14:42.000',NULL,NULL,NULL,NULL,NULL,36,NULL,NULL,'1100.00'),
(124,'Milk','Fresh','170.00','/uploads/upload_1766205581588_29.jpg',97,38,2000,1,'2025-12-20 09:39:41.000','2025-12-20 09:39:41.000',113,171,214,'0.450','#111',32,NULL,NULL,NULL),
(125,'Yougurt','Fresh','220.00','/uploads/upload_1766205717301_457.jpg',97,38,2000,1,'2025-12-20 09:41:57.000','2025-12-20 09:41:57.000',199,180,166,'0.450','#111',1,NULL,NULL,NULL),
(126,'Dahi Bhalle','Chat Patta Taste','50.00','/uploads/upload_1766208037436_781.jpg',98,33,2000,1,'2025-12-20 10:20:38.000','2025-12-20 10:21:51.000',107,94,73,'0.200','#fff',NULL,42,NULL,NULL),
(127,'Dahi Bhalle','Chata Patta Taste','90.00','/uploads/upload_1766208235120_309.jpg',98,33,2000,0,'2025-12-20 10:23:55.000','2025-12-24 16:45:08.000',107,94,73,'0.200','#fff',NULL,44,NULL,NULL),
(128,'Dahi Bhalle','Chat Patta Taste','110.00','/uploads/upload_1766208309292_844.jpg',98,33,2000,0,'2025-12-20 10:25:09.000','2025-12-24 16:46:01.000',107,94,73,'0.200','#fff',NULL,45,NULL,NULL),
(129,'CostPrice Test Product','hh','90.00','/uploads/upload_1766354370618_202.png',63,44,5,0,'2025-12-22 02:57:08.000','2025-12-24 15:00:03.000',60,98,134,'0.200','#fff',32,NULL,NULL,'100.00'),
(130,'Chicken Karahi','Tasty','230.00','/uploads/upload_1766397674301_691.jpg',87,77,0,1,'2025-12-22 15:01:14.000','2025-12-22 15:01:14.000',173,123,81,'0.320','#111',1,23,NULL,'200.00'),
(131,'__tmp_price_test_1766429558426','','100.00',NULL,NULL,44,0,0,'2025-12-22 23:52:38.000','2025-12-22 23:52:38.000',NULL,NULL,NULL,NULL,NULL,NULL,NULL,NULL,'90.00'),
(132,'Coke','hhhh','100.00','/uploads/upload_1766438700366_377.avif',73,27,5,0,'2025-12-23 02:25:02.000','2025-12-24 18:39:40.000',236,229,228,'0.550','#111',NULL,NULL,NULL,'100.00'),
(133,'Variant Unit Test 1766441742704','test','123.45',NULL,NULL,44,1,0,'2025-12-23 03:15:42.000','2025-12-23 03:17:49.000',NULL,NULL,NULL,NULL,NULL,NULL,NULL,NULL,'123.45'),
(134,'test sizes','test sizes','255.00','/uploads/upload_1766446363860_843.avif',NULL,44,100,0,'2025-12-23 04:32:45.000','2025-12-24 17:13:25.000',236,229,228,'0.550','#111',NULL,NULL,NULL,'229.50'),
(135,'Phulki  Chana','Tasty','60.00','/uploads/upload_1766472040632_766.jpg',79,37,2000,1,'2025-12-23 11:40:41.000','2025-12-24 18:53:09.000',100,87,72,'0.200','#fff',NULL,NULL,NULL,'60.00'),
(136,'Chana','Tasty','70.00','/uploads/upload_1766472329720_740.jpg',79,37,2000,1,'2025-12-23 11:45:30.000','2025-12-24 18:51:02.000',160,134,85,'0.320','#111',NULL,NULL,NULL,'70.00'),
(137,'Dahi Phulki','Tasty','100.00','/uploads/upload_1766472642630_132.jpg',79,37,2000,1,'2025-12-23 11:50:42.000','2025-12-24 18:52:09.000',172,158,133,'0.450','#111',NULL,NULL,NULL,'100.00'),
(138,'Desi Egg','','330.00','/uploads/upload_1766473522315_392.jpg',79,72,2000,1,'2025-12-23 12:05:22.000','2025-12-23 12:05:22.000',229,207,189,'0.550','#111',NULL,NULL,NULL,'330.00'),
(139,'Farmi Egg','','220.00','/uploads/upload_1766473694510_813.jpg',79,72,2000,1,'2025-12-23 12:08:14.000','2025-12-23 12:08:14.000',230,226,222,'0.550','#111',NULL,NULL,NULL,'220.00'),
(140,'Chicken Leg Broast','Tasty','330.00','/uploads/upload_1766474097475_154.png',87,71,2000,1,'2025-12-23 12:14:57.000','2025-12-23 12:14:57.000',210,146,91,'0.450','#111',NULL,NULL,NULL,'330.00'),
(141,'Chicken Chest Broast','Tasty','380.00','/uploads/upload_1766474171798_394.jpg',87,71,2000,1,'2025-12-23 12:16:12.000','2025-12-23 12:16:12.000',193,148,104,'0.450','#111',NULL,NULL,NULL,'380.00'),
(142,'Chicen Chest Broast with Neack','Tasty','400.00','/uploads/upload_1766474235614_428.png',87,71,2000,1,'2025-12-23 12:17:16.000','2025-12-23 12:17:16.000',206,164,132,'0.450','#111',NULL,NULL,NULL,'400.00'),
(143,'Naan','Fresh','25.00','/uploads/upload_1766474288933_444.jpg',87,71,2000,1,'2025-12-23 12:18:09.000','2025-12-23 12:18:09.000',167,128,76,'0.320','#111',NULL,NULL,NULL,'25.00'),
(144,'Roti','Fresh','18.00','/uploads/upload_1766474353893_214.jpg',87,71,2000,1,'2025-12-23 12:19:14.000','2025-12-23 12:19:14.000',135,112,102,'0.320','#fff',NULL,NULL,NULL,'18.00'),
(145,'Zam Zam Special','Fresh & Hot','70.00','/uploads/upload_1766474715871_308.jpg',77,79,2000,1,'2025-12-23 12:22:47.000','2025-12-23 12:25:16.000',178,171,155,'0.450','#111',NULL,NULL,NULL,'70.00'),
(146,'Aloo Anda','Tasty','80.00','/uploads/upload_1766475165381_214.jpg',87,63,2000,1,'2025-12-23 12:32:45.000','2025-12-23 12:32:45.000',175,134,60,'0.320','#111',NULL,NULL,NULL,'80.00'),
(147,'Daal Mong','Tasty','80.00','/uploads/upload_1766475327901_39.jpg',87,63,2000,1,'2025-12-23 12:35:28.000','2025-12-23 12:35:28.000',136,117,72,'0.320','#fff',NULL,NULL,NULL,'80.00'),
(148,'Sabzi','Tasty','80.00','/uploads/upload_1766475454149_168.jpg',87,63,200,1,'2025-12-23 12:37:34.000','2025-12-23 12:37:34.000',199,165,137,'0.450','#111',NULL,NULL,NULL,'80.00'),
(149,'Channa Fry','Tasty','250.00','/uploads/upload_1766475583108_698.jpg',87,63,2000,1,'2025-12-23 12:39:43.000','2025-12-23 12:39:43.000',122,88,53,'0.200','#fff',NULL,NULL,NULL,'250.00'),
(150,'Shahi Daal','Tasty ','400.00','/uploads/upload_1766475682085_945.jpg',87,63,2000,1,'2025-12-23 12:41:22.000','2025-12-23 12:41:22.000',193,177,133,'0.450','#111',NULL,NULL,NULL,'400.00'),
(151,'Channa','Tasty','80.00','/uploads/upload_1766475755188_486.jpg',87,63,2000,1,'2025-12-23 12:42:35.000','2025-12-23 12:42:35.000',160,134,85,'0.320','#111',NULL,NULL,NULL,'80.00'),
(152,'Special Salad','Fresh','50.00','/uploads/upload_1766475966173_655.jpg',87,63,2000,1,'2025-12-23 12:46:06.000','2025-12-23 12:46:06.000',185,165,123,'0.450','#111',NULL,NULL,NULL,'50.00'),
(153,'Special Raita','Fresh','50.00','/uploads/upload_1766476053669_90.webp',87,63,2000,1,'2025-12-23 12:47:34.000','2025-12-23 12:47:34.000',156,155,106,'0.320','#111',NULL,NULL,NULL,'50.00'),
(154,'Naan','Fresh','20.00','/uploads/upload_1766476100665_826.jpg',87,63,2000,1,'2025-12-23 12:48:20.000','2025-12-23 12:48:20.000',167,128,76,'0.320','#111',NULL,NULL,NULL,'20.00'),
(155,'Roti','Fresh','15.00','/uploads/upload_1766476163508_470.jpg',74,37,2000,0,'2025-12-23 12:49:23.000','2025-12-24 16:44:02.000',135,112,102,'0.320','#fff',NULL,NULL,NULL,'15.00'),
(156,'Chargha','Tasty','1120.00','/uploads/upload_1766476398681_367.jpg',87,63,2000,1,'2025-12-23 12:53:19.000','2025-12-23 12:53:19.000',189,122,54,'0.320','#111',NULL,NULL,NULL,'1120.00');
INSERT INTO `products` (`id`, `name`, `description`, `price`, `image_url`, `category_id`, `store_id`, `stock_quantity`, `is_available`, `created_at`, `updated_at`, `image_bg_r`, `image_bg_g`, `image_bg_b`, `image_overlay_alpha`, `image_contrast`, `unit_id`, `size_id`, `item_id`, `cost_price`) VALUES
(157,'Chicen Tikka Broast','Tasty','250.00','/uploads/upload_1766476527477_207.jpg',87,63,2000,1,'2025-12-23 12:55:27.000','2025-12-23 12:55:27.000',159,132,98,'0.320','#111',NULL,NULL,NULL,'250.00'),
(158,'Damra Fish Broast','Tasty','700.00','/uploads/upload_1766476699183_409.jpg',87,63,2000,1,'2025-12-23 12:58:19.000','2025-12-23 12:58:19.000',139,104,80,'0.200','#fff',NULL,NULL,NULL,'700.00'),
(159,'Batera Broast','Tasty','130.00','/uploads/upload_1766476824787_788.jpg',87,63,2000,1,'2025-12-23 13:00:25.000','2025-12-23 13:00:25.000',160,120,84,'0.320','#fff',NULL,NULL,NULL,'130.00'),
(160,'Batera Karahi','Tasty','800.00','/uploads/upload_1766477000581_628.jpg',87,63,2000,1,'2025-12-23 13:03:20.000','2025-12-23 13:03:20.000',144,121,89,'0.320','#fff',NULL,NULL,NULL,'800.00'),
(161,'Chaiken White Handi','Tasty','950.00','/uploads/upload_1766477168970_560.jpg',87,63,2000,1,'2025-12-23 13:06:09.000','2025-12-23 13:06:09.000',146,144,107,'0.320','#111',NULL,NULL,NULL,'950.00'),
(162,'Chicken Karahi','Tasty','425.00','/uploads/upload_1766477322919_995.jpg',87,63,2000,1,'2025-12-23 13:08:43.000','2025-12-24 17:19:06.000',167,134,98,'0.320','#111',NULL,NULL,NULL,'425.00'),
(163,'Chicken Achari','Tasty','900.00','/uploads/upload_1766477589914_154.jpg',87,63,2000,1,'2025-12-23 13:13:10.000','2025-12-23 13:13:10.000',203,177,132,'0.450','#111',NULL,NULL,NULL,'900.00'),
(164,'Chicken Handi','Tasty','850.00','/uploads/upload_1766477761754_44.jpg',87,63,2000,1,'2025-12-23 13:16:02.000','2025-12-23 13:16:02.000',219,172,116,'0.450','#111',NULL,NULL,NULL,'850.00'),
(165,'Chicken Hari Mirch','Tasty','850.00','/uploads/upload_1766483666289_510.jpg',87,63,2000,1,'2025-12-23 14:54:26.000','2025-12-23 14:54:26.000',178,138,62,'0.320','#111',NULL,NULL,NULL,'850.00'),
(166,'Chicken White Karahi','Tasty','480.00','/uploads/upload_1766483814111_318.jpg',87,63,2000,1,'2025-12-23 14:56:54.000','2025-12-23 14:56:54.000',176,137,103,'0.320','#111',NULL,NULL,NULL,'480.00'),
(167,'Chicken Kali Mirch Karahi','Tasty','425.00','/uploads/upload_1766484062042_41.jpg',87,63,2000,1,'2025-12-23 15:01:02.000','2025-12-23 15:01:02.000',147,123,86,'0.320','#fff',NULL,NULL,NULL,'425.00'),
(168,'Chicken Chest Broast','Tasty','380.00','/uploads/upload_1766484134824_527.jpg',87,63,2000,1,'2025-12-23 15:02:15.000','2025-12-24 17:19:56.000',193,148,104,'0.450','#111',NULL,NULL,NULL,'380.00'),
(169,'Chicken Leg Broast','Tasty','330.00','/uploads/upload_1766484197008_408.png',87,63,2000,1,'2025-12-23 15:03:17.000','2025-12-23 15:03:17.000',210,146,91,'0.450','#111',NULL,NULL,NULL,'330.00'),
(170,'Chicken Chest With Neck','Tasty','380.00','/uploads/upload_1766484291552_633.png',87,63,2000,1,'2025-12-23 15:04:52.000','2025-12-23 15:04:52.000',206,164,132,'0.450','#111',NULL,NULL,NULL,'380.00'),
(171,'Chicken Kurma','Tasty','180.00','/uploads/upload_1766484421689_319.webp',87,63,2000,1,'2025-12-23 15:07:02.000','2025-12-23 15:07:02.000',180,108,68,'0.320','#fff',NULL,NULL,NULL,'180.00'),
(172,'Chicken Fried Rice','Tasty','450.00','/uploads/upload_1766484548379_71.jpeg',87,63,2000,1,'2025-12-23 15:09:08.000','2025-12-23 15:09:08.000',176,164,127,'0.450','#111',NULL,NULL,NULL,'450.00'),
(173,'Chicken Drum Stick','Tasty','300.00','/uploads/upload_1766484725188_692.jpg',87,63,2000,1,'2025-12-23 15:12:05.000','2025-12-23 15:12:05.000',133,99,68,'0.200','#fff',NULL,NULL,NULL,'300.00'),
(174,'Daal Mash Fry','tasty','300.00','/uploads/upload_1766484874813_700.jpg',87,63,2000,1,'2025-12-23 15:14:35.000','2025-12-23 15:14:35.000',194,165,82,'0.450','#111',NULL,NULL,NULL,'300.00'),
(175,'Chicken Masala Rice','Tasty','480.00','/uploads/upload_1766485034278_327.jpg',87,63,2000,1,'2025-12-23 15:17:14.000','2025-12-23 15:17:14.000',190,154,93,'0.450','#111',NULL,NULL,NULL,'480.00'),
(176,'Egg Fried Rice','Tasty','450.00','/uploads/upload_1766485358009_920.webp',87,63,2000,1,'2025-12-23 15:22:38.000','2025-12-23 15:22:38.000',214,194,145,'0.550','#111',NULL,NULL,NULL,'450.00'),
(177,'Anda Shami Burger','Tasty','150.00','/uploads/upload_1766485644830_692.jpg',76,73,2000,1,'2025-12-23 15:27:25.000','2025-12-24 18:17:41.000',152,123,86,'0.320','#fff',NULL,NULL,NULL,'150.00'),
(178,'Sada Burger','Tasty','110.00','/uploads/upload_1766486265481_878.jpg',76,73,2000,1,'2025-12-23 15:37:45.000','2025-12-24 18:21:42.000',191,153,106,'0.450','#111',NULL,NULL,NULL,'110.00'),
(179,'Chicken Anda Burger','Tasty','200.00','/uploads/upload_1766486889633_608.jpg',76,73,2000,1,'2025-12-23 15:38:40.000','2025-12-24 18:18:13.000',200,178,127,'0.450','#111',NULL,NULL,NULL,'200.00'),
(180,'Chicken Shawarma','Tasty','130.00','/uploads/upload_1766486415450_788.jpg',81,73,2000,1,'2025-12-23 15:40:15.000','2025-12-24 18:10:59.000',222,194,167,'0.550','#111',NULL,NULL,NULL,'130.00'),
(181,'Chicken Shami','Tasty','30.00','/uploads/upload_1766486535272_294.jpg',76,73,2000,1,'2025-12-23 15:42:15.000','2025-12-24 18:19:55.000',164,135,105,'0.320','#111',NULL,NULL,NULL,'30.00'),
(182,'Anda Lapait Burger','Tasty','170.00','/uploads/upload_1766486700440_297.jpg',76,73,2000,1,'2025-12-23 15:45:00.000','2025-12-24 18:16:26.000',171,142,106,'0.320','#111',NULL,NULL,NULL,'170.00'),
(183,'Dahi Bhalle','Tasty','70.00','/uploads/upload_1766490667936_371.jpg',98,85,2000,1,'2025-12-23 16:51:08.000','2025-12-23 16:51:08.000',107,94,73,'0.200','#fff',NULL,NULL,NULL,'70.00'),
(184,'Alo Wala Samosa','Tasty','50.00','/uploads/upload_1766490794601_31.jpg',98,85,2000,1,'2025-12-23 16:53:14.000','2025-12-23 16:53:14.000',181,145,108,'0.320','#111',NULL,NULL,NULL,'50.00'),
(185,'Qeema Wala Samosa','Tasty','50.00','/uploads/upload_1766490866756_440.jpg',98,85,2000,1,'2025-12-23 16:54:27.000','2025-12-23 16:54:27.000',160,130,101,'0.320','#111',NULL,NULL,NULL,'50.00'),
(186,'Chicken Roll','Tasty','80.00','/uploads/upload_1766490949575_23.jpg',98,85,2000,1,'2025-12-23 16:55:49.000','2025-12-23 16:55:49.000',197,139,69,'0.320','#111',NULL,NULL,NULL,'80.00'),
(187,'Fish Fry','Tasty','700.00','/uploads/upload_1766491491539_71.jpg',69,86,2000,1,'2025-12-23 17:03:45.000','2025-12-23 17:04:52.000',184,132,90,'0.320','#111',NULL,NULL,NULL,'700.00'),
(188,'Chicken Chest Broast','Tasty','320.00','/uploads/upload_1766491608835_860.jpg',76,86,2000,1,'2025-12-23 17:06:49.000','2025-12-23 17:06:49.000',193,148,104,'0.450','#111',NULL,NULL,NULL,'320.00'),
(189,'Chicken Leg Broast','Tasty','280.00','/uploads/upload_1766491694259_848.png',76,86,2000,1,'2025-12-23 17:08:14.000','2025-12-23 17:08:14.000',210,146,91,'0.450','#111',NULL,NULL,NULL,'280.00'),
(190,'Chicken Drum Stick','Tasty','150.00','/uploads/upload_1766491803161_152.jpg',76,86,2000,1,'2025-12-23 17:10:03.000','2025-12-23 17:10:03.000',133,99,68,'0.200','#fff',NULL,NULL,NULL,'150.00'),
(191,'Chicken Zinger Burger','Tasty','280.00','/uploads/upload_1766491947553_511.jpg',76,86,2000,1,'2025-12-23 17:12:27.000','2025-12-23 17:12:27.000',97,70,42,'0.200','#fff',NULL,NULL,NULL,'280.00'),
(192,'Chicken Zinger Shawarma','Tasty','270.00','/uploads/upload_1766492018208_229.jpg',76,86,2000,1,'2025-12-23 17:13:38.000','2025-12-23 17:13:38.000',160,134,115,'0.320','#111',NULL,NULL,NULL,'270.00'),
(193,'Chicken Burger','Tasty','200.00','/uploads/upload_1766492104823_284.jpg',76,86,2000,1,'2025-12-23 17:15:05.000','2025-12-23 17:15:05.000',243,223,194,'0.550','#111',NULL,NULL,NULL,'200.00'),
(194,'Chicken Shawarma','Tasty','150.00','/uploads/upload_1766492154301_784.jpg',76,86,2000,1,'2025-12-23 17:15:54.000','2025-12-23 17:15:54.000',222,194,167,'0.550','#111',NULL,NULL,NULL,'150.00'),
(195,'Anda Shami Burger','Tasty','150.00','/uploads/upload_1766492313123_461.webp',76,86,2000,1,'2025-12-23 17:18:33.000','2025-12-23 17:18:33.000',175,129,73,'0.320','#111',NULL,NULL,NULL,'150.00'),
(196,'Alo Wala Samosa','Tasty','40.00','/uploads/upload_1766492367699_512.jpg',98,86,2000,1,'2025-12-23 17:19:28.000','2025-12-24 16:59:19.000',181,145,108,'0.320','#111',NULL,NULL,NULL,'40.00'),
(197,'Pakora','Tasty','180.00','/uploads/upload_1766492627940_76.jpeg',76,86,2000,1,'2025-12-23 17:23:48.000','2025-12-23 17:23:48.000',156,118,72,'0.320','#fff',NULL,NULL,NULL,'180.00'),
(198,'Pineapple Cake','Fresh ','750.00','/uploads/upload_1766494370172_859.jpg',85,87,2000,1,'2025-12-23 17:52:50.000','2025-12-23 17:52:50.000',183,161,137,'0.450','#111',NULL,NULL,NULL,'750.00'),
(200,'Chocolate cake','Fresh','850.00','/uploads/upload_1766494798690_81.png',85,87,2000,1,'2025-12-23 17:59:59.000','2025-12-23 17:59:59.000',175,150,137,'0.450','#111',NULL,NULL,NULL,'850.00'),
(201,'Pineapple Pastry','Fresh','150.00','/uploads/upload_1766494911566_306.jpg',85,87,2000,1,'2025-12-23 18:01:51.000','2025-12-23 18:01:51.000',97,87,79,'0.200','#fff',NULL,NULL,NULL,'150.00'),
(202,'Biscuit','Fresh','200.00','/uploads/upload_1766570147820_433.jfif',85,87,2000,1,'2025-12-23 18:11:14.000','2025-12-24 14:55:48.000',136,103,69,'0.200','#fff',NULL,NULL,NULL,'200.00'),
(203,'Special Biscuits','Fresh','250.00','/uploads/upload_1766495702110_870.jpg',85,87,2000,1,'2025-12-23 18:15:04.000','2025-12-23 18:15:04.000',185,123,58,'0.320','#111',NULL,NULL,NULL,'250.00'),
(204,'Fruite Cake','Fresh','250.00','/uploads/upload_1766495889127_291.jpg',85,87,2000,1,'2025-12-23 18:18:09.000','2025-12-23 18:18:09.000',184,152,101,'0.450','#111',NULL,NULL,NULL,'250.00'),
(205,'Cake Rusk','Fresh','250.00','/uploads/upload_1766495971746_176.jpg',85,87,2000,1,'2025-12-23 18:19:32.000','2025-12-23 18:19:32.000',193,128,56,'0.320','#111',NULL,NULL,NULL,'250.00'),
(206,'Cake Rusk','Fresh','250.00','/uploads/upload_1766495972455_21.jpg',85,87,2000,1,'2025-12-23 18:19:32.000','2025-12-24 20:16:24.000',193,128,56,'0.320','#111',NULL,NULL,NULL,'250.00'),
(207,'KalaKand','Fresh','300.00','/uploads/upload_1766496204170_520.jpg',85,87,2000,1,'2025-12-23 18:23:24.000','2025-12-23 18:54:33.000',123,110,86,'0.200','#fff',NULL,NULL,NULL,'300.00'),
(208,'Rusk Candy Biscuit','Fresh','150.00','/uploads/upload_1766496364433_232.jpg',85,87,2000,1,'2025-12-23 18:26:04.000','2025-12-23 18:26:04.000',207,176,150,'0.450','#111',NULL,NULL,NULL,'150.00'),
(209,'Special methai','Fresh','200.00','/uploads/upload_1766496580653_635.jpg',85,87,2000,1,'2025-12-23 18:29:41.000','2025-12-23 18:29:41.000',190,160,147,'0.450','#111',NULL,NULL,NULL,'200.00'),
(210,'Mix Methai','Fresh','180.00','/uploads/upload_1766496798636_257.jpg',85,87,2000,1,'2025-12-23 18:33:18.000','2025-12-23 18:33:18.000',196,90,67,'0.200','#fff',NULL,NULL,NULL,'180.00'),
(211,'Full Special Methai','Fresh','250.00','/uploads/upload_1766496906091_410.jpg',85,87,2000,1,'2025-12-23 18:35:06.000','2025-12-23 18:35:06.000',175,130,82,'0.320','#111',NULL,NULL,NULL,'250.00'),
(212,'Special Barfi','Fresh','250.00','/uploads/upload_1766497081544_980.jpg',85,87,2000,1,'2025-12-23 18:38:01.000','2025-12-23 18:38:01.000',203,191,173,'0.550','#111',NULL,NULL,NULL,'250.00'),
(213,'Gulab Jaman','Fresh','200.00','/uploads/upload_1766497239046_659.jpg',85,87,2000,1,'2025-12-23 18:40:39.000','2025-12-23 18:40:39.000',201,141,105,'0.320','#111',NULL,NULL,NULL,'200.00'),
(214,'Akhroti Sohn Halwa','Fresh','250.00','/uploads/upload_1766497411940_391.webp',85,87,2000,1,'2025-12-23 18:43:32.000','2025-12-24 20:16:05.000',176,126,75,'0.320','#111',NULL,NULL,NULL,'250.00'),
(215,'Khoya','Fresh','300.00','/uploads/upload_1766497651256_388.jpg',85,87,2000,1,'2025-12-23 18:47:31.000','2025-12-23 18:53:36.000',131,129,113,'0.320','#111',NULL,NULL,NULL,'300.00'),
(216,'Gajrela','Fresh','250.00','/uploads/upload_1766497798390_305.webp',85,87,2000,1,'2025-12-23 18:49:59.000','2025-12-23 18:49:59.000',198,157,127,'0.450','#111',NULL,NULL,NULL,'250.00'),
(217,'Peray','Fresh','300.00','/uploads/upload_1766497975151_998.jpg',85,87,2000,1,'2025-12-23 18:52:55.000','2025-12-23 18:52:55.000',172,147,115,'0.320','#111',NULL,NULL,NULL,'300.00'),
(218,'Mix Ladoo','Fresh','300.00','/uploads/upload_1766498270406_243.jpg',85,87,2000,1,'2025-12-23 18:57:50.000','2025-12-23 18:57:50.000',147,108,68,'0.200','#fff',NULL,NULL,NULL,'300.00'),
(219,'Gram Jalebi','Fresh & Hot','100.00','/uploads/upload_1766498457632_885.jpg',85,87,2000,1,'2025-12-23 19:00:57.000','2025-12-23 19:00:57.000',228,154,103,'0.450','#111',NULL,NULL,NULL,'100.00'),
(220,'Chapli Kabab','Tasty','280.00','/uploads/upload_1766500550812_128.jpg',87,88,2000,1,'2025-12-23 19:35:51.000','2025-12-24 18:06:41.000',133,111,100,'0.320','#fff',NULL,NULL,NULL,'280.00'),
(221,'Khameri Roti','Fresh &Hot','30.00','/uploads/upload_1766500706759_719.jpg',87,88,2000,1,'2025-12-23 19:38:27.000','2025-12-24 18:07:15.000',168,142,105,'0.320','#111',NULL,NULL,NULL,'30.00'),
(222,'Roti','Fresh & Hot','15.00','/uploads/upload_1766500782411_956.jpg',87,88,2000,1,'2025-12-23 19:39:43.000','2025-12-24 18:05:39.000',135,112,102,'0.320','#fff',NULL,NULL,NULL,'15.00'),
(223,'Chicken Karahi','Tasty','450.00','/uploads/upload_1766500873246_68.jpg',87,88,2000,1,'2025-12-23 19:41:13.000','2025-12-23 19:41:13.000',167,134,98,'0.320','#111',NULL,NULL,NULL,'450.00'),
(224,'Beef Karahi','Tasty','1200.00','/uploads/upload_1766501141659_418.jpg',87,88,0,1,'2025-12-23 19:45:42.000','2025-12-24 17:04:13.000',165,139,100,'0.320','#111',NULL,NULL,NULL,'1200.00'),
(225,'Chicken Leg Broast','Tasty','330.00','/uploads/upload_1766501263065_544.png',87,44,2000,1,'2025-12-23 19:47:43.000','2025-12-23 19:47:43.000',210,146,91,'0.450','#111',NULL,NULL,NULL,'330.00'),
(226,'Chicken Chest Broast','Tasty','380.00','/uploads/upload_1766501314049_965.jpg',87,44,2000,1,'2025-12-23 19:48:34.000','2025-12-23 19:48:34.000',193,148,104,'0.450','#111',NULL,NULL,NULL,'380.00'),
(227,'Chicken Chest Broast With Neack','Tasty','400.00','/uploads/upload_1766501397505_185.png',87,44,2000,1,'2025-12-23 19:49:58.000','2025-12-23 19:49:58.000',206,164,132,'0.450','#111',NULL,NULL,NULL,'400.00'),
(228,'Chicken Tikka Broast','Tasty','300.00','/uploads/upload_1766501553343_270.jpg',87,44,2000,1,'2025-12-23 19:52:33.000','2025-12-24 17:11:39.000',153,118,79,'0.320','#fff',NULL,NULL,NULL,'300.00'),
(229,'Naan','Fresh','20.00','/uploads/upload_1766501607113_717.jpg',87,44,2000,1,'2025-12-23 19:53:27.000','2025-12-24 17:13:08.000',167,128,76,'0.320','#111',NULL,NULL,NULL,'20.00'),
(230,'Special Raita','fresh','50.00','/uploads/upload_1766501688475_426.webp',87,44,2000,1,'2025-12-23 19:54:48.000','2025-12-24 17:12:07.000',156,155,106,'0.320','#111',NULL,NULL,NULL,'50.00'),
(231,'Special Salad','Fresh','50.00','/uploads/upload_1766501763730_126.jpg',87,44,2000,1,'2025-12-23 19:56:04.000','2025-12-23 19:56:04.000',185,165,123,'0.450','#111',NULL,NULL,NULL,'50.00'),
(232,'Gol Gappy','Tasty','100.00','/uploads/upload_1766502519203_496.jpg',98,89,2000,1,'2025-12-23 20:08:39.000','2025-12-23 20:08:39.000',173,201,202,'0.550','#111',NULL,NULL,NULL,'100.00'),
(233,'Dahi Bhale','Tasty','100.00','/uploads/upload_1766502688027_730.jpg',98,89,2000,1,'2025-12-23 20:11:28.000','2025-12-24 20:17:50.000',107,94,73,'0.200','#fff',NULL,NULL,NULL,'100.00'),
(234,'Dahi Bhale','Tasty','100.00','/uploads/upload_1766502690229_810.jpg',98,89,2000,1,'2025-12-23 20:11:31.000','2025-12-23 20:11:31.000',107,94,73,'0.200','#fff',NULL,NULL,NULL,'100.00'),
(235,'Cream Chat','Fresh','180.00','/uploads/upload_1766502838472_67.jpg',98,89,2000,1,'2025-12-23 20:13:58.000','2025-12-23 20:13:58.000',139,126,118,'0.320','#111',NULL,NULL,NULL,'180.00'),
(236,'Chicken Tawa Karahi','Tasty','650.00','/uploads/upload_1766503437562_868.jpg',87,84,2000,1,'2025-12-23 20:23:57.000','2025-12-23 20:23:57.000',122,104,68,'0.200','#fff',NULL,NULL,NULL,'650.00'),
(237,'Pota Kaleji','Tasty','150.00','/uploads/upload_1766503538352_970.jpg',87,84,2000,1,'2025-12-23 20:25:38.000','2025-12-23 20:25:38.000',146,126,97,'0.320','#111',NULL,NULL,NULL,'150.00'),
(238,'Chapli Kabab','Tasty','40.00','/uploads/upload_1766503637419_337.jpeg',87,84,2000,1,'2025-12-23 20:27:17.000','2025-12-23 20:27:17.000',179,155,128,'0.450','#111',NULL,NULL,NULL,'40.00'),
(239,'Chicken Daal Shami','Tasty','30.00','/uploads/upload_1766503749045_431.jpg',87,84,2000,1,'2025-12-23 20:29:09.000','2025-12-23 20:29:09.000',157,122,83,'0.320','#fff',NULL,NULL,NULL,'30.00'),
(240,'Daal Fry','Tasty','150.00','/uploads/upload_1766503837202_697.jpg',87,84,2000,1,'2025-12-23 20:30:37.000','2025-12-23 20:30:37.000',143,110,41,'0.200','#fff',NULL,NULL,NULL,'150.00'),
(241,'Chapati','Fresh','10.00','/uploads/upload_1766503957689_884.jpg',87,84,2000,1,'2025-12-23 20:32:38.000','2025-12-23 20:32:38.000',171,151,122,'0.450','#111',NULL,NULL,NULL,'10.00'),
(242,'Chicken Leg Broast','Tasty','310.00','/uploads/upload_1766507065263_672.png',78,45,2000,1,'2025-12-23 21:24:25.000','2025-12-23 21:24:25.000',210,146,91,'0.450','#111',NULL,NULL,NULL,'310.00'),
(243,'Chicken Chest Broast','Tasty','360.00','/uploads/upload_1766507108639_458.jpg',78,45,2000,1,'2025-12-23 21:25:08.000','2025-12-23 21:25:08.000',193,148,104,'0.450','#111',NULL,NULL,NULL,'360.00'),
(244,'Chargha','Tasty','1150.00','/uploads/upload_1766507164778_781.jpg',78,45,2000,1,'2025-12-23 21:26:05.000','2025-12-23 21:26:05.000',189,122,54,'0.320','#111',NULL,NULL,NULL,'1150.00'),
(245,'Drum Stick','Tasty','100.00','/uploads/upload_1766507220747_321.jpg',78,45,2000,1,'2025-12-23 21:27:01.000','2025-12-23 21:27:01.000',133,99,68,'0.200','#fff',NULL,NULL,NULL,'100.00'),
(246,'Batera Broast','Tasty','170.00','/uploads/upload_1766507269564_294.jpg',78,45,2000,1,'2025-12-23 21:27:49.000','2025-12-23 21:27:49.000',160,120,84,'0.320','#fff',NULL,NULL,NULL,'170.00'),
(247,'Channa','Tasty','60.00','/uploads/upload_1766559524401_378.jpg',79,46,2000,1,'2025-12-24 11:58:44.000','2025-12-24 11:58:44.000',160,134,85,'0.320','#111',NULL,NULL,NULL,'60.00'),
(248,'Haleem','Tasty','60.00','/uploads/upload_1766559598626_632.jpg',79,46,2000,1,'2025-12-24 11:59:58.000','2025-12-24 11:59:58.000',180,149,88,'0.320','#111',NULL,NULL,NULL,'60.00'),
(249,'Roghni Naan','Fresh','40.00','/uploads/upload_1766559672575_570.jpg',79,46,2000,1,'2025-12-24 12:01:12.000','2025-12-24 12:01:12.000',166,134,88,'0.320','#111',NULL,NULL,NULL,'40.00'),
(250,'Naan','Fresh','25.00','/uploads/upload_1766559720663_422.jpg',79,46,2000,1,'2025-12-24 12:02:00.000','2025-12-24 12:02:00.000',167,128,76,'0.320','#111',NULL,NULL,NULL,'25.00'),
(251,'Channa Rice','Tasty','120.00','/uploads/upload_1766560030134_856.jpg',79,91,2000,1,'2025-12-24 12:07:10.000','2025-12-24 12:07:10.000',168,150,98,'0.320','#111',NULL,NULL,NULL,'120.00'),
(252,'Channa','Tasty','120.00','/uploads/upload_1766560096002_722.jpg',79,91,2000,1,'2025-12-24 12:08:16.000','2025-12-24 12:08:16.000',160,134,85,'0.320','#111',NULL,NULL,NULL,'120.00'),
(253,'sada Paratha','Fresh & Hot','60.00','/uploads/upload_1766560374905_261.jpg',79,78,2000,1,'2025-12-24 12:12:55.000','2025-12-24 12:12:55.000',215,164,98,'0.450','#111',NULL,NULL,NULL,'60.00'),
(254,'Omelette','Fresh','50.00','/uploads/upload_1766560453259_709.jpg',79,78,2000,1,'2025-12-24 12:14:13.000','2025-12-24 12:14:13.000',150,116,65,'0.320','#fff',NULL,NULL,NULL,'50.00'),
(255,'Chicken Shami','Tasty','50.00','/uploads/upload_1766560545649_106.jpg',79,78,2000,1,'2025-12-24 12:15:45.000','2025-12-24 12:15:45.000',164,135,105,'0.320','#111',NULL,NULL,NULL,'50.00'),
(256,'Alo Wala paratha','Tasty','100.00','/uploads/upload_1766560614957_360.jpg',79,78,2000,1,'2025-12-24 12:16:55.000','2025-12-24 12:16:55.000',176,146,101,'0.320','#111',NULL,NULL,NULL,'100.00'),
(257,'Coke','Fresh $ Cold','90.00','/uploads/upload_1766564629045_224.jpg',73,93,2000,1,'2025-12-24 13:23:49.000','2025-12-24 13:24:11.000',208,180,180,'0.450','#111',NULL,NULL,NULL,'90.00');
INSERT INTO `products` (`id`, `name`, `description`, `price`, `image_url`, `category_id`, `store_id`, `stock_quantity`, `is_available`, `created_at`, `updated_at`, `image_bg_r`, `image_bg_g`, `image_bg_b`, `image_overlay_alpha`, `image_contrast`, `unit_id`, `size_id`, `item_id`, `cost_price`) VALUES
(258,'Sprite','Fresh $ Cold','90.00','/uploads/upload_1766564819518_870.jpg',73,93,2000,1,'2025-12-24 13:26:59.000','2025-12-24 13:26:59.000',154,222,165,'0.550','#111',NULL,NULL,NULL,'90.00'),
(259,'Dew','Tasty','90.00','/uploads/upload_1766564929244_124.jpg',73,93,2000,1,'2025-12-24 13:28:49.000','2025-12-24 13:28:49.000',129,157,60,'0.320','#111',NULL,NULL,NULL,'90.00'),
(260,'Pepsi','Fresh $ Cold','180.00','/uploads/upload_1766565012999_999.jpg',73,93,2000,1,'2025-12-24 13:30:13.000','2025-12-24 13:30:13.000',169,172,183,'0.450','#111',NULL,NULL,NULL,'180.00'),
(261,'Sting','Fresh $ Cold','90.00','/uploads/upload_1766565109828_718.jpg',73,93,2000,1,'2025-12-24 13:31:50.000','2025-12-24 13:31:50.000',239,215,217,'0.550','#111',NULL,NULL,NULL,'90.00'),
(262,'7up','Fresh $ Cold','90.00','/uploads/upload_1766565237600_672.jpg',73,93,2000,1,'2025-12-24 13:33:57.000','2025-12-24 13:33:57.000',218,242,217,'0.550','#111',NULL,NULL,NULL,'90.00'),
(263,'Gourment Cola','Fresh $ Cold','80.00','/uploads/upload_1766565341169_854.jpg',73,93,2000,1,'2025-12-24 13:35:41.000','2025-12-24 13:35:41.000',177,159,179,'0.450','#111',NULL,NULL,NULL,'80.00'),
(264,'Next Cola','Fresh $ Cold','80.00','/uploads/upload_1766565478281_98.jpg',73,93,2000,1,'2025-12-24 13:37:58.000','2025-12-24 13:37:58.000',172,136,134,'0.320','#111',NULL,NULL,NULL,'80.00'),
(265,'Nestle Water','Fresh $ Cold','80.00','/uploads/upload_1766565648048_338.jpg',73,93,2000,1,'2025-12-24 13:40:48.000','2025-12-24 13:40:48.000',112,190,231,'0.450','#111',NULL,NULL,NULL,'80.00'),
(266,'Red Bull','Fresh $ Cold','550.00','/uploads/upload_1766566107982_180.jpg',73,93,2000,1,'2025-12-24 13:48:28.000','2025-12-24 13:48:28.000',62,80,114,'0.200','#fff',NULL,NULL,NULL,'550.00'),
(267,'Coke Tean Pack','Fresh $ Cold','120.00','/uploads/upload_1766566275596_213.jpg',73,93,2000,1,'2025-12-24 13:51:15.000','2025-12-24 13:51:15.000',225,168,169,'0.450','#111',NULL,NULL,NULL,'120.00'),
(268,'Sprite Tean Pack','Fresh $ Cold','120.00','/uploads/upload_1766566387865_972.jpg',73,93,2000,1,'2025-12-24 13:53:09.000','2025-12-24 13:53:09.000',214,233,218,'0.550','#111',NULL,NULL,NULL,'120.00'),
(269,'Dew Tean Pack','Fresh $ Cold','120.00','/uploads/upload_1766566465896_489.jpg',73,93,2000,1,'2025-12-24 13:54:26.000','2025-12-24 13:54:26.000',152,167,125,'0.450','#111',NULL,NULL,NULL,'120.00'),
(270,'Sting Tean Pack','Fresh $ Cold','120.00','/uploads/upload_1766566522720_801.jpg',73,93,2000,1,'2025-12-24 13:55:23.000','2025-12-24 13:55:23.000',230,195,196,'0.550','#111',NULL,NULL,NULL,'120.00'),
(271,'7up Tean Pack','Fresh $ Cold','120.00','/uploads/upload_1766566648352_831.jpg',73,93,2000,1,'2025-12-24 13:57:28.000','2025-12-24 13:57:28.000',212,224,199,'0.550','#111',NULL,NULL,NULL,'120.00'),
(272,'Club Sandwich$ Anda Shami','Tasty','300.00','/uploads/upload_1766566843342_667.jpg',79,78,2000,1,'2025-12-24 14:00:43.000','2025-12-24 14:00:43.000',171,152,121,'0.450','#111',NULL,NULL,NULL,'300.00'),
(273,'French Toast','Tasty','60.00','/uploads/upload_1766566912347_774.jpg',79,78,2000,1,'2025-12-24 14:01:52.000','2025-12-24 14:01:52.000',171,126,106,'0.320','#111',NULL,NULL,NULL,'60.00'),
(274,'Egg Fried','Fresh $ Tasty','60.00','/uploads/upload_1766566974480_99.jpg',79,78,2000,1,'2025-12-24 14:02:54.000','2025-12-24 14:02:54.000',199,177,156,'0.450','#111',NULL,NULL,NULL,'60.00'),
(275,'Alo Ki Lahori Tikki','Tasty','40.00','/uploads/upload_1766567043547_208.jpg',79,78,2000,1,'2025-12-24 14:04:05.000','2025-12-24 14:04:05.000',133,91,45,'0.200','#fff',NULL,NULL,NULL,'40.00'),
(276,'Boil Egg','Fresh','50.00','/uploads/upload_1766567164273_97.jpg',79,78,2000,1,'2025-12-24 14:06:04.000','2025-12-24 14:06:04.000',175,179,108,'0.450','#111',NULL,NULL,NULL,'50.00'),
(277,'Dahi  Phulki','Tasty','350.00','/uploads/upload_1766567230518_384.jpg',79,78,2000,1,'2025-12-24 14:07:10.000','2025-12-24 14:07:10.000',172,158,134,'0.450','#111',NULL,NULL,NULL,'350.00'),
(278,'Gobi Wala Paratha','Tasty','130.00','/uploads/upload_1766567324576_186.jpg',79,78,2000,1,'2025-12-24 14:08:44.000','2025-12-24 14:08:44.000',191,138,48,'0.320','#111',NULL,NULL,NULL,'130.00'),
(279,'moli Ka Paratha','Fresh','130.00','/uploads/upload_1766567384539_718.jpg',79,78,2000,1,'2025-12-24 14:09:44.000','2025-12-24 14:09:44.000',192,129,54,'0.320','#111',NULL,NULL,NULL,'130.00'),
(280,'Fries','Tasty','200.00','/uploads/upload_1766567479110_800.jpg',79,78,2000,1,'2025-12-24 14:11:19.000','2025-12-24 14:11:19.000',216,176,118,'0.450','#111',NULL,NULL,NULL,'200.00'),
(281,'Crispy Fries','Tasty','250.00','/uploads/upload_1766567533733_887.jpg',79,78,2000,1,'2025-12-24 14:12:14.000','2025-12-24 14:12:14.000',200,156,97,'0.450','#111',NULL,NULL,NULL,'250.00'),
(282,'Alo k Pakoray','Tasty','250.00','/uploads/upload_1766567611306_749.jpg',98,78,2000,1,'2025-12-24 14:13:31.000','2025-12-24 20:16:12.000',184,137,57,'0.320','#111',NULL,NULL,NULL,'250.00'),
(283,'Matar Bondi','Fresh','275.00','/uploads/upload_1766570421024_762.jpg',85,59,2000,1,'2025-12-24 15:00:21.000','2025-12-24 15:00:21.000',151,111,18,'0.200','#fff',NULL,NULL,NULL,'275.00'),
(284,'Pineapple Pastry','Fresh','140.00','/uploads/upload_1766570611190_695.jpg',85,59,2000,1,'2025-12-24 15:03:31.000','2025-12-24 15:03:31.000',97,87,79,'0.200','#fff',NULL,NULL,NULL,'140.00'),
(285,'Chocolate Pastry','Fresh','140.00','/uploads/upload_1766570706346_269.jpg',85,59,2000,1,'2025-12-24 15:05:06.000','2025-12-24 15:05:06.000',103,91,91,'0.200','#fff',NULL,NULL,NULL,'140.00'),
(286,'Khoya Rasgula','Fresh','250.00','/uploads/upload_1766574402442_644.jpg',85,59,2000,1,'2025-12-24 16:06:42.000','2025-12-24 16:06:42.000',226,168,171,'0.450','#111',NULL,NULL,NULL,'250.00'),
(287,'Tukri Sohan Halwa','Fresh','400.00','/uploads/upload_1766574572062_969.jpg',85,59,2000,1,'2025-12-24 16:09:32.000','2025-12-24 16:09:32.000',142,100,71,'0.200','#fff',NULL,NULL,NULL,'400.00'),
(288,'Milky Patisa','Fresh','230.00','/uploads/upload_1766575313493_560.jpg',85,59,2000,1,'2025-12-24 16:21:54.000','2025-12-24 16:21:54.000',216,194,170,'0.550','#111',NULL,NULL,NULL,'230.00'),
(289,'Milk Bottle','Fresh','120.00','/uploads/upload_1766575487802_518.jpg',85,59,2000,1,'2025-12-24 16:24:48.000','2025-12-24 16:24:48.000',227,227,225,'0.550','#111',NULL,NULL,NULL,'120.00'),
(290,'Basin Patisa','Fresh','250.00','/uploads/upload_1766575655154_121.jpg',85,59,2000,1,'2025-12-24 16:27:35.000','2025-12-24 16:27:35.000',206,171,128,'0.450','#111',NULL,NULL,NULL,'250.00'),
(291,'Khoya','Fresh','330.00','/uploads/upload_1766575759604_858.jpg',85,59,2000,0,'2025-12-24 16:29:19.000','2025-12-24 16:45:14.000',131,129,113,'0.320','#111',NULL,NULL,NULL,'330.00'),
(292,'Fruit Cake','Fresh','280.00','/uploads/upload_1766575882178_767.jpg',85,59,2000,1,'2025-12-24 16:31:22.000','2025-12-24 16:31:22.000',184,152,101,'0.450','#111',NULL,NULL,NULL,'280.00'),
(293,'Slice Rusk','Fresh','160.00','/uploads/upload_1766576266795_36.jpg',85,59,2000,1,'2025-12-24 16:37:47.000','2025-12-24 16:37:47.000',205,160,92,'0.450','#111',NULL,NULL,NULL,'160.00'),
(294,'Gulab Jaman','Fresh','240.00','/uploads/upload_1766576397723_686.jpg',85,59,2000,1,'2025-12-24 16:39:58.000','2025-12-24 16:39:58.000',201,141,105,'0.320','#111',NULL,NULL,NULL,'240.00'),
(295,'Bread','Fresh','110.00','/uploads/upload_1766576629174_396.jpg',85,59,2000,1,'2025-12-24 16:43:49.000','2025-12-24 16:43:49.000',239,216,190,'0.550','#111',NULL,NULL,NULL,'110.00'),
(296,'Rusk Candy Biscuit','Fresh','160.00','/uploads/upload_1766576721271_242.jpg',85,59,2000,1,'2025-12-24 16:45:21.000','2025-12-24 16:45:21.000',207,176,150,'0.450','#111',NULL,NULL,NULL,'160.00'),
(297,'Cake Rusk','Fresh','280.00','/uploads/upload_1766576803038_319.jpg',85,59,2000,1,'2025-12-24 16:46:43.000','2025-12-24 16:46:43.000',193,128,56,'0.320','#111',NULL,NULL,NULL,'280.00'),
(298,'Bakery Biscuit','Fresh','230.00','/uploads/upload_1766576956061_153.jpg',85,59,2000,1,'2025-12-24 16:49:16.000','2025-12-24 16:49:16.000',109,70,46,'0.200','#fff',NULL,NULL,NULL,'230.00'),
(299,'Cream Cake','Fresh','750.00','/uploads/upload_1766577049156_472.jpg',85,59,2000,1,'2025-12-24 16:50:49.000','2025-12-24 16:50:49.000',201,192,192,'0.550','#111',NULL,NULL,NULL,'750.00'),
(300,'Kheer Mix','Fresh','180.00','/uploads/upload_1766577176532_521.jpg',85,59,2000,1,'2025-12-24 16:52:56.000','2025-12-24 16:52:56.000',191,175,154,'0.450','#111',NULL,NULL,NULL,'180.00'),
(301,'Rasmalai','Fresh','230.00','/uploads/upload_1766577424415_607.jpg',85,59,2000,1,'2025-12-24 16:57:04.000','2025-12-24 16:57:04.000',133,125,96,'0.320','#fff',NULL,NULL,NULL,'230.00'),
(302,'Namak Paray','Fresh','140.00','/uploads/upload_1766577556017_878.jpg',85,59,2000,1,'2025-12-24 16:59:16.000','2025-12-24 16:59:16.000',190,121,60,'0.320','#111',NULL,NULL,NULL,'140.00'),
(303,'Balu Shahi','Fresh','150.00','/uploads/upload_1766577672580_475.jpg',85,59,2000,1,'2025-12-24 17:01:12.000','2025-12-24 17:01:12.000',217,160,107,'0.450','#111',NULL,NULL,NULL,'150.00'),
(304,'Peray','Fresh','350.00','/uploads/upload_1766577809642_623.jpg',85,59,2000,1,'2025-12-24 17:03:29.000','2025-12-24 17:03:29.000',172,147,115,'0.320','#111',NULL,NULL,NULL,'350.00'),
(305,'Special Barfi','Fresh','300.00','/uploads/upload_1766577956208_909.jpg',85,59,2000,1,'2025-12-24 17:05:56.000','2025-12-24 17:05:56.000',203,191,173,'0.550','#111',NULL,NULL,NULL,'300.00'),
(306,'KalaKand','Fresh','350.00','/uploads/upload_1766578063964_862.jpg',85,59,2000,1,'2025-12-24 17:07:44.000','2025-12-24 17:07:44.000',123,110,86,'0.200','#fff',NULL,NULL,NULL,'350.00'),
(307,'Akhroti Halwa','Fresh','350.00','/uploads/upload_1766578162314_612.webp',85,59,2000,1,'2025-12-24 17:09:22.000','2025-12-24 17:09:22.000',176,126,75,'0.320','#111',NULL,NULL,NULL,'350.00'),
(308,'Sohn Halwa','Fresh','300.00','/uploads/upload_1766578330269_798.jpg',85,59,2000,1,'2025-12-24 17:12:10.000','2025-12-24 17:12:10.000',183,132,109,'0.320','#111',NULL,NULL,NULL,'300.00'),
(309,'Mix Mithai','Fresh','230.00','/uploads/upload_1766578428537_445.jpg',85,59,2000,1,'2025-12-24 17:13:48.000','2025-12-24 17:13:48.000',196,90,67,'0.200','#fff',NULL,NULL,NULL,'230.00'),
(310,'Special Mithai','Fresh','250.00','/uploads/upload_1766578614096_100.jpg',85,59,2000,1,'2025-12-24 17:16:54.000','2025-12-24 17:16:54.000',190,160,147,'0.450','#111',NULL,NULL,NULL,'250.00'),
(311,'Chicken Biryani','Tasty','220.00','/uploads/upload_1766581812979_511.jpg',62,82,2000,1,'2025-12-24 18:10:13.000','2025-12-24 18:13:48.000',174,150,100,'0.320','#111',NULL,NULL,NULL,'220.00'),
(312,'Sada Biryani','Tasty','120.00','/uploads/upload_1766581963821_115.jpg',62,82,2000,1,'2025-12-24 18:12:44.000','2025-12-24 18:12:44.000',192,167,117,'0.450','#111',NULL,NULL,NULL,'120.00'),
(313,'Chicken Mix','Fresh','140.00','/uploads/upload_1766582598959_132.jpg',84,76,2000,1,'2025-12-24 18:23:19.000','2025-12-24 18:23:19.000',204,177,173,'0.450','#111',NULL,NULL,NULL,'140.00'),
(314,'Boneless','Fresh','200.00','/uploads/upload_1766582731493_215.jpg',84,76,2000,1,'2025-12-24 18:25:31.000','2025-12-24 18:25:31.000',202,176,168,'0.450','#111',NULL,NULL,NULL,'200.00'),
(315,'Chicken Thai','Fresh','250.00','/uploads/upload_1766582881158_996.jpg',84,76,2000,1,'2025-12-24 18:28:01.000','2025-12-24 18:28:01.000',131,112,107,'0.320','#fff',NULL,NULL,NULL,'250.00'),
(316,'Chicken Malai Boti','Tasty','360.00','/uploads/upload_1766585428783_898.jpg',78,45,2000,1,'2025-12-24 19:10:29.000','2025-12-24 19:10:29.000',88,82,72,'0.200','#fff',NULL,NULL,NULL,'360.00'),
(317,'Grill Fish','Tasty','850.00','/uploads/upload_1766587173485_765.jpg',78,45,2000,1,'2025-12-24 19:39:33.000','2025-12-24 19:39:33.000',158,129,95,'0.320','#111',NULL,NULL,NULL,'850.00'),
(318,'Damra Fish Broast','Tasty','800.00','/uploads/upload_1766587404751_885.jpg',78,45,2000,1,'2025-12-24 19:43:25.000','2025-12-24 19:43:25.000',157,109,54,'0.320','#fff',NULL,NULL,NULL,'800.00'),
(319,'Chicken Tikka Leg','Tasty','310.00','/uploads/upload_1766587520495_213.jpg',78,45,2000,1,'2025-12-24 19:45:20.000','2025-12-24 19:45:20.000',226,198,187,'0.550','#111',NULL,NULL,NULL,'310.00'),
(320,'Chicken Tikka Chest','Tasty','360.00','/uploads/upload_1766587580390_9.jpg',78,45,2000,1,'2025-12-24 19:46:20.000','2025-12-24 19:46:20.000',160,118,99,'0.320','#fff',NULL,NULL,NULL,'360.00'),
(321,'Beef Seekh Kabab','Tasty','210.00','/uploads/upload_1766587650616_293.jpg',78,45,2000,1,'2025-12-24 19:47:30.000','2025-12-24 19:53:59.000',197,159,106,'0.450','#111',NULL,NULL,NULL,'210.00'),
(322,'Chicken Seekh Kabab','Tasty','160.00','/uploads/upload_1766587721978_509.jpg',78,45,2000,1,'2025-12-24 19:48:42.000','2025-12-24 19:48:42.000',178,142,92,'0.320','#111',NULL,NULL,NULL,'160.00'),
(323,'Tikka Boti Seekh','Tasty','300.00','/uploads/upload_1766587975163_599.jpg',78,45,2000,1,'2025-12-24 19:52:55.000','2025-12-24 19:52:55.000',158,101,75,'0.200','#fff',NULL,NULL,NULL,'300.00'),
(324,'Finger Fish','Tasty','800.00','/uploads/upload_1766588140788_732.jpg',78,45,2000,1,'2025-12-24 19:55:41.000','2025-12-24 19:55:41.000',194,121,45,'0.320','#111',NULL,NULL,NULL,'800.00'),
(325,'Jhali Fish','Tasty','1100.00','/uploads/upload_1766588271009_351.jpg',78,45,2000,1,'2025-12-24 19:57:51.000','2025-12-24 19:57:51.000',196,161,128,'0.450','#111',NULL,NULL,NULL,'1100.00'),
(326,'Naan','Fresh','25.00','/uploads/upload_1766588337299_417.jpg',74,45,2000,1,'2025-12-24 19:58:57.000','2025-12-24 19:58:57.000',167,128,76,'0.320','#111',NULL,NULL,NULL,'25.00'),
(327,'Roti','Fresh','15.00','/uploads/upload_1766588462401_614.jpg',74,45,2000,1,'2025-12-24 20:01:02.000','2025-12-24 20:02:14.000',135,112,102,'0.320','#fff',NULL,NULL,NULL,'15.00'),
(328,'Garam Garam Jalebi','Fresh','120.00','/uploads/upload_1766588931090_316.jpg',NULL,64,2000,1,'2025-12-24 20:08:51.000','2025-12-24 20:08:51.000',178,118,52,'0.320','#fff',NULL,NULL,NULL,'120.00'),
(329,'Vegetable Rice','Tasty','500.00','/uploads/upload_1766590665106_779.jpg',87,23,2000,1,'2025-12-24 20:37:45.000','2025-12-24 20:37:45.000',178,154,143,'0.450','#111',NULL,NULL,NULL,'500.00'),
(330,'Shahi Daal','Tasty','450.00','/uploads/upload_1766590734299_27.jpg',87,23,2000,1,'2025-12-24 20:38:54.000','2025-12-24 20:38:54.000',193,177,133,'0.450','#111',NULL,NULL,NULL,'450.00'),
(331,'Chicken Karahi','Tasty','900.00','/uploads/upload_1766590822886_2.jpg',91,23,2000,1,'2025-12-24 20:40:23.000','2025-12-24 20:40:23.000',167,134,98,'0.320','#111',NULL,NULL,NULL,'900.00'),
(332,'Labnani Kabab','Tasty','260.00','/uploads/upload_1766590966409_882.jpg',87,23,2000,1,'2025-12-24 20:42:46.000','2025-12-24 20:42:46.000',191,161,117,'0.450','#111',NULL,NULL,NULL,'260.00'),
(333,'Malai Boti Seekh','Tasty','300.00','/uploads/upload_1766591014984_236.jpg',87,23,2000,1,'2025-12-24 20:43:35.000','2025-12-24 20:43:35.000',88,82,72,'0.200','#fff',NULL,NULL,NULL,'300.00'),
(334,'Chinese Rice','Tasty','500.00','/uploads/upload_1766591134766_682.jpg',87,23,2000,1,'2025-12-24 20:45:35.000','2025-12-24 20:45:35.000',149,123,92,'0.320','#fff',NULL,NULL,NULL,'500.00'),
(335,'Qalmi Tikka','Tasty','1320.00','/uploads/upload_1766591313174_182.jpg',87,23,2000,1,'2025-12-24 20:48:33.000','2025-12-24 20:48:33.000',146,125,88,'0.320','#fff',NULL,NULL,NULL,'1320.00'),
(336,'Chicken Chilli Dry','Tasty','1500.00','/uploads/upload_1766591478332_953.jpg',87,23,2000,1,'2025-12-24 20:51:18.000','2025-12-24 20:51:18.000',125,106,90,'0.200','#fff',NULL,NULL,NULL,'1500.00'),
(337,'Chicken Seekh Kabab','Tasty','220.00','/uploads/upload_1766591692855_659.jpg',87,23,2000,1,'2025-12-24 20:54:53.000','2025-12-24 20:54:53.000',178,142,92,'0.320','#111',NULL,NULL,NULL,'220.00'),
(338,'Chicken Korma','Tasty','550.00','/uploads/upload_1766592770517_812.jpg',87,23,2000,1,'2025-12-24 21:12:50.000','2025-12-24 21:12:50.000',174,119,88,'0.320','#111',NULL,NULL,NULL,'550.00'),
(339,'Chicken Ginger','Tasty','1500.00','/uploads/upload_1766592986112_208.jpg',87,23,2000,1,'2025-12-24 21:16:26.000','2025-12-24 21:16:26.000',160,107,80,'0.320','#fff',NULL,NULL,NULL,'1500.00'),
(340,'Chicken Hari Mirch Karahi','Tasty','900.00','/uploads/upload_1766593065165_871.jpg',87,23,2000,1,'2025-12-24 21:17:45.000','2025-12-24 21:17:45.000',178,138,62,'0.320','#111',NULL,NULL,NULL,'900.00'),
(341,'Roti','Fresh & Hot','15.00','/uploads/upload_1766593125995_121.jpg',74,23,2000,1,'2025-12-24 21:18:46.000','2025-12-24 21:18:46.000',135,112,102,'0.320','#fff',NULL,NULL,NULL,'15.00'),
(342,'Chicken Shah Jahani','Tasty','1600.00','/uploads/upload_1766593228564_207.jpg',87,23,2000,1,'2025-12-24 21:20:28.000','2025-12-24 21:20:28.000',178,138,64,'0.320','#111',NULL,NULL,NULL,'1600.00'),
(343,'Chicken Onion','Tasty','1150.00','/uploads/upload_1766593321348_93.jpg',87,23,2000,1,'2025-12-24 21:22:01.000','2025-12-24 21:22:01.000',157,112,75,'0.320','#fff',NULL,NULL,NULL,'1150.00'),
(344,'Chicken Shashilk Rice','Tasty','1300.00','/uploads/upload_1766593460473_212.jpg',87,23,2000,1,'2025-12-24 21:24:20.000','2025-12-24 21:24:20.000',160,116,80,'0.320','#fff',NULL,NULL,NULL,'1300.00'),
(345,'Chicken Garlic Sauce','Tasty','1200.00','/uploads/upload_1766593578212_586.jpg',87,23,2000,1,'2025-12-24 21:26:18.000','2025-12-24 21:26:18.000',127,98,59,'0.200','#fff',NULL,NULL,NULL,'1200.00'),
(346,'Chicken Almond','Tasty','1250.00','/uploads/upload_1766593705032_340.jpg',87,23,2000,1,'2025-12-24 21:28:25.000','2025-12-24 21:28:25.000',186,167,138,'0.450','#111',NULL,NULL,NULL,'1250.00'),
(347,'Chicken Manchurian Rice','Tasty','1200.00','/uploads/upload_1766593876846_866.jpg',87,23,2000,1,'2025-12-24 21:31:17.000','2025-12-24 21:31:17.000',162,87,39,'0.200','#fff',NULL,NULL,NULL,'1200.00'),
(348,'Aghosh Special Nawabi Handi','Tasty','1100.00','/uploads/upload_1766594027204_275.jpg',87,23,2000,1,'2025-12-24 21:33:47.000','2025-12-24 21:33:47.000',119,63,40,'0.200','#fff',NULL,NULL,NULL,'1100.00'),
(349,'Chicken Methi With Bone','Tasty','950.00','/uploads/upload_1766594157615_42.jpg',87,23,2000,1,'2025-12-24 21:35:57.000','2025-12-24 21:35:57.000',172,126,61,'0.320','#111',NULL,NULL,NULL,'950.00'),
(350,'Chicken Achari Handi','Tasty','1100.00','/uploads/upload_1766594292991_343.jpg',87,23,2000,1,'2025-12-24 21:38:13.000','2025-12-24 21:38:13.000',155,121,66,'0.320','#fff',NULL,NULL,NULL,'1100.00'),
(351,'Chicken Madrasi Handi','Tasty','1100.00','/uploads/upload_1766594720410_387.jpg',87,23,2000,1,'2025-12-24 21:45:21.000','2025-12-24 21:45:21.000',181,165,146,'0.450','#111',NULL,NULL,NULL,'1100.00'),
(352,'Haleem','Tasty','150.00','/uploads/upload_1766637946719_128.jpg',79,48,2000,1,'2025-12-25 09:45:47.000','2025-12-25 09:45:47.000',180,149,88,'0.320','#111',NULL,NULL,NULL,'150.00'),
(353,'Chapati','Fresh','10.00','/uploads/upload_1766638008491_14.jpg',79,48,2000,1,'2025-12-25 09:46:48.000','2025-12-25 09:46:48.000',171,151,122,'0.450','#111',NULL,NULL,NULL,'10.00'),
(354,'Omlette','Tasty','50.00','/uploads/upload_1766638069283_139.jpg',79,48,2000,1,'2025-12-25 09:47:49.000','2025-12-25 09:47:49.000',150,116,65,'0.320','#fff',NULL,NULL,NULL,'50.00'),
(355,'Egg Fry','Tasty','50.00','/uploads/upload_1766638124466_112.jpg',79,48,2000,1,'2025-12-25 09:48:44.000','2025-12-25 09:48:44.000',199,177,156,'0.450','#111',NULL,NULL,NULL,'50.00'),
(356,'Sada Paratha','Fresh','50.00','/uploads/upload_1766638178468_966.jpg',79,48,2000,1,'2025-12-25 09:49:38.000','2025-12-25 09:49:38.000',215,164,98,'0.450','#111',NULL,NULL,NULL,'50.00'),
(357,'Channa','Tasty','150.00','/uploads/upload_1766638236473_627.jpg',79,48,2000,1,'2025-12-25 09:50:36.000','2025-12-25 09:50:36.000',160,134,85,'0.320','#111',NULL,NULL,NULL,'150.00');
INSERT INTO `products` (`id`, `name`, `description`, `price`, `image_url`, `category_id`, `store_id`, `stock_quantity`, `is_available`, `created_at`, `updated_at`, `image_bg_r`, `image_bg_g`, `image_bg_b`, `image_overlay_alpha`, `image_contrast`, `unit_id`, `size_id`, `item_id`, `cost_price`) VALUES
(358,'Nehari','Tasty','150.00','/uploads/upload_1766638296349_602.webp',79,48,2000,1,'2025-12-25 09:51:36.000','2025-12-25 09:51:36.000',149,98,57,'0.200','#fff',NULL,NULL,NULL,'150.00'),
(359,'Naan','Fresh','20.00','/uploads/upload_1766638389828_186.jpg',79,48,2000,1,'2025-12-25 09:53:10.000','2025-12-25 09:53:10.000',188,147,118,'0.450','#111',NULL,NULL,NULL,'20.00'),
(360,'Alo Wala paratha','Tasty','80.00','/uploads/upload_1766638502244_196.jpg',79,48,2000,0,'2025-12-25 09:55:02.000','2025-12-25 10:16:16.000',176,146,101,'0.320','#111',NULL,NULL,NULL,'80.00'),
(361,'Sada Paratha','Fresh','60.00','/uploads/upload_1766638694884_800.jpg',79,74,2000,1,'2025-12-25 09:58:15.000','2025-12-25 09:58:15.000',215,164,98,'0.450','#111',NULL,NULL,NULL,'60.00'),
(362,'Omlette','Tasty','60.00','/uploads/upload_1766638767771_429.jpg',79,74,2000,1,'2025-12-25 09:59:28.000','2025-12-25 09:59:28.000',150,116,65,'0.320','#fff',NULL,NULL,NULL,'60.00'),
(363,'Shami','Tasty','30.00','/uploads/upload_1766638844847_213.jpg',79,74,2000,1,'2025-12-25 10:00:45.000','2025-12-25 10:00:45.000',164,135,105,'0.320','#111',NULL,NULL,NULL,'30.00'),
(364,'Shami (Frozen)','Fresh','240.00','/uploads/upload_1766639561047_318.jpg',91,74,2000,1,'2025-12-25 10:12:41.000','2025-12-25 10:12:41.000',164,135,105,'0.320','#111',NULL,NULL,NULL,'240.00'),
(365,'Alo Wala paratha','Tasty','80.00','/uploads/upload_1766639845288_586.jpg',79,74,2000,1,'2025-12-25 10:17:25.000','2025-12-25 10:17:25.000',176,146,101,'0.320','#111',NULL,NULL,NULL,'80.00'),
(366,'Simple  Paratha Deal 1','Get One Paratha Free With Four Parathas','240.00','/uploads/upload_1766640064966_531.jpg',79,74,2000,1,'2025-12-25 10:21:05.000','2025-12-25 10:21:05.000',215,164,98,'0.450','#111',NULL,NULL,NULL,'240.00'),
(367,'Alo Paratha Deal 2','Get One Paratha  Free With Four Parathas','320.00','/uploads/upload_1766640174366_589.jpg',79,74,2000,1,'2025-12-25 10:22:54.000','2025-12-25 10:22:54.000',176,146,101,'0.320','#111',NULL,NULL,NULL,'320.00'),
(368,'Simple Paratha','Fresh','60.00','/uploads/upload_1766640872212_438.jpg',79,92,2000,1,'2025-12-25 10:34:32.000','2025-12-25 10:34:32.000',206,147,62,'0.450','#111',NULL,NULL,NULL,'60.00'),
(369,'Anda Paratha','Fresh','110.00','/uploads/upload_1766640972108_460.jpg',79,92,2000,1,'2025-12-25 10:36:12.000','2025-12-25 10:36:12.000',162,137,97,'0.320','#111',NULL,NULL,NULL,'110.00'),
(370,'Omlette','Fresh','70.00','/uploads/upload_1766641033634_432.jpg',79,92,2000,1,'2025-12-25 10:37:13.000','2025-12-25 10:37:13.000',150,116,65,'0.320','#fff',NULL,NULL,NULL,'70.00'),
(371,'Bong Paye','Tasty','200.00','/uploads/upload_1766642506421_978.jpg',87,96,2000,1,'2025-12-25 11:01:46.000','2025-12-25 11:01:46.000',181,143,99,'0.320','#111',NULL,NULL,NULL,'200.00'),
(372,'Chicken Qorma','Tasty','200.00','/uploads/upload_1766642574564_686.jpg',87,96,2000,1,'2025-12-25 11:02:54.000','2025-12-25 11:02:54.000',174,119,88,'0.320','#111',NULL,NULL,NULL,'200.00'),
(373,'Beef Qorma','Tasty','200.00','/uploads/upload_1766642688237_983.jpg',87,96,2000,1,'2025-12-25 11:04:48.000','2025-12-25 11:04:48.000',100,72,53,'0.200','#fff',NULL,NULL,NULL,'200.00'),
(374,'Daal','Tasty','120.00','/uploads/upload_1766642838987_599.jpg',87,96,2000,1,'2025-12-25 11:07:19.000','2025-12-25 11:07:19.000',169,127,69,'0.320','#111',NULL,NULL,NULL,'120.00'),
(375,'Maghaz','Tasty','200.00','/uploads/upload_1766642967973_164.jpg',91,96,2000,1,'2025-12-25 11:09:28.000','2025-12-25 11:09:28.000',143,108,46,'0.200','#fff',NULL,NULL,NULL,'200.00'),
(376,'Kaleji','Tasty','150.00','/uploads/upload_1766643072952_89.jpg',NULL,96,2000,1,'2025-12-25 11:11:13.000','2025-12-25 11:11:13.000',154,120,78,'0.320','#fff',NULL,NULL,NULL,'150.00'),
(377,'Sabzi','Tasty','120.00','/uploads/upload_1766643130623_478.jpg',87,96,2000,1,'2025-12-25 11:12:10.000','2025-12-25 11:12:10.000',199,165,137,'0.450','#111',NULL,NULL,NULL,'120.00'),
(378,'Roti','Fresh','12.00','/uploads/upload_1766643178536_151.jpg',74,96,2000,1,'2025-12-25 11:12:58.000','2025-12-25 11:12:58.000',135,112,102,'0.320','#fff',NULL,NULL,NULL,'12.00'),
(379,'Clothes Ironing Service','','100.00','/uploads/upload_1766643529346_405.jpg',83,94,2000,1,'2025-12-25 11:18:49.000','2025-12-25 11:18:49.000',142,150,155,'0.320','#111',NULL,NULL,NULL,'100.00'),
(380,'Steam Chicken Momos','Please Note: This Product Takes 1 Hour To Prepare To Ensure The Highest Quality And Freshness. We Appreciate Your Patience And Promise It Will Be Worth THe The Wait ','350.00','/uploads/upload_1766644849603_956.jpg',91,97,2000,1,'2025-12-25 11:35:31.000','2025-12-25 11:40:50.000',135,122,99,'0.320','#fff',NULL,NULL,NULL,'350.00'),
(381,'Fried Chicken Momos','Please Note: This Product Takes 1 Hour To Prepare To Ensure The Highest Quality And Freshness. We Appreciate Your Patience And Promise It Will Be Worth THe The Wait ','400.00','/uploads/upload_1766644787199_418.jpg',91,97,2000,1,'2025-12-25 11:39:47.000','2025-12-25 11:39:47.000',211,157,107,'0.450','#111',NULL,NULL,NULL,'400.00'),
(382,'Deal ( Chicken Steam Momos)','','670.00','/uploads/upload_1766644986955_9.jpg',91,97,2000,1,'2025-12-25 11:43:07.000','2025-12-25 11:43:07.000',237,170,171,'0.450','#111',NULL,NULL,NULL,'670.00'),
(383,'Parcel Pick & Drop','','120.00','/uploads/upload_1766645571292_284.jpg',86,98,2000,1,'2025-12-25 11:52:51.000','2025-12-25 11:52:51.000',163,161,161,'0.450','#111',NULL,NULL,NULL,'120.00'),
(384,'Peach & Pineapple Juice','Fresh & Cold','230.00','/uploads/upload_1766646944885_231.jpg',80,99,2000,1,'2025-12-25 12:15:45.000','2025-12-25 12:15:45.000',173,158,114,'0.450','#111',NULL,NULL,NULL,'230.00'),
(385,'Peach & Plum Mix juice','Fresh & cold','180.00','/uploads/upload_1766649689027_792.jpg',80,99,2000,1,'2025-12-25 13:01:29.000','2025-12-25 13:01:29.000',193,149,148,'0.450','#111',NULL,NULL,NULL,'180.00'),
(386,'Plum Juice','Fresh & cold','180.00','/uploads/upload_1766649825939_793.jpg',80,99,2000,1,'2025-12-25 13:03:46.000','2025-12-25 13:03:46.000',191,131,125,'0.320','#111',NULL,NULL,NULL,'180.00'),
(387,'Pineapple Juice','Fresh & Cold','230.00','/uploads/upload_1766650000180_322.jpg',80,99,2000,1,'2025-12-25 13:06:40.000','2025-12-25 13:06:40.000',212,197,160,'0.550','#111',NULL,NULL,NULL,'230.00'),
(388,'Strawberry Juice','Fresh & Cold','190.00','/uploads/upload_1766650124837_669.jpg',80,99,2000,1,'2025-12-25 13:08:45.000','2025-12-25 13:08:45.000',152,88,79,'0.200','#fff',NULL,NULL,NULL,'190.00'),
(389,'Peach Juice','Fresh & Cold','190.00','/uploads/upload_1766650243105_52.jpg',80,99,2000,1,'2025-12-25 13:10:43.000','2025-12-25 13:10:43.000',248,229,201,'0.550','#111',NULL,NULL,NULL,'190.00'),
(390,'Strawberry Milk shake','Fresh & Cold','190.00','/uploads/upload_1766650876663_777.jpg',80,99,2000,1,'2025-12-25 13:21:16.000','2025-12-25 13:21:16.000',162,151,154,'0.450','#111',NULL,NULL,NULL,'190.00'),
(391,'Papeta Milk Shake','Fresh & Cold','210.00','/uploads/upload_1766650954548_746.jpg',80,99,2000,1,'2025-12-25 13:22:34.000','2025-12-25 13:22:34.000',211,170,115,'0.450','#111',NULL,NULL,NULL,'210.00'),
(392,'Cheko Milk Shake','Fresh & Cold','210.00','/uploads/upload_1766651020369_226.jpg',80,99,2000,1,'2025-12-25 13:23:40.000','2025-12-25 13:23:40.000',150,104,65,'0.200','#fff',NULL,NULL,NULL,'210.00'),
(393,'Peach Milk Shake','Fresh & Cold','190.00','/uploads/upload_1766651090744_687.jpg',80,99,2000,1,'2025-12-25 13:24:51.000','2025-12-25 13:24:51.000',204,151,131,'0.450','#111',NULL,NULL,NULL,'190.00'),
(394,'Mix Fruit Shake','Fresh & Cold','200.00','/uploads/upload_1766651145321_276.jpg',80,99,2000,1,'2025-12-25 13:25:45.000','2025-12-25 13:25:45.000',155,130,106,'0.320','#111',NULL,NULL,NULL,'200.00'),
(395,'Gosiyha Special Milk Shake','Fresh & Cold','210.00','/uploads/upload_1766651290557_395.jpg',80,99,2000,1,'2025-12-25 13:28:10.000','2025-12-25 13:28:10.000',155,133,110,'0.320','#111',NULL,NULL,NULL,'210.00'),
(396,'Khoya Badam Milk Shake','Fresh & Cold','210.00','/uploads/upload_1766651429932_16.jpg',80,99,2000,1,'2025-12-25 13:30:30.000','2025-12-25 13:30:30.000',99,79,56,'0.200','#fff',NULL,NULL,NULL,'210.00'),
(397,'Khoya Khajoor Milk Shake','Fresh & Cold','210.00','/uploads/upload_1766651607061_662.jpg',80,99,2000,1,'2025-12-25 13:33:27.000','2025-12-25 13:33:27.000',160,139,117,'0.320','#111',NULL,NULL,NULL,'210.00'),
(398,'Banana Dates Milk Shake','Fresh & Cold','190.00','/uploads/upload_1766651827944_949.jpg',80,99,2000,1,'2025-12-25 13:37:08.000','2025-12-25 13:37:08.000',103,97,91,'0.200','#fff',NULL,NULL,NULL,'190.00'),
(399,'Pineapple Milk Shake','Fresh & Cold','240.00','/uploads/upload_1766652034610_576.jpg',80,99,2000,1,'2025-12-25 13:40:35.000','2025-12-25 13:40:35.000',212,178,130,'0.450','#111',NULL,NULL,NULL,'240.00'),
(400,'Banana  Strawbeery Milk Shake','Fresh & Cold','190.00','/uploads/upload_1766652175754_325.jpg',80,99,2000,1,'2025-12-25 13:42:56.000','2025-12-25 13:42:56.000',162,151,154,'0.450','#111',NULL,NULL,NULL,'190.00'),
(401,'Almond Banana Milk Shake','Fresh & Cold','190.00','/uploads/upload_1766652317306_370.jpg',80,99,2000,1,'2025-12-25 13:45:17.000','2025-12-25 13:45:17.000',154,124,89,'0.320','#111',NULL,NULL,NULL,'190.00'),
(402,'apple Banana Milk Shake','Fresh & Cold','130.00','/uploads/upload_1766652439059_631.jpg',80,99,2000,1,'2025-12-25 13:47:19.000','2025-12-25 13:47:19.000',197,170,126,'0.450','#111',NULL,NULL,NULL,'130.00'),
(403,'Banana  Milk Shake','Fresh & Cold','130.00','/uploads/upload_1766652535147_887.jpg',80,99,2000,1,'2025-12-25 13:48:55.000','2025-12-25 13:48:55.000',140,103,64,'0.200','#fff',NULL,NULL,NULL,'130.00'),
(404,'Apple Milk Shake','Fresh & Cold','130.00','/uploads/upload_1766652693608_19.jpg',80,99,2000,1,'2025-12-25 13:51:33.000','2025-12-25 13:51:33.000',87,76,50,'0.200','#fff',NULL,NULL,NULL,'130.00'),
(405,'Chicken Hari Mirchi With (Almond)','Tasty','1700.00','/uploads/upload_1766655072135_471.jpg',87,23,2000,1,'2025-12-25 14:31:12.000','2025-12-25 14:31:12.000',160,135,86,'0.320','#111',NULL,NULL,NULL,'1700.00'),
(406,'Chicken Qeema','Tasty','1500.00','/uploads/upload_1766655187570_324.jpg',87,23,2000,1,'2025-12-25 14:33:07.000','2025-12-25 14:33:07.000',152,110,76,'0.320','#fff',NULL,NULL,NULL,'1500.00'),
(407,'Chicken Bhurta','Tasty','1550.00','/uploads/upload_1766655293646_651.jpg',87,96,2000,1,'2025-12-25 14:34:53.000','2025-12-25 14:34:53.000',168,131,84,'0.320','#111',NULL,NULL,NULL,'1550.00'),
(408,'Chicken Mix Vegetable','Tasty','1350.00','/uploads/upload_1766655388932_898.jpg',87,23,2000,1,'2025-12-25 14:36:29.000','2025-12-25 14:36:29.000',192,146,84,'0.320','#111',NULL,NULL,NULL,'1350.00'),
(409,'Chicken Jalfrezi','Tasty','1550.00','/uploads/upload_1766655525579_782.jpg',87,23,2000,1,'2025-12-25 14:38:45.000','2025-12-25 14:38:45.000',141,124,104,'0.320','#fff',NULL,NULL,NULL,'1550.00'),
(410,'Chicken Hari Mirchi (Boneless)','Tasty','1500.00','/uploads/upload_1766655654289_828.jpg',87,23,2000,1,'2025-12-25 14:40:54.000','2025-12-25 14:40:54.000',196,181,115,'0.450','#111',NULL,NULL,NULL,'1500.00'),
(411,'Chicken White Ginger','Tasty','1500.00','/uploads/upload_1766655840667_548.jpg',87,23,2000,1,'2025-12-25 14:44:00.000','2025-12-25 14:44:00.000',109,95,55,'0.200','#fff',NULL,NULL,NULL,'1500.00'),
(412,'Chicken White Handi','Tasty','1100.00','/uploads/upload_1766656295644_410.jpg',87,23,2000,1,'2025-12-25 14:51:36.000','2025-12-25 14:51:36.000',166,132,80,'0.320','#111',NULL,NULL,NULL,'1100.00'),
(413,'Chicken Afghani Handi','Tasty','1100.00','/uploads/upload_1766656455688_63.jpg',87,23,2000,1,'2025-12-25 14:54:16.000','2025-12-25 14:54:16.000',133,108,67,'0.200','#fff',NULL,NULL,NULL,'1100.00'),
(414,'Quick Fried Chicken','Tasty','1500.00','/uploads/upload_1766656606258_2.jpg',87,23,2000,1,'2025-12-25 14:56:46.000','2025-12-25 14:56:46.000',178,122,82,'0.320','#111',NULL,NULL,NULL,'1500.00'),
(415,'Chicken Dhaka','Tasty','1400.00','/uploads/upload_1766658653838_649.jpg',87,23,2000,1,'2025-12-25 15:30:54.000','2025-12-25 15:30:54.000',161,94,34,'0.200','#fff',NULL,NULL,NULL,'1400.00'),
(416,'Chicken Chilli Onion','Tasty','1200.00','/uploads/upload_1766658765098_234.jpg',87,23,2000,1,'2025-12-25 15:32:45.000','2025-12-25 15:32:45.000',183,99,53,'0.200','#fff',NULL,NULL,NULL,'1200.00'),
(417,'Chicken Afghani Pulao','Tasty','1250.00','/uploads/upload_1766658877834_176.jpg',87,23,2000,1,'2025-12-25 15:34:38.000','2025-12-25 15:34:38.000',144,130,89,'0.320','#111',NULL,NULL,NULL,'1250.00'),
(418,'Egg Fried Rice','Tasty','500.00','/uploads/upload_1766658938480_272.webp',87,23,2000,1,'2025-12-25 15:35:38.000','2025-12-25 15:35:38.000',214,194,145,'0.550','#111',NULL,NULL,NULL,'500.00'),
(419,'Chicken Fried Rice','Tasty','550.00','/uploads/upload_1766658998781_838.jpeg',87,23,2000,1,'2025-12-25 15:36:39.000','2025-12-25 15:36:39.000',176,164,127,'0.450','#111',NULL,NULL,NULL,'550.00'),
(420,'Chicken Masala Rice','Tasty','500.00','/uploads/upload_1766659079887_634.jpg',87,23,2000,1,'2025-12-25 15:38:00.000','2025-12-25 15:38:00.000',190,154,93,'0.450','#111',NULL,NULL,NULL,'500.00'),
(421,'Aghosh Special Rice','Tasty','550.00','/uploads/upload_1766659253347_658.jpg',NULL,23,2000,1,'2025-12-25 15:40:53.000','2025-12-25 15:40:53.000',157,127,76,'0.320','#111',NULL,NULL,NULL,'550.00'),
(422,'Mix Plate','1.Malai Boti+1.Tikka Boti+2.SeekhKabab+1 Kastori Boti + 1.Kalmi Tikka','1700.00','/uploads/upload_1766659635013_679.jpg',87,23,2000,1,'2025-12-25 15:47:15.000','2025-12-25 15:47:15.000',170,137,116,'0.320','#111',NULL,NULL,NULL,'1700.00'),
(423,'Hot & Sour Soup','Tasty','600.00','/uploads/upload_1766659856185_883.jpg',87,23,2000,1,'2025-12-25 15:50:56.000','2025-12-25 15:50:56.000',142,119,88,'0.320','#fff',NULL,NULL,NULL,'600.00'),
(424,'Aghosh Special Soup','Fresh','600.00','/uploads/upload_1766659926879_145.jpg',87,23,2000,1,'2025-12-25 15:52:07.000','2025-12-25 15:52:07.000',146,136,120,'0.320','#111',NULL,NULL,NULL,'600.00'),
(425,'Chicken Tikka Chest','Tasty','450.00','/uploads/upload_1766659997640_789.jpg',87,23,2000,1,'2025-12-25 15:53:17.000','2025-12-25 15:53:17.000',160,118,99,'0.320','#fff',NULL,NULL,NULL,'450.00'),
(426,'Chicken Tikka Leg','Tasty','430.00','/uploads/upload_1766660045374_368.jpg',87,23,2000,1,'2025-12-25 15:54:05.000','2025-12-25 15:54:05.000',226,198,187,'0.550','#111',NULL,NULL,NULL,'430.00'),
(427,'Chicken Rsshmi Kabab','Tasty','220.00','/uploads/upload_1766660219463_789.jpg',91,98,2000,1,'2025-12-25 15:56:59.000','2025-12-25 15:56:59.000',189,157,109,'0.450','#111',NULL,NULL,NULL,'220.00'),
(428,'Chicken Tikka Boti','Tasty','240.00','/uploads/upload_1766660345919_434.jpg',87,23,2000,1,'2025-12-25 15:59:06.000','2025-12-25 15:59:06.000',214,164,124,'0.450','#111',NULL,NULL,NULL,'240.00'),
(429,'Chicken Achari Boti','Tasty','270.00','/uploads/upload_1766661546710_147.jpg',87,23,2000,1,'2025-12-25 16:19:07.000','2025-12-25 16:19:07.000',171,157,126,'0.450','#111',NULL,NULL,NULL,'270.00'),
(430,'Mutton Hari Mirchi With Bone','Tasty','1700.00','/uploads/upload_1766661696567_944.jpg',91,23,2000,1,'2025-12-25 16:21:36.000','2025-12-25 16:21:36.000',176,154,108,'0.450','#111',NULL,NULL,NULL,'1700.00'),
(431,'Special Mutton Jalfrezi','Tasty','1700.00','/uploads/upload_1766661933158_994.jpg',87,23,2000,1,'2025-12-25 16:25:34.000','2025-12-25 16:25:34.000',184,114,31,'0.320','#fff',NULL,NULL,NULL,'1700.00'),
(432,'Mutton Malai Korma With Bone','Tasty','1000.00','/uploads/upload_1766662081383_962.jpg',87,23,2000,1,'2025-12-25 16:28:01.000','2025-12-25 16:28:01.000',152,145,117,'0.320','#111',NULL,NULL,NULL,'1000.00'),
(433,'Mutton Ginger With Bone','Tasty','1700.00','/uploads/upload_1766662194789_259.jpg',87,23,2000,1,'2025-12-25 16:29:55.000','2025-12-25 16:29:55.000',166,130,101,'0.320','#111',NULL,NULL,NULL,'1700.00'),
(434,'MuttonWhite Handi','Tasty','1700.00','/uploads/upload_1766662311973_559.jpg',87,23,2000,1,'2025-12-25 16:31:52.000','2025-12-25 16:31:52.000',166,132,80,'0.320','#111',NULL,NULL,NULL,'1700.00'),
(435,'Mutton Arabian Handi','Tasty','1700.00','/uploads/upload_1766662425633_575.jpg',87,23,2000,1,'2025-12-25 16:33:45.000','2025-12-25 16:33:45.000',80,53,41,'0.200','#fff',NULL,NULL,NULL,'1700.00'),
(436,'Mutton Handi White Bone','Tasty','1750.00','/uploads/upload_1766662585713_670.jpg',87,23,2000,1,'2025-12-25 16:36:26.000','2025-12-25 16:36:26.000',156,106,76,'0.200','#fff',NULL,NULL,NULL,'1750.00'),
(437,'Mutton Karahi','Tasty','1800.00','/uploads/upload_1766662688429_759.jpg',87,23,2000,1,'2025-12-25 16:38:08.000','2025-12-25 16:38:08.000',145,99,58,'0.200','#fff',NULL,NULL,NULL,'1800.00'),
(438,'Mutton Biryani Pulao','Tasty','1600.00','/uploads/upload_1766662780740_265.jpg',91,23,2000,1,'2025-12-25 16:39:41.000','2025-12-25 16:39:41.000',159,135,105,'0.320','#111',NULL,NULL,NULL,'1600.00'),
(439,'Mutton Afghani Pulao','Tasty','1600.00','/uploads/upload_1766662890393_471.jpg',87,23,2000,1,'2025-12-25 16:41:30.000','2025-12-25 16:41:30.000',136,107,79,'0.200','#fff',NULL,NULL,NULL,'1600.00'),
(440,'Rose Petal','','470.00','/uploads/upload_1766722870092_159.jpg',92,100,2000,1,'2025-12-26 09:21:10.000','2025-12-26 09:21:10.000',235,173,184,'0.450','#111',NULL,NULL,NULL,'470.00'),
(441,'Nestle Milk Pack','Fres Milk','110.00','/uploads/upload_1766723032197_866.jpg',92,100,2000,1,'2025-12-26 09:23:52.000','2025-12-26 09:23:52.000',182,207,179,'0.550','#111',NULL,NULL,NULL,'110.00'),
(442,'OLPER\'S Milk','Fresh','110.00','/uploads/upload_1766723184755_193.jpg',92,100,2000,1,'2025-12-26 09:26:25.000','2025-12-26 09:26:25.000',230,204,204,'0.550','#111',NULL,NULL,NULL,'110.00'),
(443,'OLPER\'S Dairy Cream','Fresh','250.00','/uploads/upload_1766723466389_561.jpg',92,100,2000,1,'2025-12-26 09:31:06.000','2025-12-26 09:31:06.000',225,193,204,'0.550','#111',NULL,NULL,NULL,'250.00'),
(444,'Nestle  Milk Pak Cream','Fresh','250.00','/uploads/upload_1766723669912_182.jpg',92,100,2000,1,'2025-12-26 09:34:30.000','2025-12-26 09:34:30.000',177,158,106,'0.450','#111',NULL,NULL,NULL,'250.00'),
(445,'Dawn Bran Bread','Fresh','160.00','/uploads/upload_1766723767706_230.jpg',92,100,2000,1,'2025-12-26 09:36:08.000','2025-12-26 09:36:08.000',241,233,227,'0.550','#111',NULL,NULL,NULL,'160.00'),
(446,'Nescafe Classic Coffee','Fresh','70.00','/uploads/upload_1766723963468_412.jpg',92,100,2000,1,'2025-12-26 09:39:23.000','2025-12-26 09:39:23.000',230,202,200,'0.550','#111',NULL,NULL,NULL,'70.00'),
(447,'Youngs\'s Cocolate Spread','Fresh','450.00','/uploads/upload_1766724116658_88.jpg',92,100,2000,1,'2025-12-26 09:41:56.000','2025-12-26 09:41:56.000',216,199,191,'0.550','#111',NULL,NULL,NULL,'450.00'),
(448,'Dawn Bread','Fresh','110.00','/uploads/upload_1766724326361_209.jpg',92,100,2000,1,'2025-12-26 09:45:26.000','2025-12-26 09:45:26.000',244,221,217,'0.550','#111',NULL,NULL,NULL,'110.00'),
(449,'Nexton Baby Lotion','','300.00','/uploads/upload_1766724500541_132.jpg',92,100,2000,1,'2025-12-26 09:48:20.000','2025-12-26 09:48:20.000',252,244,246,'0.550','#111',NULL,NULL,NULL,'300.00'),
(450,'Sunlight Surf','','100.00','/uploads/upload_1766724615186_139.jpg',92,100,2000,1,'2025-12-26 09:50:15.000','2025-12-26 09:50:15.000',238,218,227,'0.550','#111',NULL,NULL,NULL,'100.00'),
(451,'Safeguard Soap','','160.00','/uploads/upload_1766724733995_814.jpg',92,100,2000,1,'2025-12-26 09:52:14.000','2025-12-26 09:52:14.000',226,233,241,'0.550','#111',NULL,NULL,NULL,'160.00'),
(452,'Palmolive Soap','','150.00','/uploads/upload_1766724981592_651.jpg',92,100,2000,1,'2025-12-26 09:56:21.000','2025-12-26 09:56:21.000',205,223,192,'0.550','#111',NULL,NULL,NULL,'150.00'),
(453,'Tiger Killer','','120.00','/uploads/upload_1766725078409_879.jpg',92,100,2000,1,'2025-12-26 09:57:58.000','2025-12-26 09:57:58.000',222,206,212,'0.550','#111',NULL,NULL,NULL,'120.00'),
(454,'Capri Soap','','140.00','/uploads/upload_1766725182620_136.jpg',92,100,2000,1,'2025-12-26 09:59:42.000','2025-12-26 09:59:42.000',233,232,222,'0.550','#111',NULL,NULL,NULL,'140.00'),
(455,'Lux Soap','','150.00','/uploads/upload_1766725263886_829.jpg',92,100,2000,1,'2025-12-26 10:01:04.000','2025-12-26 10:01:04.000',238,228,221,'0.550','#111',NULL,NULL,NULL,'150.00'),
(456,'Elfy','','30.00','/uploads/upload_1766725345279_308.jpg',92,100,2000,1,'2025-12-26 10:02:25.000','2025-12-26 10:02:25.000',196,209,224,'0.550','#111',NULL,NULL,NULL,'30.00'),
(457,'Colgate (Tooth Paste)','','75.00','/uploads/upload_1766725548019_698.jpg',92,100,2000,1,'2025-12-26 10:05:48.000','2025-12-26 10:05:48.000',183,177,179,'0.450','#111',NULL,NULL,NULL,'75.00');
INSERT INTO `products` (`id`, `name`, `description`, `price`, `image_url`, `category_id`, `store_id`, `stock_quantity`, `is_available`, `created_at`, `updated_at`, `image_bg_r`, `image_bg_g`, `image_bg_b`, `image_overlay_alpha`, `image_contrast`, `unit_id`, `size_id`, `item_id`, `cost_price`) VALUES
(458,'Medicam','','120.00','/uploads/upload_1766725638528_498.jpg',92,100,2000,1,'2025-12-26 10:07:18.000','2025-12-26 10:07:18.000',218,220,227,'0.550','#111',NULL,NULL,NULL,'120.00'),
(459,'Doctor Tooth Paste','','90.00','/uploads/upload_1766725740108_792.jpg',92,100,2000,1,'2025-12-26 10:09:00.000','2025-12-26 10:09:00.000',164,158,144,'0.450','#111',NULL,NULL,NULL,'90.00'),
(460,'Sensodyne (Tooth Paste)','','270.00','/uploads/upload_1766726041209_415.jpg',92,100,2000,1,'2025-12-26 10:14:01.000','2025-12-26 10:14:01.000',241,242,243,'0.550','#111',NULL,NULL,NULL,'270.00'),
(461,'Lifebuoy Shampoo','','150.00','/uploads/upload_1766726255198_829.jpg',92,100,2000,1,'2025-12-26 10:17:35.000','2025-12-26 10:17:35.000',247,244,243,'0.550','#111',NULL,NULL,NULL,'150.00'),
(462,'Bio Amla Shampoo','','450.00','/uploads/upload_1766726346204_468.jpg',92,100,2000,1,'2025-12-26 10:19:06.000','2025-12-26 10:19:06.000',223,222,221,'0.550','#111',NULL,NULL,NULL,'450.00'),
(463,'Dove Shampoo','','500.00','/uploads/upload_1766726451627_1000.jpg',92,100,2000,1,'2025-12-26 10:20:51.000','2025-12-26 10:20:51.000',249,245,245,'0.550','#111',NULL,NULL,NULL,'500.00'),
(464,'Clear Shampoo','','450.00','/uploads/upload_1766726547595_461.jpg',92,100,2000,1,'2025-12-26 10:22:27.000','2025-12-26 10:22:27.000',194,201,218,'0.550','#111',NULL,NULL,NULL,'450.00'),
(465,'Sunsilk Shampoo','','190.00','/uploads/upload_1766726685401_13.jpg',92,100,2000,1,'2025-12-26 10:24:45.000','2025-12-26 10:24:45.000',249,224,234,'0.550','#111',NULL,NULL,NULL,'190.00'),
(466,'Pantene Shampoo','','190.00','/uploads/upload_1766726822361_847.jpg',92,100,2000,1,'2025-12-26 10:27:02.000','2025-12-26 10:27:02.000',249,247,241,'0.550','#111',NULL,NULL,NULL,'190.00'),
(467,'Head & Shulder','','230.00','/uploads/upload_1766726938486_767.jpg',92,100,2000,1,'2025-12-26 10:28:58.000','2025-12-26 10:28:58.000',225,232,241,'0.550','#111',NULL,NULL,NULL,'230.00'),
(468,'Lemon Max Liquid','','260.00','/uploads/upload_1766727064919_220.jpg',92,100,260,1,'2025-12-26 10:31:05.000','2025-12-26 10:31:05.000',244,239,207,'0.550','#111',NULL,NULL,NULL,'260.00'),
(469,'Lemon Max Soap','','50.00','/uploads/upload_1766727148584_509.jpg',92,100,2000,1,'2025-12-26 10:32:28.000','2025-12-26 10:32:28.000',209,221,196,'0.550','#111',NULL,NULL,NULL,'50.00'),
(470,'Skin White Soap','','150.00','/uploads/upload_1766727239453_251.jpg',92,100,2000,1,'2025-12-26 10:33:59.000','2025-12-26 10:33:59.000',223,207,211,'0.550','#111',NULL,NULL,NULL,'150.00'),
(471,'Tibet Soap','','110.00','/uploads/upload_1766727313207_243.jpg',92,100,2000,1,'2025-12-26 10:35:13.000','2025-12-26 10:35:13.000',222,208,170,'0.550','#111',NULL,NULL,NULL,'110.00'),
(472,'Dettol Soap','','160.00','/uploads/upload_1766727398525_833.jpg',92,100,2000,1,'2025-12-26 10:36:38.000','2025-12-26 10:36:38.000',159,203,127,'0.450','#111',NULL,NULL,NULL,'160.00'),
(473,'Dove Soap','','420.00','/uploads/upload_1766727466928_689.jpg',92,100,2000,1,'2025-12-26 10:37:47.000','2025-12-26 10:37:47.000',233,234,236,'0.550','#111',NULL,NULL,NULL,'420.00'),
(474,'Lifebuoy Soap','','90.00','/uploads/upload_1766727578260_685.jpg',92,100,2000,1,'2025-12-26 10:39:38.000','2025-12-26 10:39:38.000',222,184,181,'0.550','#111',NULL,NULL,NULL,'90.00'),
(475,'Sandal Soap','','150.00','/uploads/upload_1766728472629_241.jpg',92,100,2000,1,'2025-12-26 10:54:32.000','2025-12-26 10:54:32.000',245,226,210,'0.550','#111',NULL,NULL,NULL,'150.00'),
(476,'Tibet Fairness Cream','','220.00','/uploads/upload_1766728630899_149.jpg',92,100,2000,1,'2025-12-26 10:57:11.000','2025-12-26 10:57:11.000',230,210,217,'0.550','#111',NULL,NULL,NULL,'220.00'),
(477,'Ponds Fairness Cream','','370.00','/uploads/upload_1766728756734_523.jpg',92,100,2000,1,'2025-12-26 10:59:17.000','2025-12-26 10:59:17.000',236,205,213,'0.550','#111',NULL,NULL,NULL,'370.00'),
(478,'Golden Pearl Face Wash','','320.00','/uploads/upload_1766728879807_942.jpg',92,100,2000,1,'2025-12-26 11:01:20.000','2025-12-26 11:01:20.000',211,220,202,'0.550','#111',NULL,NULL,NULL,'320.00'),
(479,'Fair & Lovely Face Wash','','250.00','/uploads/upload_1766729231336_986.jpg',92,100,2000,1,'2025-12-26 11:07:11.000','2025-12-26 11:07:11.000',250,227,233,'0.550','#111',NULL,NULL,NULL,'250.00'),
(480,'YC Fach Wash','','530.00','/uploads/upload_1766729343559_56.jpg',92,100,2000,1,'2025-12-26 11:09:03.000','2025-12-26 11:09:03.000',219,232,223,'0.550','#111',NULL,NULL,NULL,'530.00'),
(481,'Clean & Clear Face Wash','','650.00','/uploads/upload_1766729448018_753.jpg',92,100,2000,1,'2025-12-26 11:10:48.000','2025-12-26 11:10:48.000',237,216,204,'0.550','#111',NULL,NULL,NULL,'650.00'),
(482,'Ponds Face Wash','','500.00','/uploads/upload_1766729578962_614.jpg',92,100,2000,1,'2025-12-26 11:12:59.000','2025-12-26 11:12:59.000',231,197,209,'0.550','#111',NULL,NULL,NULL,'500.00'),
(483,'Mother Care Baby Lotion','','350.00','/uploads/upload_1766729755922_262.jpg',92,100,2000,1,'2025-12-26 11:15:56.000','2025-12-26 11:15:56.000',241,219,225,'0.550','#111',NULL,NULL,NULL,'350.00'),
(484,'Skin White  Lotion','','300.00','/uploads/upload_1766729865723_754.jpg',92,100,2000,1,'2025-12-26 11:17:46.000','2025-12-26 11:17:46.000',57,41,44,'0.200','#fff',NULL,NULL,NULL,'300.00'),
(485,'Fair & Lovely Lotion','','220.00','/uploads/upload_1766729959306_452.jpg',92,100,2000,1,'2025-12-26 11:19:19.000','2025-12-26 11:19:19.000',237,237,240,'0.550','#111',NULL,NULL,NULL,'220.00'),
(486,'Vaseline','','350.00','/uploads/upload_1766730071920_745.jpg',92,100,2000,1,'2025-12-26 11:21:12.000','2025-12-26 11:21:12.000',167,193,218,'0.450','#111',NULL,NULL,NULL,'350.00'),
(487,'Care Lotion','','220.00','/uploads/upload_1766730173611_989.jpg',92,100,2000,1,'2025-12-26 11:22:53.000','2025-12-26 11:22:53.000',246,240,231,'0.550','#111',NULL,NULL,NULL,'220.00'),
(488,'Dove Conditioner','','480.00','/uploads/upload_1766730309420_275.jpg',92,100,2000,1,'2025-12-26 11:25:09.000','2025-12-26 11:25:09.000',248,248,247,'0.550','#111',NULL,NULL,NULL,'480.00'),
(489,'Sunsilk Conditioner','','450.00','/uploads/upload_1766730426726_619.jpg',92,100,2000,1,'2025-12-26 11:27:07.000','2025-12-26 11:27:07.000',250,223,236,'0.550','#111',NULL,NULL,NULL,'450.00'),
(490,'Sanitary Pads','','340.00','/uploads/upload_1766730568627_408.jpg',92,100,2000,1,'2025-12-26 11:29:28.000','2025-12-26 11:29:28.000',146,193,231,'0.450','#111',NULL,NULL,NULL,'340.00'),
(491,'Sultan Ghee','','270.00','/uploads/upload_1766730666070_747.jpg',92,100,2000,1,'2025-12-26 11:31:06.000','2025-12-26 11:31:06.000',236,227,202,'0.550','#111',NULL,NULL,NULL,'270.00'),
(492,'Dalda Ghee','','580.00','/uploads/upload_1766730758989_551.jpg',92,100,2000,1,'2025-12-26 11:32:39.000','2025-12-26 11:32:39.000',97,87,44,'0.200','#fff',NULL,NULL,NULL,'580.00'),
(493,'Brite Surf','','310.00','/uploads/upload_1766730904160_337.jpg',92,100,2000,1,'2025-12-26 11:35:04.000','2025-12-26 11:35:04.000',187,200,219,'0.550','#111',NULL,NULL,NULL,'310.00'),
(494,'Bonus Surf','','250.00','/uploads/upload_1766730998938_472.jpg',92,100,2000,1,'2025-12-26 11:36:39.000','2025-12-26 11:36:39.000',231,215,169,'0.550','#111',NULL,NULL,NULL,'250.00'),
(495,'Ariel Surf','','300.00','/uploads/upload_1766731144811_540.jpg',92,100,2000,1,'2025-12-26 11:39:05.000','2025-12-26 11:39:05.000',196,206,192,'0.550','#111',NULL,NULL,NULL,'300.00'),
(496,'Surf Excel','','50.00','/uploads/upload_1766731237718_89.jpg',92,100,2000,1,'2025-12-26 11:40:38.000','2025-12-26 11:40:38.000',185,154,156,'0.450','#111',NULL,NULL,NULL,'50.00'),
(497,'Chicken Hari Mirchi (Boneless)','Tasty','1250.00','/uploads/upload_1766746911934_327.jpg',87,50,2000,1,'2025-12-26 16:01:52.000','2025-12-26 16:01:52.000',196,181,115,'0.450','#111',NULL,NULL,NULL,'1250.00'),
(498,'Finger Fish','Tasty','1800.00','/uploads/upload_1766747118247_859.jpg',87,50,2000,1,'2025-12-26 16:05:18.000','2025-12-26 16:05:18.000',194,121,45,'0.320','#111',NULL,NULL,NULL,'1800.00'),
(499,'Roti','Fresh & Hot','15.00','/uploads/upload_1766747191457_194.jpg',87,50,2000,1,'2025-12-26 16:06:31.000','2025-12-26 16:06:31.000',135,112,102,'0.320','#fff',NULL,NULL,NULL,'15.00'),
(500,'Mint Sauce','Fresh','50.00','/uploads/upload_1766747296606_477.jpg',87,50,2000,1,'2025-12-26 16:08:16.000','2025-12-26 16:08:16.000',155,145,118,'0.320','#111',NULL,NULL,NULL,'50.00'),
(501,'Chicken Afghani Kabab','Tasty','300.00','/uploads/upload_1766747484553_868.jpg',87,50,2000,1,'2025-12-26 16:11:24.000','2025-12-26 16:11:24.000',172,158,131,'0.450','#111',NULL,NULL,NULL,'300.00'),
(502,'Chicken Reshmi Kabab','Tasty','400.00','/uploads/upload_1766747678184_216.jpg',87,50,2000,1,'2025-12-26 16:14:38.000','2025-12-26 16:14:38.000',189,157,109,'0.450','#111',NULL,NULL,NULL,'400.00'),
(503,'Chicken Malai Boti','Tasty','300.00','/uploads/upload_1766747830026_205.jpg',87,50,2000,1,'2025-12-26 16:17:10.000','2025-12-26 16:17:10.000',88,82,72,'0.200','#fff',NULL,NULL,NULL,'300.00'),
(504,'Chicken Tikka Boti','Tasty','460.00','/uploads/upload_1766747916506_676.jpg',87,50,2000,1,'2025-12-26 16:18:36.000','2025-12-26 16:18:36.000',214,164,124,'0.450','#111',NULL,NULL,NULL,'460.00'),
(505,'Chicken Lahori Tikka Chest','Tasty','430.00','/uploads/upload_1766748049419_300.jpg',87,50,2000,1,'2025-12-26 16:20:49.000','2025-12-26 16:20:49.000',195,151,119,'0.450','#111',NULL,NULL,NULL,'430.00'),
(506,'Chicken Lahori Tikka Leg','Tasty','380.00','/uploads/upload_1766748164652_929.jpg',87,50,2000,1,'2025-12-26 16:22:44.000','2025-12-26 16:22:44.000',158,113,78,'0.320','#fff',NULL,NULL,NULL,'380.00'),
(507,'Kastori Boti','Tasty','620.00','/uploads/upload_1766748281377_347.jpg',87,50,2000,1,'2025-12-26 16:24:41.000','2025-12-26 16:24:41.000',155,124,62,'0.320','#fff',NULL,NULL,NULL,'620.00'),
(508,'Chicken Chest Broast','Tasty','430.00','/uploads/upload_1766748347900_751.jpg',87,50,2000,1,'2025-12-26 16:25:48.000','2025-12-26 16:25:48.000',193,148,104,'0.450','#111',NULL,NULL,NULL,'430.00'),
(509,'Damra Grill Fish','Tasty','800.00','/uploads/upload_1766748445924_705.jpg',87,50,2000,1,'2025-12-26 16:27:26.000','2025-12-26 16:27:26.000',139,104,80,'0.200','#fff',NULL,NULL,NULL,'800.00'),
(510,'Tikka Fish','Tasty','1800.00','/uploads/upload_1766748518577_87.jpg',87,50,2000,1,'2025-12-26 16:28:38.000','2025-12-26 16:28:38.000',165,136,112,'0.320','#111',NULL,NULL,NULL,'1800.00'),
(511,'Chicken Achari Boti','Tasty','450.00','/uploads/upload_1766748609947_687.jpg',87,50,2000,1,'2025-12-26 16:30:10.000','2025-12-26 16:30:10.000',171,157,126,'0.450','#111',NULL,NULL,NULL,'450.00'),
(512,'Chicken Malai Boti','Tasty','600.00','/uploads/upload_1766748701580_958.jpg',87,50,2000,1,'2025-12-26 16:31:41.000','2025-12-26 16:31:41.000',88,82,72,'0.200','#fff',NULL,NULL,NULL,'600.00'),
(513,'Hot & Sour Soup','Tasty','550.00','/uploads/upload_1766748757048_312.jpg',87,50,2000,1,'2025-12-26 16:32:37.000','2025-12-26 16:32:37.000',142,119,88,'0.320','#fff',NULL,NULL,NULL,'550.00'),
(514,'Daal Mash','Tasty','450.00','/uploads/upload_1766748814721_468.jpg',87,50,2000,1,'2025-12-26 16:33:35.000','2025-12-26 16:33:35.000',194,165,82,'0.450','#111',NULL,NULL,NULL,'450.00'),
(515,'Chicken Masala Rice','Tasty','400.00','/uploads/upload_1766748873561_74.jpg',87,50,2000,1,'2025-12-26 16:34:33.000','2025-12-26 16:34:33.000',190,154,93,'0.450','#111',NULL,NULL,NULL,'400.00'),
(516,'Shahi Daal','Tasty','450.00','/uploads/upload_1766748949101_330.jpg',87,50,2000,1,'2025-12-26 16:35:49.000','2025-12-26 16:35:49.000',193,177,133,'0.450','#111',NULL,NULL,NULL,'450.00'),
(517,'Vegetable Rice','Fresh','400.00','/uploads/upload_1766749017954_710.jpg',87,50,2000,1,'2025-12-26 16:36:58.000','2025-12-26 16:36:58.000',178,154,143,'0.450','#111',NULL,NULL,NULL,'400.00'),
(518,'Egg Fried Rice','Fresh','400.00','/uploads/upload_1766749077598_58.webp',76,50,2000,1,'2025-12-26 16:37:58.000','2025-12-26 16:37:58.000',214,194,145,'0.550','#111',NULL,NULL,NULL,'400.00'),
(519,'Aroma-inn Special Rice','Tasty','520.00','/uploads/upload_1766749183070_33.jpg',87,50,2000,1,'2025-12-26 16:39:43.000','2025-12-26 16:39:43.000',157,127,76,'0.320','#111',NULL,NULL,NULL,'520.00'),
(520,'Thandoori Paratha','Fresh','70.00','/uploads/upload_1766749280021_816.jpg',NULL,50,2000,1,'2025-12-26 16:41:20.000','2025-12-26 16:41:20.000',202,167,110,'0.450','#111',NULL,NULL,NULL,'70.00'),
(521,'Kalwanji Naan','Fresh','60.00','/uploads/upload_1766749399537_809.jpg',87,50,2000,1,'2025-12-26 16:43:19.000','2025-12-26 16:43:19.000',177,135,80,'0.320','#111',NULL,NULL,NULL,'60.00'),
(522,'Fruit Salaad','Fresh','700.00','/uploads/upload_1766749477640_948.jpg',91,50,2000,1,'2025-12-26 16:44:37.000','2025-12-26 16:44:37.000',143,115,78,'0.320','#fff',NULL,NULL,NULL,'700.00'),
(523,'Russian Salaad','Fresh','600.00','/uploads/upload_1766749551252_679.jpg',87,50,2000,1,'2025-12-26 16:45:51.000','2025-12-26 16:45:51.000',171,154,122,'0.450','#111',NULL,NULL,NULL,'600.00'),
(524,'Kachumar Salaad','Fresh','50.00','/uploads/upload_1766749627501_430.jpg',91,50,2000,1,'2025-12-26 16:47:07.000','2025-12-26 16:47:07.000',156,118,82,'0.320','#fff',NULL,NULL,NULL,'50.00'),
(525,'Fresh Green Salaad','Fresh','50.00','/uploads/upload_1766749713410_848.jpg',87,50,2000,1,'2025-12-26 16:48:33.000','2025-12-26 16:48:33.000',163,152,97,'0.320','#111',NULL,NULL,NULL,'50.00'),
(526,'Raita','Fresh','40.00','/uploads/upload_1766749781753_182.webp',87,50,2000,1,'2025-12-26 16:49:42.000','2025-12-26 16:49:42.000',156,155,106,'0.320','#111',NULL,NULL,NULL,'40.00'),
(527,'Chicken Tawa Piece Masala','Fresh','500.00','/uploads/upload_1766749884464_8.png',87,50,2000,1,'2025-12-26 16:51:24.000','2025-12-26 16:51:24.000',153,143,110,'0.320','#111',NULL,NULL,NULL,'500.00'),
(528,'Chicken Tikka Boti Masala','Tasty','900.00','/uploads/upload_1766749984744_389.jpg',87,50,2000,1,'2025-12-26 16:53:05.000','2025-12-26 16:53:05.000',104,78,61,'0.200','#fff',NULL,NULL,NULL,'900.00'),
(529,'Chicken Kabab Masala','Tasty & Fresh','1250.00','/uploads/upload_1766750107539_475.jpg',91,50,2000,1,'2025-12-26 16:55:07.000','2025-12-26 16:55:07.000',177,121,58,'0.320','#111',NULL,NULL,NULL,'1250.00'),
(530,'Chicken Shah Jahani','Tasty','1150.00','/uploads/upload_1766750206851_807.jpg',87,50,2000,1,'2025-12-26 16:56:47.000','2025-12-26 16:56:47.000',178,138,64,'0.320','#111',NULL,NULL,NULL,'1150.00'),
(531,'Chicken Crispy','Tasty','500.00','/uploads/upload_1766750293210_857.jpg',87,50,2000,1,'2025-12-26 16:58:13.000','2025-12-26 16:58:13.000',169,111,58,'0.320','#fff',NULL,NULL,NULL,'500.00'),
(532,'Chicken Dhaka','Fresh','1200.00','/uploads/upload_1766750370162_168.jpg',87,50,2000,1,'2025-12-26 16:59:30.000','2025-12-26 16:59:30.000',161,94,34,'0.200','#fff',NULL,NULL,NULL,'1200.00'),
(533,'Chicken Chowmein','Tasty','1200.00','/uploads/upload_1766750480729_886.jpg',87,50,2000,1,'2025-12-26 17:01:21.000','2025-12-26 17:01:21.000',119,91,52,'0.200','#fff',NULL,NULL,NULL,'1200.00'),
(534,'Chicken Shashilk With Rice','Fresh','1200.00','/uploads/upload_1766750573441_963.jpg',87,50,2000,1,'2025-12-26 17:02:53.000','2025-12-26 17:02:53.000',160,116,80,'0.320','#fff',NULL,NULL,NULL,'1200.00'),
(535,'Cgicken Chilli Onion','Fresh','900.00','/uploads/upload_1766750649150_261.jpg',87,50,2000,1,'2025-12-26 17:04:09.000','2025-12-26 17:04:09.000',183,99,53,'0.200','#fff',NULL,NULL,NULL,'900.00'),
(536,'Chicken Black Pepper','Fresh','1150.00','/uploads/upload_1766750821100_982.jpg',87,50,2000,1,'2025-12-26 17:07:01.000','2025-12-26 17:07:01.000',100,64,44,'0.200','#fff',NULL,NULL,NULL,'1150.00'),
(537,'Chicken Manchurian','Tasty','1150.00','/uploads/upload_1766750891783_999.jpg',87,50,2000,1,'2025-12-26 17:08:12.000','2025-12-26 17:08:12.000',162,87,39,'0.200','#fff',NULL,NULL,NULL,'1150.00'),
(538,'Chicken Green Chilli','Fresh','1500.00','/uploads/upload_1766750999980_46.jpg',87,50,2000,1,'2025-12-26 17:10:00.000','2025-12-26 17:10:00.000',101,94,40,'0.200','#fff',NULL,NULL,NULL,'1500.00'),
(539,'Chicken Ginger','Tasty','1150.00','/uploads/upload_1766753829535_794.jpg',87,50,2000,1,'2025-12-26 17:57:09.000','2025-12-26 17:57:09.000',109,95,55,'0.200','#fff',NULL,NULL,NULL,'1150.00'),
(540,'Chicken Shinwari Karahi','Tasty','800.00','/uploads/upload_1766753924309_617.jpg',87,50,2000,1,'2025-12-26 17:58:44.000','2025-12-26 17:58:44.000',141,98,48,'0.200','#fff',NULL,NULL,NULL,'800.00'),
(541,'Chicken White Karahi','Tasty','800.00','/uploads/upload_1766753990471_32.jpg',87,50,2000,1,'2025-12-26 17:59:50.000','2025-12-26 17:59:50.000',176,137,103,'0.320','#111',NULL,NULL,NULL,'800.00'),
(542,'Chicken Karahi','Tasty','780.00','/uploads/upload_1766754051671_51.jpg',87,50,2000,1,'2025-12-26 18:00:51.000','2025-12-26 18:00:51.000',167,134,98,'0.320','#111',NULL,NULL,NULL,'780.00'),
(543,'Chicken Madrasi Handi','Tasty','900.00','/uploads/upload_1766754150166_154.jpg',87,50,2000,1,'2025-12-26 18:02:30.000','2025-12-26 18:02:30.000',181,165,146,'0.450','#111',NULL,NULL,NULL,'900.00'),
(544,'Chicken Achari Handi','Fresh','900.00','/uploads/upload_1766754314443_912.jpg',87,50,2000,1,'2025-12-26 18:05:14.000','2025-12-26 18:05:14.000',155,121,66,'0.320','#fff',NULL,NULL,NULL,'900.00'),
(545,'Chicken White Handi','Tasty','900.00','/uploads/upload_1766754389971_550.jpg',87,50,2000,1,'2025-12-26 18:06:30.000','2025-12-26 18:06:30.000',146,144,107,'0.320','#111',NULL,NULL,NULL,'900.00'),
(546,'Chicken Handi','Tasty','920.00','/uploads/upload_1766754449430_559.jpg',87,50,2000,1,'2025-12-26 18:07:29.000','2025-12-26 18:07:29.000',219,172,116,'0.450','#111',NULL,NULL,NULL,'920.00'),
(547,'Aroma-inn Special Handi','Tasty','950.00','/uploads/upload_1766754579302_424.jpg',87,50,2000,1,'2025-12-26 18:09:41.000','2025-12-26 18:09:41.000',139,98,59,'0.200','#fff',NULL,NULL,NULL,'950.00'),
(548,'Chicken Fried Rice','Fresh','500.00','/uploads/upload_1766754654393_242.jpeg',87,50,2000,1,'2025-12-26 18:10:54.000','2025-12-26 18:10:54.000',176,164,127,'0.450','#111',NULL,NULL,NULL,'500.00'),
(549,'Chicken Hari Mirchi Karahi','Fresh','800.00','/uploads/upload_1766754795515_459.jpg',87,50,2000,1,'2025-12-26 18:13:15.000','2025-12-26 18:13:15.000',184,170,125,'0.450','#111',NULL,NULL,NULL,'800.00'),
(550,'Roghni Naan','Fresh','40.00','/uploads/upload_1766755581127_735.jpg',87,50,2000,1,'2025-12-26 18:26:21.000','2025-12-26 18:26:21.000',166,134,88,'0.320','#111',NULL,NULL,NULL,'40.00'),
(551,'Mutton Biryani','Tasty','700.00','/uploads/upload_1766755720317_634.jpg',87,50,2000,1,'2025-12-26 18:28:40.000','2025-12-26 18:28:40.000',151,124,102,'0.320','#111',NULL,NULL,NULL,'700.00'),
(552,'Mutton Namkin Karahi','Tasty','1550.00','/uploads/upload_1766755952244_615.jpg',87,50,2000,1,'2025-12-26 18:32:32.000','2025-12-26 18:32:32.000',140,123,95,'0.320','#fff',NULL,NULL,NULL,'1550.00'),
(553,'Mutton Shinwari','Fresh','1550.00','/uploads/upload_1766756058282_458.jpg',87,50,2000,1,'2025-12-26 18:34:18.000','2025-12-26 18:34:18.000',133,99,72,'0.200','#fff',NULL,NULL,NULL,'1550.00'),
(554,'Mutton Hari Mirchi','Tasty','1900.00','/uploads/upload_1766756177121_603.jpg',87,50,2000,1,'2025-12-26 18:36:17.000','2025-12-26 18:36:17.000',152,145,116,'0.320','#111',NULL,NULL,NULL,'1900.00'),
(555,'Mutton White Handi','Tasty','1450.00','/uploads/upload_1766756271821_783.jpg',87,50,2000,1,'2025-12-26 18:37:52.000','2025-12-26 18:37:52.000',166,132,80,'0.320','#111',NULL,NULL,NULL,'1450.00'),
(556,'Mutton Peshawri Karahi','Fresh','1450.00','/uploads/upload_1766756369381_619.jpg',87,50,2000,1,'2025-12-26 18:39:29.000','2025-12-26 18:39:29.000',88,59,29,'0.200','#fff',NULL,NULL,NULL,'1450.00'),
(557,'Mutton White Karahi','Tasty','1600.00','/uploads/upload_1766756491578_819.jpg',87,50,2000,1,'2025-12-26 18:41:31.000','2025-12-26 18:41:31.000',164,152,107,'0.320','#111',NULL,NULL,NULL,'1600.00');
INSERT INTO `products` (`id`, `name`, `description`, `price`, `image_url`, `category_id`, `store_id`, `stock_quantity`, `is_available`, `created_at`, `updated_at`, `image_bg_r`, `image_bg_g`, `image_bg_b`, `image_overlay_alpha`, `image_contrast`, `unit_id`, `size_id`, `item_id`, `cost_price`) VALUES
(558,'Mutton Handi','Tasty','1450.00','/uploads/upload_1766756628721_127.jpg',87,50,2000,1,'2025-12-26 18:43:49.000','2025-12-26 18:43:49.000',156,106,76,'0.200','#fff',NULL,NULL,NULL,'1450.00'),
(559,'Mutton Karahi','Tasty','1580.00','/uploads/upload_1766756758966_527.jpg',87,50,2000,1,'2025-12-26 18:45:59.000','2025-12-26 18:45:59.000',88,59,29,'0.200','#fff',NULL,NULL,NULL,'1580.00'),
(560,'Roti','Fresh','15.00','/uploads/upload_1766756866400_825.jpg',87,77,2000,1,'2025-12-26 18:47:46.000','2025-12-26 18:47:46.000',135,112,102,'0.320','#fff',NULL,NULL,NULL,'15.00'),
(561,'Hot & Sour Soup','Fresh','500.00','/uploads/upload_1766756941424_758.jpg',87,77,2000,1,'2025-12-26 18:49:01.000','2025-12-26 18:49:01.000',142,119,88,'0.320','#fff',NULL,NULL,NULL,'500.00'),
(562,'Shahi Daal','Tasty','450.00','/uploads/upload_1766756997664_787.jpg',87,77,2000,1,'2025-12-26 18:49:57.000','2025-12-26 18:49:57.000',193,177,133,'0.450','#111',NULL,NULL,NULL,'450.00'),
(563,'Manchurian Rice','Tasty','1000.00','/uploads/upload_1766757108801_977.jpg',87,77,2000,1,'2025-12-26 18:51:49.000','2025-12-26 18:51:49.000',150,123,84,'0.320','#fff',NULL,NULL,NULL,'1000.00'),
(564,'Shashlik Rice','Tasty','1000.00','/uploads/upload_1766757248957_113.jpg',87,77,2000,1,'2025-12-26 18:54:09.000','2025-12-26 18:54:09.000',181,135,98,'0.320','#111',NULL,NULL,NULL,'1000.00'),
(565,'Shashlik Rice','Tasty','1000.00','/uploads/upload_1766757250395_548.jpg',87,77,2000,1,'2025-12-26 18:54:10.000','2025-12-26 18:54:10.000',181,135,98,'0.320','#111',NULL,NULL,NULL,'1000.00'),
(566,'Sindhi Biryani','Tasty','450.00','/uploads/upload_1766757364745_408.jpg',87,77,2000,1,'2025-12-26 18:56:05.000','2025-12-26 18:56:05.000',191,175,139,'0.450','#111',NULL,NULL,NULL,'450.00'),
(567,'Egg Fried Rice','Tasty','450.00','/uploads/upload_1766757429524_929.webp',87,77,2000,1,'2025-12-26 18:57:10.000','2025-12-26 18:57:10.000',214,194,145,'0.550','#111',NULL,NULL,NULL,'450.00'),
(568,'Vegetable Rice','Tasty','450.00','/uploads/upload_1766757496804_825.jpg',87,77,2000,1,'2025-12-26 18:58:17.000','2025-12-26 18:58:17.000',178,154,143,'0.450','#111',NULL,NULL,NULL,'450.00'),
(569,'Chicken Masala Rice','Tasty','500.00','/uploads/upload_1766757554910_951.jpg',87,77,2000,1,'2025-12-26 18:59:15.000','2025-12-26 18:59:15.000',190,154,93,'0.450','#111',NULL,NULL,NULL,'500.00'),
(570,'Chicken Fried Rice','Fresh','500.00','/uploads/upload_1766757618378_893.jpeg',87,77,2000,1,'2025-12-26 19:00:18.000','2025-12-26 19:00:18.000',176,164,127,'0.450','#111',NULL,NULL,NULL,'500.00'),
(571,'Afghnani Pulao','Fresh','600.00','/uploads/upload_1766757689488_672.jpg',87,77,2000,1,'2025-12-26 19:01:29.000','2025-12-26 19:01:29.000',144,130,89,'0.320','#111',NULL,NULL,NULL,'600.00'),
(572,'Grill Fish','Tasty','1700.00','/uploads/upload_1766765031906_673.jpg',87,77,2000,1,'2025-12-26 21:03:52.000','2025-12-26 21:03:52.000',157,122,95,'0.320','#fff',NULL,NULL,NULL,'1700.00'),
(573,'Tikka Chest Piece','Fresh','420.00','/uploads/upload_1766765119980_764.jpg',87,77,2000,1,'2025-12-26 21:05:20.000','2025-12-26 21:05:20.000',160,118,99,'0.320','#fff',NULL,NULL,NULL,'420.00'),
(574,'Tikka Leg Piece','Fresh','350.00','/uploads/upload_1766765172913_256.jpg',87,77,2000,1,'2025-12-26 21:06:13.000','2025-12-26 21:06:13.000',226,198,187,'0.550','#111',NULL,NULL,NULL,'350.00'),
(575,'Chicken Rsshmi Kabab','Tasty','200.00','/uploads/upload_1766765257678_916.jpg',87,77,2000,1,'2025-12-26 21:07:38.000','2025-12-26 21:07:38.000',189,157,109,'0.450','#111',NULL,NULL,NULL,'200.00'),
(576,'Chicken Seekh Kabab','Fresh','170.00','/uploads/upload_1766765377095_816.jpg',87,77,2000,1,'2025-12-26 21:09:37.000','2025-12-26 21:09:37.000',166,126,77,'0.320','#111',NULL,NULL,NULL,'170.00'),
(577,'Malai Boti Seekh','Tasty','200.00','/uploads/upload_1766765436742_976.jpg',87,77,2000,1,'2025-12-26 21:10:37.000','2025-12-26 21:10:37.000',88,82,72,'0.200','#fff',NULL,NULL,NULL,'200.00'),
(578,'Chicken Tikka Boti  Seek','Tasty','170.00','/uploads/upload_1766765513018_397.jpg',87,77,2000,1,'2025-12-26 21:11:53.000','2025-12-26 21:11:53.000',159,132,98,'0.320','#111',NULL,NULL,NULL,'170.00'),
(579,'Chicken Handi','Tasty','950.00','/uploads/upload_1766765775986_936.jpg',87,77,2000,1,'2025-12-26 21:16:16.000','2025-12-26 21:16:16.000',219,172,116,'0.450','#111',NULL,NULL,NULL,'950.00'),
(580,'Chicken White Handi','Tasty','950.00','/uploads/upload_1766766614263_603.jpg',87,77,2000,1,'2025-12-26 21:30:14.000','2025-12-26 21:30:14.000',146,144,107,'0.320','#111',NULL,NULL,NULL,'950.00'),
(581,'Chicken Achari Handi','Tasty','1000.00','/uploads/upload_1766766746216_784.jpg',87,77,2000,1,'2025-12-26 21:32:26.000','2025-12-26 21:32:26.000',155,121,66,'0.320','#fff',NULL,NULL,NULL,'1000.00'),
(582,'Chicken Hari Mirch Handi','Tasty','1000.00','/uploads/upload_1766766904203_124.jpg',87,77,2000,1,'2025-12-26 21:35:04.000','2025-12-26 21:35:04.000',158,127,99,'0.320','#111',NULL,NULL,NULL,'1000.00'),
(583,'Chicken Nawabi Handi','Tasty','1100.00','/uploads/upload_1766766978565_474.jpg',87,77,2000,1,'2025-12-26 21:36:18.000','2025-12-26 21:36:18.000',119,63,40,'0.200','#fff',NULL,NULL,NULL,'1100.00'),
(584,'Murshid Special Chicken Karahi','Fresh','600.00','/uploads/upload_1766767113045_895.jpg',87,77,2000,1,'2025-12-26 21:38:33.000','2025-12-26 21:38:33.000',163,129,93,'0.320','#111',NULL,NULL,NULL,'600.00'),
(585,'Chicken Karahi','Tasty','500.00','/uploads/upload_1766767221972_701.jpg',87,77,2000,1,'2025-12-26 21:40:22.000','2025-12-26 21:40:22.000',167,134,98,'0.320','#111',NULL,NULL,NULL,'500.00'),
(586,'Chicken Afghani Karahi','Tasty','550.00','/uploads/upload_1766767662162_161.jpg',87,77,2000,1,'2025-12-26 21:47:42.000','2025-12-26 21:47:42.000',166,134,77,'0.320','#111',NULL,NULL,NULL,'550.00'),
(587,'Chicken White Karahi','Tasty','500.00','/uploads/upload_1766767752565_46.jpg',87,77,2000,1,'2025-12-26 21:49:12.000','2025-12-26 21:49:12.000',176,137,103,'0.320','#111',NULL,NULL,NULL,'500.00'),
(588,'Chicken Achari Karahi','Tasty','550.00','/uploads/upload_1766767857131_565.jpg',87,77,2000,1,'2025-12-26 21:50:57.000','2025-12-26 21:50:57.000',203,177,132,'0.450','#111',NULL,NULL,NULL,'550.00'),
(589,'Chicken Balochi Karahi','Tasty','550.00','/uploads/upload_1766767983438_546.jpg',87,77,2000,1,'2025-12-26 21:53:03.000','2025-12-26 21:53:03.000',137,106,79,'0.200','#fff',NULL,NULL,NULL,'550.00'),
(590,'Chicken Charsi Karahi','Tasty','550.00','/uploads/upload_1766768114225_986.jpg',87,77,2000,1,'2025-12-26 21:55:14.000','2025-12-26 21:55:14.000',141,99,45,'0.200','#fff',NULL,NULL,NULL,'550.00'),
(591,'Chicken Makhni Karahi','Tasty','550.00','/uploads/upload_1766768645697_894.jpg',87,77,2000,1,'2025-12-26 22:04:06.000','2025-12-26 22:04:06.000',186,163,134,'0.450','#111',NULL,NULL,NULL,'550.00'),
(592,'Beef White Karahi','Tasty','600.00','/uploads/upload_1766768780567_812.jpg',91,77,2000,1,'2025-12-26 22:06:20.000','2025-12-26 22:06:20.000',137,129,110,'0.320','#111',NULL,NULL,NULL,'600.00'),
(593,'Beef Namkeen Karahi','Tasty','600.00','/uploads/upload_1766769014921_280.jpg',87,77,2000,1,'2025-12-26 22:10:15.000','2025-12-26 22:10:15.000',145,114,86,'0.320','#fff',NULL,NULL,NULL,'600.00'),
(594,'Beef Achari Karahi','Tasty','600.00','/uploads/upload_1766769383910_880.jpg',87,77,2000,1,'2025-12-26 22:16:24.000','2025-12-26 22:16:24.000',152,122,97,'0.320','#fff',NULL,NULL,NULL,'600.00'),
(595,'Beef Afghani Karahi','Tasty','600.00','/uploads/upload_1766770036561_646.jpg',87,77,2000,1,'2025-12-26 22:27:16.000','2025-12-26 22:27:16.000',144,111,85,'0.320','#fff',NULL,NULL,NULL,'600.00'),
(596,'Chicken Badami Karahi','Tasty','1000.00','/uploads/upload_1766770190127_399.jpg',87,77,2000,1,'2025-12-26 22:29:50.000','2025-12-26 22:29:50.000',167,116,68,'0.320','#fff',NULL,NULL,NULL,'1000.00'),
(597,'Chicken Kabab Karahi','Tasty','900.00','/uploads/upload_1766770295507_711.jpg',87,77,2000,1,'2025-12-26 22:31:35.000','2025-12-26 22:31:35.000',161,127,84,'0.320','#111',NULL,NULL,NULL,'900.00'),
(598,'Chicken Tikka Karahi','Tasty','900.00','/uploads/upload_1766770496460_491.jpg',87,77,2000,1,'2025-12-26 22:34:56.000','2025-12-26 22:34:56.000',152,89,41,'0.200','#fff',NULL,NULL,NULL,'900.00'),
(599,'Dalda Cooking Oil','','590.00','/uploads/upload_1766812446018_646.jpg',92,100,2000,1,'2025-12-27 10:14:06.000','2025-12-27 10:14:06.000',243,235,209,'0.550','#111',NULL,NULL,NULL,'590.00'),
(600,'Sultan Coking Oil','Fresh','530.00','/uploads/upload_1766814171117_100.jpg',92,100,2000,1,'2025-12-27 10:42:51.000','2025-12-27 10:42:51.000',204,194,152,'0.550','#111',NULL,NULL,NULL,'530.00'),
(601,'Hoor Cooking Oil','','590.00','/uploads/upload_1766814359095_301.jpg',92,100,2000,1,'2025-12-27 10:45:59.000','2025-12-27 10:45:59.000',113,64,87,'0.200','#fff',NULL,NULL,NULL,'590.00'),
(602,'Sugar','','100.00','/uploads/upload_1766814478356_403.jpg',92,100,2000,1,'2025-12-27 10:47:58.000','2025-12-27 10:47:58.000',207,195,180,'0.550','#111',NULL,NULL,NULL,'100.00'),
(603,'Daal Channa','','100.00','/uploads/upload_1766814719305_600.jpg',92,100,2000,1,'2025-12-27 10:51:59.000','2025-12-27 10:51:59.000',235,182,64,'0.450','#111',NULL,NULL,NULL,'100.00'),
(604,'Masoor Daal','','80.00','/uploads/upload_1766814880180_546.jpg',92,100,2000,1,'2025-12-27 10:54:40.000','2025-12-27 10:54:40.000',207,148,104,'0.450','#111',NULL,NULL,NULL,'80.00'),
(605,'Daal Maash','','150.00','/uploads/upload_1766815061844_624.jpg',92,100,2000,1,'2025-12-27 10:57:42.000','2025-12-27 10:57:42.000',217,199,173,'0.550','#111',NULL,NULL,NULL,'150.00'),
(606,'Green Moong Daal','','110.00','/uploads/upload_1766815202345_935.jpg',92,100,2000,1,'2025-12-27 11:00:02.000','2025-12-27 11:00:02.000',173,167,110,'0.450','#111',NULL,NULL,NULL,'110.00'),
(607,'Channa Large','','100.00','/uploads/upload_1766816522738_635.jpg',92,100,2000,1,'2025-12-27 11:22:03.000','2025-12-27 11:22:03.000',187,156,136,'0.450','#111',NULL,NULL,NULL,'100.00'),
(608,'Black Channa','','90.00','/uploads/upload_1766816678609_914.jpg',92,100,2000,1,'2025-12-27 11:24:38.000','2025-12-27 11:24:38.000',185,164,154,'0.450','#111',NULL,NULL,NULL,'90.00'),
(609,'Kachi Basmati Rice','','185.00','/uploads/upload_1766816793560_893.jpg',92,100,2000,1,'2025-12-27 11:26:33.000','2025-12-27 11:26:33.000',147,125,93,'0.320','#fff',NULL,NULL,NULL,'185.00'),
(610,'Kheer Mix','','290.00','/uploads/upload_1766816869572_478.jpg',92,100,2000,1,'2025-12-27 11:27:49.000','2025-12-27 11:27:49.000',212,177,145,'0.450','#111',NULL,NULL,NULL,'290.00'),
(611,'Laziza Ras Malai','','220.00','/uploads/upload_1766816972966_256.jpg',92,100,2000,1,'2025-12-27 11:29:33.000','2025-12-27 11:29:33.000',228,226,220,'0.550','#111',NULL,NULL,NULL,'220.00'),
(612,'Laziza Sheer Khurma','','220.00','/uploads/upload_1766817060971_486.jpg',92,100,2000,1,'2025-12-27 11:31:01.000','2025-12-27 11:31:01.000',226,193,176,'0.550','#111',NULL,NULL,NULL,'220.00'),
(613,'Rafhan Custard','','190.00','/uploads/upload_1766817143519_2.jpg',92,100,2000,1,'2025-12-27 11:32:23.000','2025-12-27 11:32:23.000',251,229,232,'0.550','#111',NULL,NULL,NULL,'190.00'),
(614,'Rafhan Cornflour','','180.00','/uploads/upload_1766817280298_295.jpg',92,100,2000,1,'2025-12-27 11:34:40.000','2025-12-27 11:34:40.000',226,180,159,'0.450','#111',NULL,NULL,NULL,'180.00'),
(615,'Kalson Macaroni','','230.00','/uploads/upload_1766817368759_632.jpg',92,100,2000,1,'2025-12-27 11:36:09.000','2025-12-27 11:36:09.000',187,175,183,'0.450','#111',NULL,NULL,NULL,'230.00'),
(616,'Spaghetti','','300.00','/uploads/upload_1766817482710_186.jpg',92,100,2000,1,'2025-12-27 11:38:03.000','2025-12-27 11:38:03.000',206,199,204,'0.550','#111',NULL,NULL,NULL,'300.00'),
(617,'Tissue Roll','','120.00','/uploads/upload_1766817593558_664.jpg',92,100,2000,1,'2025-12-27 11:39:53.000','2025-12-27 11:39:53.000',228,225,225,'0.550','#111',NULL,NULL,NULL,'120.00'),
(618,'Tissue Roll (Pink)','','60.00','/uploads/upload_1766817709276_863.jpg',92,100,2000,1,'2025-12-27 11:41:49.000','2025-12-27 11:41:49.000',215,157,166,'0.450','#111',NULL,NULL,NULL,'60.00'),
(619,'Rehber Cloth Soap','','100.00','/uploads/upload_1766817848307_15.jpg',92,100,200,1,'2025-12-27 11:44:08.000','2025-12-27 11:44:08.000',243,224,198,'0.550','#111',NULL,NULL,NULL,'100.00'),
(620,'Guitar Cloth Soap','','120.00','/uploads/upload_1766817989300_855.jpg',92,100,2000,1,'2025-12-27 11:46:30.000','2025-12-27 11:46:30.000',220,206,188,'0.550','#111',NULL,NULL,NULL,'120.00'),
(621,'Harpic Toilet Cleaner','','200.00','/uploads/upload_1766818099193_695.jpg',92,100,2000,1,'2025-12-27 11:48:19.000','2025-12-27 11:48:19.000',220,224,237,'0.550','#111',NULL,NULL,NULL,'200.00'),
(622,'Rooh Afza','','470.00','/uploads/upload_1766818202125_60.jpg',92,100,2000,1,'2025-12-27 11:50:02.000','2025-12-27 11:50:02.000',240,225,224,'0.550','#111',NULL,NULL,NULL,'470.00'),
(623,'Jam e Shireen','Bottle','500.00','/uploads/upload_1766818292772_376.jpg',92,100,2000,1,'2025-12-27 11:51:33.000','2025-12-27 11:51:33.000',214,174,160,'0.450','#111',NULL,NULL,NULL,'500.00'),
(624,'Iodized Salt','packet','60.00','/uploads/upload_1766818404717_423.jpg',92,100,2000,1,'2025-12-27 11:53:25.000','2025-12-27 11:53:25.000',160,156,157,'0.450','#111',NULL,NULL,NULL,'60.00'),
(625,'Salt','Simple','70.00','/uploads/upload_1766818534819_481.jpg',92,100,2000,1,'2025-12-27 11:55:35.000','2025-12-27 11:55:35.000',110,97,94,'0.200','#fff',NULL,NULL,NULL,'70.00'),
(626,'Knoor Noodles','Packet','75.00','/uploads/upload_1766818611936_555.jpg',92,100,2000,1,'2025-12-27 11:56:52.000','2025-12-27 11:56:52.000',219,194,175,'0.550','#111',NULL,NULL,NULL,'75.00'),
(627,'Mortein Coil','Packet','200.00','/uploads/upload_1766818689880_608.jpg',92,100,2000,1,'2025-12-27 11:58:10.000','2025-12-27 11:58:10.000',204,147,149,'0.450','#111',NULL,NULL,NULL,'200.00'),
(628,'Mortein Refill','','270.00','/uploads/upload_1766820882764_372.jpg',92,100,2000,1,'2025-12-27 12:34:43.000','2025-12-27 12:34:43.000',230,180,178,'0.450','#111',NULL,NULL,NULL,'270.00'),
(629,'EU Hair Removel Cream','','170.00','/uploads/upload_1766821155615_376.jpg',92,100,2000,1,'2025-12-27 12:39:15.000','2025-12-27 12:39:15.000',232,215,229,'0.550','#111',NULL,NULL,NULL,'170.00'),
(630,'Arne French Hair Remover Cream','Packet','180.00','/uploads/upload_1766821423373_933.jpg',NULL,100,2000,1,'2025-12-27 12:43:43.000','2025-12-27 12:43:43.000',236,207,216,'0.550','#111',NULL,NULL,NULL,'180.00'),
(631,'Care Lotion Hair Remover','','350.00','/uploads/upload_1766821533250_920.jpg',92,100,0,1,'2025-12-27 12:45:33.000','2025-12-27 12:45:33.000',145,126,138,'0.320','#111',NULL,NULL,NULL,'350.00'),
(632,'Biryani Masala','','160.00','/uploads/upload_1766821810834_254.jpg',92,100,2000,1,'2025-12-27 12:50:11.000','2025-12-27 12:50:11.000',187,177,154,'0.450','#111',NULL,NULL,NULL,'160.00'),
(633,'Shan Kurma Masala','','160.00','/uploads/upload_1766821941069_409.jpg',92,100,2000,1,'2025-12-27 12:52:21.000','2025-12-27 12:52:21.000',211,159,186,'0.450','#111',NULL,NULL,NULL,'160.00'),
(634,'Achar Gosht Masala','','160.00','/uploads/upload_1766822036167_868.jpg',92,100,2000,1,'2025-12-27 12:53:56.000','2025-12-27 12:53:56.000',219,166,155,'0.450','#111',NULL,NULL,NULL,'160.00'),
(635,'Tikka Masala','','160.00','/uploads/upload_1766822109325_967.jpg',92,100,2000,1,'2025-12-27 12:55:09.000','2025-12-27 12:55:09.000',199,156,149,'0.450','#111',NULL,NULL,NULL,'160.00'),
(636,'Black Pepper Powder','','160.00','/uploads/upload_1766822189428_746.jpg',92,100,2000,1,'2025-12-27 12:56:29.000','2025-12-27 12:56:29.000',216,211,202,'0.550','#111',NULL,NULL,NULL,'160.00'),
(637,'Karahi Gosht Masala','','160.00','/uploads/upload_1766822255453_813.jpg',92,100,2000,1,'2025-12-27 12:57:35.000','2025-12-27 12:57:35.000',232,200,170,'0.550','#111',NULL,NULL,NULL,'160.00'),
(638,'Besan','','100.00','/uploads/upload_1766822420024_308.jpg',92,100,2000,1,'2025-12-27 13:00:20.000','2025-12-27 13:00:20.000',188,153,125,'0.450','#111',NULL,NULL,NULL,'100.00'),
(639,'Samsol Hair Color','','290.00','/uploads/upload_1766822507272_177.jpg',92,100,2000,1,'2025-12-27 13:01:47.000','2025-12-27 13:01:47.000',216,199,201,'0.550','#111',NULL,NULL,NULL,'290.00'),
(640,'Glucose (Gloxo-D)','','130.00','/uploads/upload_1766822693635_658.jpg',92,100,2000,1,'2025-12-27 13:04:53.000','2025-12-27 13:04:53.000',199,221,227,'0.550','#111',NULL,NULL,NULL,'130.00'),
(641,'Energile','','130.00','/uploads/upload_1766822770586_420.jpg',92,100,2000,1,'2025-12-27 13:06:11.000','2025-12-27 13:06:11.000',195,168,175,'0.450','#111',NULL,NULL,NULL,'130.00'),
(642,'Energile','','130.00','/uploads/upload_1766822770963_531.jpg',92,100,2000,1,'2025-12-27 13:06:11.000','2025-12-27 13:06:11.000',195,168,175,'0.450','#111',NULL,NULL,NULL,'130.00'),
(643,'Knorr  Cubes','','80.00','/uploads/upload_1766822904532_38.jpg',92,100,2000,1,'2025-12-27 13:08:24.000','2025-12-27 13:08:24.000',220,193,158,'0.550','#111',NULL,NULL,NULL,'80.00'),
(644,'Jelly Crystal Strawberry','','180.00','/uploads/upload_1766823107968_162.jpg',92,100,2000,1,'2025-12-27 13:11:48.000','2025-12-27 13:11:48.000',238,207,206,'0.550','#111',NULL,NULL,NULL,'180.00'),
(645,'Alwas','','450.00','/uploads/upload_1766823398552_886.jpg',92,100,2000,1,'2025-12-27 13:16:38.000','2025-12-27 13:16:38.000',187,196,229,'0.550','#111',NULL,NULL,NULL,'450.00');

DROP TABLE IF EXISTS `product_size_prices`;
CREATE TABLE `product_size_prices` (
  `id` int(11) NOT NULL AUTO_INCREMENT,
  `product_id` int(11) NOT NULL,
  `size_id` int(11) DEFAULT NULL,
  `unit_id` int(11) DEFAULT NULL,
  `price` decimal(10,2) NOT NULL,
  `cost_price` decimal(10,2) DEFAULT NULL,
  `sort_order` int(11) DEFAULT 0,
  `created_at` timestamp NOT NULL DEFAULT current_timestamp(),
  PRIMARY KEY (`id`),
  UNIQUE KEY `uq_product_size` (`product_id`,`size_id`),
  KEY `idx_psp_product` (`product_id`),
  KEY `idx_psp_size` (`size_id`),
  KEY `idx_psp_unit` (`unit_id`),
  CONSTRAINT `fk_psp_product` FOREIGN KEY (`product_id`) REFERENCES `products` (`id`) ON DELETE CASCADE,
  CONSTRAINT `fk_psp_size` FOREIGN KEY (`size_id`) REFERENCES `sizes` (`id`) ON DELETE CASCADE,
  CONSTRAINT `fk_psp_unit` FOREIGN KEY (`unit_id`) REFERENCES `units` (`id`) ON DELETE SET NULL
) ENGINE=InnoDB AUTO_INCREMENT=969 DEFAULT CHARSET=utf8mb4 COLLATE=utf8mb4_general_ci;

INSERT INTO `product_size_prices` (`id`, `product_id`, `size_id`, `unit_id`, `price`, `cost_price`, `sort_order`, `created_at`) VALUES
(5,133,15,33,'123.45',NULL,0,'2025-12-23 03:15:42.000'),
(6,133,19,33,'234.56',NULL,1,'2025-12-23 03:15:42.000'),
(7,134,NULL,33,'255.00','229.50',0,'2025-12-23 04:32:45.000'),
(8,134,NULL,36,'480.00','432.00',1,'2025-12-23 04:32:45.000'),
(9,134,NULL,1,'1100.00','990.00',2,'2025-12-23 04:32:45.000'),
(18,138,NULL,38,'660.00','660.00',0,'2025-12-23 12:05:22.000'),
(19,138,NULL,39,'330.00','330.00',1,'2025-12-23 12:05:22.000'),
(20,139,NULL,38,'440.00','440.00',0,'2025-12-23 12:08:14.000'),
(21,139,NULL,39,'220.00','220.00',1,'2025-12-23 12:08:14.000'),
(22,140,24,NULL,'330.00','330.00',0,'2025-12-23 12:14:57.000'),
(23,141,24,NULL,'380.00','380.00',0,'2025-12-23 12:16:12.000'),
(24,142,24,NULL,'400.00','400.00',0,'2025-12-23 12:17:16.000'),
(25,143,24,NULL,'25.00','25.00',0,'2025-12-23 12:18:09.000'),
(26,144,23,NULL,'18.00','18.00',0,'2025-12-23 12:19:14.000'),
(28,145,15,NULL,'70.00','70.00',0,'2025-12-23 12:25:16.000'),
(29,145,19,NULL,'120.00','120.00',1,'2025-12-23 12:25:16.000'),
(30,145,20,NULL,'200.00','200.00',2,'2025-12-23 12:25:16.000'),
(31,145,22,NULL,'400.00','400.00',3,'2025-12-23 12:25:16.000'),
(32,146,NULL,40,'80.00','80.00',0,'2025-12-23 12:32:45.000'),
(33,146,NULL,41,'160.00','160.00',1,'2025-12-23 12:32:45.000'),
(34,147,NULL,40,'80.00','80.00',0,'2025-12-23 12:35:28.000'),
(35,147,NULL,41,'160.00','160.00',1,'2025-12-23 12:35:28.000'),
(36,148,NULL,40,'80.00','80.00',0,'2025-12-23 12:37:34.000'),
(37,148,NULL,41,'160.00','160.00',1,'2025-12-23 12:37:34.000'),
(38,149,NULL,41,'250.00','250.00',0,'2025-12-23 12:39:43.000'),
(39,150,NULL,41,'400.00','400.00',0,'2025-12-23 12:41:22.000'),
(40,151,NULL,40,'80.00','80.00',0,'2025-12-23 12:42:35.000'),
(41,151,NULL,41,'160.00','160.00',1,'2025-12-23 12:42:35.000'),
(42,152,23,NULL,'50.00','50.00',0,'2025-12-23 12:46:06.000'),
(43,153,24,NULL,'50.00','50.00',0,'2025-12-23 12:47:34.000'),
(44,154,23,NULL,'20.00','20.00',0,'2025-12-23 12:48:21.000'),
(46,156,24,NULL,'1120.00','1120.00',0,'2025-12-23 12:53:19.000'),
(47,157,NULL,33,'250.00','250.00',0,'2025-12-23 12:55:27.000'),
(48,157,NULL,36,'500.00','500.00',1,'2025-12-23 12:55:27.000'),
(49,158,NULL,36,'700.00','700.00',0,'2025-12-23 12:58:19.000'),
(50,158,NULL,1,'1400.00','1400.00',1,'2025-12-23 12:58:19.000'),
(51,159,23,NULL,'130.00','130.00',0,'2025-12-23 13:00:25.000'),
(52,160,NULL,40,'800.00','800.00',0,'2025-12-23 13:03:20.000'),
(53,160,NULL,41,'1600.00','1600.00',1,'2025-12-23 13:03:20.000'),
(54,161,NULL,36,'950.00','950.00',0,'2025-12-23 13:06:09.000'),
(55,161,NULL,1,'2000.00','2000.00',1,'2025-12-23 13:06:09.000'),
(60,163,NULL,36,'900.00','900.00',0,'2025-12-23 13:13:10.000'),
(61,163,NULL,1,'1800.00','1800.00',1,'2025-12-23 13:13:10.000'),
(62,164,NULL,40,'850.00','850.00',0,'2025-12-23 13:16:02.000'),
(63,164,NULL,41,'1700.00','1700.00',1,'2025-12-23 13:16:02.000'),
(64,165,NULL,41,'850.00','850.00',0,'2025-12-23 14:54:26.000'),
(65,166,NULL,33,'480.00','480.00',0,'2025-12-23 14:56:54.000'),
(66,166,NULL,36,'820.00','820.00',1,'2025-12-23 14:56:54.000'),
(67,166,NULL,1,'1600.00','1600.00',2,'2025-12-23 14:56:54.000'),
(68,167,NULL,33,'425.00','425.00',0,'2025-12-23 15:01:02.000'),
(69,167,NULL,36,'750.00','750.00',1,'2025-12-23 15:01:02.000'),
(70,167,NULL,35,'1100.00','1100.00',2,'2025-12-23 15:01:02.000'),
(71,167,NULL,1,'1460.00','1460.00',3,'2025-12-23 15:01:02.000'),
(73,169,24,NULL,'330.00','330.00',0,'2025-12-23 15:03:17.000'),
(74,170,24,NULL,'380.00','380.00',0,'2025-12-23 15:04:52.000'),
(75,171,NULL,40,'180.00','180.00',0,'2025-12-23 15:07:02.000'),
(76,171,NULL,41,'350.00','350.00',1,'2025-12-23 15:07:02.000'),
(77,172,NULL,40,'450.00','450.00',0,'2025-12-23 15:09:08.000'),
(78,172,NULL,41,'750.00','750.00',1,'2025-12-23 15:09:08.000'),
(79,173,28,NULL,'300.00','300.00',0,'2025-12-23 15:12:05.000'),
(80,174,NULL,41,'300.00','300.00',0,'2025-12-23 15:14:35.000'),
(81,175,NULL,40,'480.00','480.00',0,'2025-12-23 15:17:14.000'),
(82,175,NULL,41,'800.00','800.00',1,'2025-12-23 15:17:14.000'),
(83,176,NULL,40,'450.00','450.00',0,'2025-12-23 15:22:38.000'),
(84,176,NULL,41,'750.00','750.00',1,'2025-12-23 15:22:38.000'),
(92,183,15,NULL,'70.00','70.00',0,'2025-12-23 16:51:08.000'),
(93,183,19,NULL,'120.00','120.00',1,'2025-12-23 16:51:08.000'),
(94,183,20,NULL,'180.00','180.00',2,'2025-12-23 16:51:08.000'),
(95,183,21,NULL,'240.00','240.00',3,'2025-12-23 16:51:08.000'),
(96,184,24,NULL,'50.00','50.00',0,'2025-12-23 16:53:14.000'),
(97,185,24,NULL,'50.00','50.00',0,'2025-12-23 16:54:27.000'),
(98,186,24,NULL,'80.00','80.00',0,'2025-12-23 16:55:49.000'),
(101,187,NULL,34,'700.00','700.00',0,'2025-12-23 17:04:52.000'),
(102,187,NULL,1,'1300.00','1300.00',1,'2025-12-23 17:04:52.000'),
(103,188,23,NULL,'320.00','320.00',0,'2025-12-23 17:06:49.000'),
(104,189,23,NULL,'280.00','280.00',0,'2025-12-23 17:08:14.000'),
(105,190,24,NULL,'150.00','150.00',0,'2025-12-23 17:10:03.000'),
(106,191,24,NULL,'280.00','280.00',0,'2025-12-23 17:12:27.000'),
(107,192,24,NULL,'270.00','270.00',0,'2025-12-23 17:13:38.000'),
(108,193,24,NULL,'200.00','200.00',0,'2025-12-23 17:15:05.000'),
(109,194,24,NULL,'150.00','150.00',0,'2025-12-23 17:15:54.000'),
(110,195,24,NULL,'150.00','150.00',0,'2025-12-23 17:18:33.000'),
(112,197,NULL,33,'180.00','180.00',0,'2025-12-23 17:23:48.000'),
(113,197,NULL,36,'350.00','350.00',1,'2025-12-23 17:23:48.000'),
(114,197,NULL,35,'520.00','520.00',2,'2025-12-23 17:23:48.000'),
(115,197,NULL,1,'700.00','700.00',3,'2025-12-23 17:23:48.000'),
(116,198,NULL,42,'750.00','750.00',0,'2025-12-23 17:52:50.000'),
(117,198,NULL,43,'1500.00','1500.00',1,'2025-12-23 17:52:50.000'),
(120,200,NULL,42,'850.00','850.00',0,'2025-12-23 17:59:59.000'),
(121,200,NULL,43,'1700.00','1700.00',1,'2025-12-23 17:59:59.000'),
(122,201,24,NULL,'150.00','150.00',0,'2025-12-23 18:01:51.000'),
(127,203,NULL,33,'250.00','250.00',0,'2025-12-23 18:15:04.000'),
(128,203,NULL,36,'500.00','500.00',1,'2025-12-23 18:15:04.000'),
(129,203,NULL,35,'750.00','750.00',2,'2025-12-23 18:15:04.000'),
(130,203,NULL,1,'1000.00','1000.00',3,'2025-12-23 18:15:04.000'),
(131,204,NULL,33,'250.00','250.00',0,'2025-12-23 18:18:09.000'),
(132,204,NULL,36,'500.00','500.00',1,'2025-12-23 18:18:09.000'),
(133,204,NULL,35,'750.00','750.00',2,'2025-12-23 18:18:09.000'),
(134,204,NULL,1,'1000.00','1000.00',3,'2025-12-23 18:18:09.000'),
(135,205,NULL,33,'250.00','250.00',0,'2025-12-23 18:19:32.000');
INSERT INTO `product_size_prices` (`id`, `product_id`, `size_id`, `unit_id`, `price`, `cost_price`, `sort_order`, `created_at`) VALUES
(136,205,NULL,36,'500.00','500.00',1,'2025-12-23 18:19:32.000'),
(137,205,NULL,35,'750.00','750.00',2,'2025-12-23 18:19:32.000'),
(138,205,NULL,1,'1000.00','1000.00',3,'2025-12-23 18:19:32.000'),
(139,206,NULL,33,'250.00','250.00',0,'2025-12-23 18:19:32.000'),
(140,206,NULL,36,'500.00','500.00',1,'2025-12-23 18:19:32.000'),
(141,206,NULL,35,'750.00','750.00',2,'2025-12-23 18:19:32.000'),
(142,206,NULL,1,'1000.00','1000.00',3,'2025-12-23 18:19:32.000'),
(147,208,15,NULL,'150.00','150.00',0,'2025-12-23 18:26:04.000'),
(148,208,19,NULL,'280.00','280.00',1,'2025-12-23 18:26:04.000'),
(149,209,NULL,33,'200.00','200.00',0,'2025-12-23 18:29:41.000'),
(150,209,NULL,36,'400.00','400.00',1,'2025-12-23 18:29:41.000'),
(151,209,NULL,35,'600.00','600.00',2,'2025-12-23 18:29:41.000'),
(152,209,NULL,1,'800.00','800.00',3,'2025-12-23 18:29:41.000'),
(153,210,NULL,33,'180.00','180.00',0,'2025-12-23 18:33:19.000'),
(154,210,NULL,36,'350.00','350.00',1,'2025-12-23 18:33:19.000'),
(155,210,NULL,1,'700.00','700.00',2,'2025-12-23 18:33:19.000'),
(156,211,NULL,33,'250.00','250.00',0,'2025-12-23 18:35:06.000'),
(157,211,NULL,36,'500.00','500.00',1,'2025-12-23 18:35:06.000'),
(158,211,NULL,35,'750.00','750.00',2,'2025-12-23 18:35:06.000'),
(159,211,NULL,1,'1000.00','1000.00',3,'2025-12-23 18:35:06.000'),
(160,212,NULL,33,'250.00','250.00',0,'2025-12-23 18:38:01.000'),
(161,212,NULL,36,'500.00','500.00',1,'2025-12-23 18:38:01.000'),
(162,212,NULL,35,'750.00','750.00',2,'2025-12-23 18:38:01.000'),
(163,212,NULL,1,'1000.00','1000.00',3,'2025-12-23 18:38:01.000'),
(164,213,NULL,33,'200.00','200.00',0,'2025-12-23 18:40:39.000'),
(165,213,NULL,36,'400.00','400.00',1,'2025-12-23 18:40:39.000'),
(166,213,NULL,35,'600.00','600.00',2,'2025-12-23 18:40:39.000'),
(167,213,NULL,1,'800.00','800.00',3,'2025-12-23 18:40:39.000'),
(168,214,NULL,33,'250.00','250.00',0,'2025-12-23 18:43:32.000'),
(169,214,NULL,36,'500.00','500.00',1,'2025-12-23 18:43:32.000'),
(170,214,NULL,35,'750.00','750.00',2,'2025-12-23 18:43:32.000'),
(171,214,NULL,1,'1000.00','1000.00',3,'2025-12-23 18:43:32.000'),
(176,216,NULL,33,'250.00','250.00',0,'2025-12-23 18:49:59.000'),
(177,216,NULL,36,'500.00','500.00',1,'2025-12-23 18:49:59.000'),
(178,216,NULL,35,'750.00','750.00',2,'2025-12-23 18:49:59.000'),
(179,216,NULL,1,'1000.00','1000.00',3,'2025-12-23 18:49:59.000'),
(180,217,NULL,33,'300.00','300.00',0,'2025-12-23 18:52:55.000'),
(181,217,NULL,36,'600.00','600.00',1,'2025-12-23 18:52:55.000'),
(182,217,NULL,35,'900.00','900.00',2,'2025-12-23 18:52:55.000'),
(183,217,NULL,1,'1200.00','1200.00',3,'2025-12-23 18:52:55.000'),
(184,215,NULL,33,'300.00','300.00',0,'2025-12-23 18:53:36.000'),
(185,215,NULL,36,'600.00','600.00',1,'2025-12-23 18:53:36.000'),
(186,215,NULL,35,'900.00','900.00',2,'2025-12-23 18:53:36.000'),
(187,215,NULL,1,'1200.00','1200.00',3,'2025-12-23 18:53:36.000'),
(188,207,NULL,33,'300.00','300.00',0,'2025-12-23 18:54:33.000'),
(189,207,NULL,36,'600.00','600.00',1,'2025-12-23 18:54:33.000'),
(190,207,NULL,35,'900.00','900.00',2,'2025-12-23 18:54:33.000'),
(191,207,NULL,1,'1200.00','1200.00',3,'2025-12-23 18:54:33.000'),
(192,218,NULL,33,'300.00','300.00',0,'2025-12-23 18:57:50.000'),
(193,218,NULL,36,'600.00','600.00',1,'2025-12-23 18:57:50.000'),
(194,218,NULL,35,'900.00','900.00',2,'2025-12-23 18:57:50.000'),
(195,218,NULL,1,'1200.00','1200.00',3,'2025-12-23 18:57:50.000'),
(196,219,NULL,33,'100.00','100.00',0,'2025-12-23 19:00:58.000'),
(197,219,NULL,36,'200.00','200.00',1,'2025-12-23 19:00:58.000'),
(198,219,NULL,35,'300.00','300.00',2,'2025-12-23 19:00:58.000'),
(199,219,NULL,1,'400.00','400.00',3,'2025-12-23 19:00:58.000'),
(203,223,NULL,33,'450.00','450.00',0,'2025-12-23 19:41:13.000'),
(204,223,NULL,36,'800.00','800.00',1,'2025-12-23 19:41:13.000'),
(205,223,NULL,1,'1600.00','1600.00',2,'2025-12-23 19:41:13.000'),
(208,225,24,NULL,'330.00','330.00',0,'2025-12-23 19:47:43.000'),
(209,226,23,NULL,'380.00','380.00',0,'2025-12-23 19:48:34.000'),
(210,227,23,NULL,'400.00','400.00',0,'2025-12-23 19:49:58.000'),
(214,231,NULL,41,'50.00','50.00',0,'2025-12-23 19:56:04.000'),
(215,232,NULL,39,'100.00','100.00',0,'2025-12-23 20:08:39.000'),
(216,232,NULL,38,'180.00','180.00',1,'2025-12-23 20:08:39.000'),
(217,233,15,NULL,'100.00','100.00',0,'2025-12-23 20:11:29.000'),
(218,233,20,NULL,'150.00','150.00',1,'2025-12-23 20:11:29.000'),
(219,234,15,NULL,'100.00','100.00',0,'2025-12-23 20:11:31.000'),
(220,234,20,NULL,'150.00','150.00',1,'2025-12-23 20:11:31.000'),
(221,235,15,NULL,'180.00','180.00',0,'2025-12-23 20:13:58.000'),
(222,235,19,NULL,'250.00','250.00',1,'2025-12-23 20:13:58.000'),
(223,235,20,NULL,'300.00','300.00',2,'2025-12-23 20:13:58.000'),
(224,236,NULL,40,'650.00','650.00',0,'2025-12-23 20:23:57.000'),
(225,236,NULL,41,'1300.00','1300.00',1,'2025-12-23 20:23:57.000'),
(226,237,NULL,41,'150.00','150.00',0,'2025-12-23 20:25:38.000'),
(227,238,24,NULL,'40.00','40.00',0,'2025-12-23 20:27:17.000'),
(228,239,24,NULL,'30.00','30.00',0,'2025-12-23 20:29:09.000'),
(229,240,NULL,41,'150.00','150.00',0,'2025-12-23 20:30:37.000'),
(230,241,23,NULL,'10.00','10.00',0,'2025-12-23 20:32:38.000'),
(231,242,24,NULL,'310.00','310.00',0,'2025-12-23 21:24:25.000'),
(232,243,24,NULL,'360.00','360.00',0,'2025-12-23 21:25:09.000'),
(233,244,24,NULL,'1150.00','1150.00',0,'2025-12-23 21:26:05.000'),
(234,245,24,NULL,'100.00','100.00',0,'2025-12-23 21:27:01.000'),
(235,246,24,NULL,'170.00','170.00',0,'2025-12-23 21:27:49.000'),
(236,247,48,NULL,'60.00','60.00',0,'2025-12-24 11:58:44.000'),
(237,247,44,NULL,'120.00','120.00',1,'2025-12-24 11:58:44.000'),
(238,247,49,NULL,'170.00','170.00',2,'2025-12-24 11:58:44.000'),
(239,247,53,NULL,'240.00','240.00',3,'2025-12-24 11:58:44.000'),
(240,248,47,NULL,'60.00','60.00',0,'2025-12-24 11:59:58.000'),
(241,248,44,NULL,'120.00','120.00',1,'2025-12-24 11:59:58.000'),
(242,248,46,NULL,'170.00','170.00',2,'2025-12-24 11:59:58.000'),
(243,248,53,NULL,'240.00','240.00',3,'2025-12-24 11:59:58.000'),
(244,249,24,NULL,'40.00','40.00',0,'2025-12-24 12:01:12.000'),
(245,250,23,NULL,'25.00','25.00',0,'2025-12-24 12:02:01.000'),
(246,251,47,NULL,'120.00','120.00',0,'2025-12-24 12:07:10.000'),
(247,251,52,NULL,'170.00','170.00',1,'2025-12-24 12:07:10.000'),
(248,251,49,NULL,'240.00','240.00',2,'2025-12-24 12:07:10.000'),
(249,252,47,NULL,'120.00','120.00',0,'2025-12-24 12:08:16.000'),
(250,252,49,NULL,'170.00','170.00',1,'2025-12-24 12:08:16.000'),
(251,253,23,NULL,'60.00','60.00',0,'2025-12-24 12:12:55.000');
INSERT INTO `product_size_prices` (`id`, `product_id`, `size_id`, `unit_id`, `price`, `cost_price`, `sort_order`, `created_at`) VALUES
(252,254,24,NULL,'50.00','50.00',0,'2025-12-24 12:14:13.000'),
(253,255,23,NULL,'50.00','50.00',0,'2025-12-24 12:15:45.000'),
(254,256,24,NULL,'100.00','100.00',0,'2025-12-24 12:16:55.000'),
(261,257,NULL,48,'90.00','90.00',0,'2025-12-24 13:24:11.000'),
(262,257,NULL,44,'120.00','120.00',1,'2025-12-24 13:24:11.000'),
(263,257,NULL,32,'180.00','180.00',2,'2025-12-24 13:24:11.000'),
(264,257,NULL,45,'200.00','200.00',3,'2025-12-24 13:24:11.000'),
(265,257,NULL,46,'220.00','220.00',4,'2025-12-24 13:24:11.000'),
(266,257,NULL,47,'250.00','250.00',5,'2025-12-24 13:24:11.000'),
(267,258,NULL,48,'90.00','90.00',0,'2025-12-24 13:26:59.000'),
(268,258,NULL,44,'120.00','120.00',1,'2025-12-24 13:26:59.000'),
(269,258,NULL,32,'180.00','180.00',2,'2025-12-24 13:26:59.000'),
(270,258,NULL,45,'200.00','200.00',3,'2025-12-24 13:26:59.000'),
(271,258,NULL,46,'220.00','220.00',4,'2025-12-24 13:26:59.000'),
(272,258,NULL,47,'250.00','250.00',5,'2025-12-24 13:26:59.000'),
(273,259,NULL,48,'90.00','90.00',0,'2025-12-24 13:28:49.000'),
(274,259,NULL,32,'180.00','180.00',1,'2025-12-24 13:28:49.000'),
(275,259,NULL,45,'200.00','200.00',2,'2025-12-24 13:28:49.000'),
(276,260,NULL,32,'180.00','180.00',0,'2025-12-24 13:30:13.000'),
(277,260,NULL,45,'200.00','200.00',1,'2025-12-24 13:30:13.000'),
(278,261,NULL,48,'90.00','90.00',0,'2025-12-24 13:31:50.000'),
(279,261,NULL,44,'140.00','140.00',1,'2025-12-24 13:31:50.000'),
(280,262,NULL,48,'90.00','90.00',0,'2025-12-24 13:33:57.000'),
(281,262,NULL,32,'180.00','180.00',1,'2025-12-24 13:33:57.000'),
(282,262,NULL,45,'200.00','200.00',2,'2025-12-24 13:33:57.000'),
(283,263,NULL,48,'80.00','80.00',0,'2025-12-24 13:35:41.000'),
(284,263,NULL,32,'140.00','140.00',1,'2025-12-24 13:35:41.000'),
(285,263,NULL,45,'190.00','190.00',2,'2025-12-24 13:35:41.000'),
(286,263,NULL,47,'230.00','230.00',3,'2025-12-24 13:35:41.000'),
(287,264,NULL,48,'80.00','80.00',0,'2025-12-24 13:37:58.000'),
(288,264,NULL,32,'150.00','150.00',1,'2025-12-24 13:37:58.000'),
(289,264,NULL,45,'190.00','190.00',2,'2025-12-24 13:37:58.000'),
(290,264,NULL,47,'240.00','240.00',3,'2025-12-24 13:37:58.000'),
(293,265,NULL,44,'80.00','80.00',0,'2025-12-24 13:42:28.000'),
(294,265,NULL,45,'130.00','130.00',1,'2025-12-24 13:42:28.000'),
(295,265,NULL,49,'300.00','300.00',2,'2025-12-24 13:42:28.000'),
(296,266,NULL,50,'550.00','550.00',0,'2025-12-24 13:48:28.000'),
(297,267,NULL,50,'120.00','120.00',0,'2025-12-24 13:51:15.000'),
(298,268,NULL,50,'120.00','120.00',0,'2025-12-24 13:53:09.000'),
(299,269,NULL,50,'120.00','120.00',0,'2025-12-24 13:54:26.000'),
(300,270,NULL,50,'120.00','120.00',0,'2025-12-24 13:55:23.000'),
(301,271,NULL,50,'120.00','120.00',0,'2025-12-24 13:57:28.000'),
(302,272,24,NULL,'300.00','300.00',0,'2025-12-24 14:00:43.000'),
(303,273,23,NULL,'60.00','60.00',0,'2025-12-24 14:01:52.000'),
(304,274,23,NULL,'60.00','60.00',0,'2025-12-24 14:02:54.000'),
(305,275,24,NULL,'40.00','40.00',0,'2025-12-24 14:04:05.000'),
(306,276,39,NULL,'50.00','50.00',0,'2025-12-24 14:06:04.000'),
(307,277,31,NULL,'350.00','350.00',0,'2025-12-24 14:07:10.000'),
(308,278,24,NULL,'130.00','130.00',0,'2025-12-24 14:08:44.000'),
(309,279,23,NULL,'130.00','130.00',0,'2025-12-24 14:09:44.000'),
(310,280,32,NULL,'200.00','200.00',0,'2025-12-24 14:11:19.000'),
(311,281,31,NULL,'250.00','250.00',0,'2025-12-24 14:12:14.000'),
(313,202,NULL,33,'200.00','200.00',0,'2025-12-24 14:55:48.000'),
(314,202,NULL,36,'400.00','400.00',1,'2025-12-24 14:55:48.000'),
(315,202,NULL,35,'600.00','600.00',2,'2025-12-24 14:55:48.000'),
(316,202,NULL,1,'800.00','800.00',3,'2025-12-24 14:55:48.000'),
(317,283,NULL,36,'275.00','275.00',0,'2025-12-24 15:00:21.000'),
(318,283,NULL,1,'550.00','550.00',1,'2025-12-24 15:00:21.000'),
(319,284,24,NULL,'140.00','140.00',0,'2025-12-24 15:03:31.000'),
(320,285,23,NULL,'140.00','140.00',0,'2025-12-24 15:05:06.000'),
(321,286,NULL,33,'250.00','250.00',0,'2025-12-24 16:06:42.000'),
(322,286,NULL,36,'500.00','500.00',1,'2025-12-24 16:06:42.000'),
(323,286,NULL,1,'1000.00','1000.00',2,'2025-12-24 16:06:42.000'),
(324,287,NULL,33,'400.00','400.00',0,'2025-12-24 16:09:32.000'),
(325,287,NULL,36,'800.00','800.00',1,'2025-12-24 16:09:32.000'),
(326,287,NULL,35,'1200.00','1200.00',2,'2025-12-24 16:09:32.000'),
(327,287,NULL,1,'1600.00','1600.00',3,'2025-12-24 16:09:32.000'),
(328,288,NULL,33,'230.00','230.00',0,'2025-12-24 16:21:54.000'),
(329,288,NULL,36,'450.00','450.00',1,'2025-12-24 16:21:54.000'),
(330,288,NULL,35,'675.00','675.00',2,'2025-12-24 16:21:54.000'),
(331,288,NULL,1,'900.00','900.00',3,'2025-12-24 16:21:54.000'),
(332,289,24,NULL,'120.00','120.00',0,'2025-12-24 16:24:48.000'),
(333,290,NULL,33,'250.00','250.00',0,'2025-12-24 16:27:35.000'),
(334,290,NULL,36,'500.00','500.00',1,'2025-12-24 16:27:35.000'),
(335,290,NULL,35,'675.00','675.00',2,'2025-12-24 16:27:35.000'),
(336,290,NULL,1,'900.00','900.00',3,'2025-12-24 16:27:35.000'),
(337,291,NULL,33,'330.00','330.00',0,'2025-12-24 16:29:19.000'),
(338,291,NULL,36,'650.00','650.00',1,'2025-12-24 16:29:19.000'),
(339,291,NULL,35,'980.00','980.00',2,'2025-12-24 16:29:19.000'),
(340,291,NULL,1,'1300.00','1300.00',3,'2025-12-24 16:29:19.000'),
(341,292,NULL,33,'280.00','280.00',0,'2025-12-24 16:31:22.000'),
(342,292,NULL,36,'550.00','550.00',1,'2025-12-24 16:31:22.000'),
(343,292,NULL,35,'830.00','830.00',2,'2025-12-24 16:31:22.000'),
(344,292,NULL,1,'1100.00','1100.00',3,'2025-12-24 16:31:22.000'),
(345,293,NULL,33,'160.00','160.00',0,'2025-12-24 16:37:47.000'),
(346,293,NULL,36,'280.00','280.00',1,'2025-12-24 16:37:47.000'),
(347,293,NULL,1,'560.00','560.00',2,'2025-12-24 16:37:47.000'),
(348,294,NULL,33,'240.00','240.00',0,'2025-12-24 16:39:58.000'),
(349,294,NULL,36,'480.00','480.00',1,'2025-12-24 16:39:58.000'),
(350,294,NULL,35,'720.00','720.00',2,'2025-12-24 16:39:58.000'),
(351,294,NULL,1,'950.00','950.00',3,'2025-12-24 16:39:58.000'),
(353,155,23,NULL,'15.00','15.00',0,'2025-12-24 16:43:36.000'),
(354,295,15,NULL,'110.00','110.00',0,'2025-12-24 16:43:49.000'),
(355,295,20,NULL,'170.00','170.00',1,'2025-12-24 16:43:49.000'),
(356,296,NULL,44,'160.00','160.00',0,'2025-12-24 16:45:21.000'),
(360,298,NULL,33,'230.00','230.00',0,'2025-12-24 16:49:16.000'),
(361,298,NULL,36,'450.00','450.00',1,'2025-12-24 16:49:16.000'),
(362,298,NULL,35,'680.00','680.00',2,'2025-12-24 16:49:16.000'),
(363,298,NULL,1,'850.00','850.00',3,'2025-12-24 16:49:16.000'),
(364,299,NULL,42,'750.00','750.00',0,'2025-12-24 16:50:49.000');
INSERT INTO `product_size_prices` (`id`, `product_id`, `size_id`, `unit_id`, `price`, `cost_price`, `sort_order`, `created_at`) VALUES
(365,300,15,NULL,'180.00','180.00',0,'2025-12-24 16:52:56.000'),
(366,301,NULL,51,'230.00','230.00',0,'2025-12-24 16:57:04.000'),
(367,302,NULL,33,'140.00','140.00',0,'2025-12-24 16:59:16.000'),
(368,302,NULL,36,'280.00','280.00',1,'2025-12-24 16:59:16.000'),
(369,302,NULL,1,'550.00','550.00',2,'2025-12-24 16:59:16.000'),
(371,303,NULL,33,'150.00','150.00',0,'2025-12-24 17:01:12.000'),
(372,303,NULL,36,'300.00','300.00',1,'2025-12-24 17:01:12.000'),
(373,303,NULL,35,'450.00','450.00',2,'2025-12-24 17:01:12.000'),
(374,303,NULL,1,'600.00','600.00',3,'2025-12-24 17:01:12.000'),
(376,304,NULL,33,'350.00','350.00',0,'2025-12-24 17:03:30.000'),
(377,304,NULL,36,'700.00','700.00',1,'2025-12-24 17:03:30.000'),
(378,304,NULL,35,'1050.00','1050.00',2,'2025-12-24 17:03:30.000'),
(379,304,NULL,1,'1400.00','1400.00',3,'2025-12-24 17:03:30.000'),
(380,224,NULL,36,'1200.00','1200.00',0,'2025-12-24 17:04:13.000'),
(381,224,NULL,1,'2400.00','2400.00',1,'2025-12-24 17:04:13.000'),
(382,305,NULL,33,'300.00','300.00',0,'2025-12-24 17:05:56.000'),
(383,305,NULL,36,'600.00','600.00',1,'2025-12-24 17:05:56.000'),
(384,305,NULL,35,'900.00','900.00',2,'2025-12-24 17:05:56.000'),
(385,305,NULL,1,'1200.00','1200.00',3,'2025-12-24 17:05:56.000'),
(386,306,NULL,33,'350.00','350.00',0,'2025-12-24 17:07:44.000'),
(387,306,NULL,36,'700.00','700.00',1,'2025-12-24 17:07:44.000'),
(388,306,NULL,35,'1050.00','1050.00',2,'2025-12-24 17:07:44.000'),
(389,306,NULL,1,'1400.00','1400.00',3,'2025-12-24 17:07:44.000'),
(390,307,NULL,33,'350.00','350.00',0,'2025-12-24 17:09:22.000'),
(391,307,NULL,36,'700.00','700.00',1,'2025-12-24 17:09:22.000'),
(392,307,NULL,35,'1050.00','1050.00',2,'2025-12-24 17:09:22.000'),
(393,307,NULL,1,'1400.00','1400.00',3,'2025-12-24 17:09:22.000'),
(394,228,NULL,33,'300.00','300.00',0,'2025-12-24 17:11:39.000'),
(395,230,NULL,41,'50.00','50.00',0,'2025-12-24 17:12:07.000'),
(396,308,NULL,33,'300.00','300.00',0,'2025-12-24 17:12:10.000'),
(397,308,NULL,36,'600.00','600.00',1,'2025-12-24 17:12:10.000'),
(398,308,NULL,35,'900.00','900.00',2,'2025-12-24 17:12:10.000'),
(399,308,NULL,1,'1200.00','1200.00',3,'2025-12-24 17:12:10.000'),
(400,229,23,NULL,'20.00','20.00',0,'2025-12-24 17:13:08.000'),
(401,309,NULL,33,'230.00','230.00',0,'2025-12-24 17:13:48.000'),
(402,309,NULL,36,'450.00','450.00',1,'2025-12-24 17:13:48.000'),
(403,309,NULL,35,'680.00','680.00',2,'2025-12-24 17:13:48.000'),
(404,309,NULL,1,'900.00','900.00',3,'2025-12-24 17:13:48.000'),
(405,310,NULL,33,'250.00','250.00',0,'2025-12-24 17:16:54.000'),
(406,310,NULL,35,'500.00','500.00',1,'2025-12-24 17:16:54.000'),
(407,310,NULL,1,'1000.00','1000.00',2,'2025-12-24 17:16:54.000'),
(408,162,NULL,33,'425.00','425.00',0,'2025-12-24 17:19:06.000'),
(409,162,NULL,36,'750.00','750.00',1,'2025-12-24 17:19:06.000'),
(410,162,NULL,35,'1100.00','1100.00',2,'2025-12-24 17:19:06.000'),
(411,162,NULL,1,'1460.00','1460.00',3,'2025-12-24 17:19:06.000'),
(412,168,23,NULL,'380.00','380.00',0,'2025-12-24 17:19:56.000'),
(413,222,23,NULL,'15.00','15.00',0,'2025-12-24 18:05:39.000'),
(414,220,23,NULL,'280.00','280.00',0,'2025-12-24 18:06:41.000'),
(415,221,23,NULL,'30.00','30.00',0,'2025-12-24 18:07:15.000'),
(418,180,23,NULL,'130.00','130.00',0,'2025-12-24 18:10:59.000'),
(419,312,NULL,40,'120.00','120.00',0,'2025-12-24 18:12:44.000'),
(420,312,NULL,41,'220.00','220.00',1,'2025-12-24 18:12:44.000'),
(421,311,NULL,40,'220.00','220.00',0,'2025-12-24 18:13:48.000'),
(422,311,NULL,41,'340.00','340.00',1,'2025-12-24 18:13:48.000'),
(423,182,23,NULL,'170.00','170.00',0,'2025-12-24 18:16:26.000'),
(424,177,23,NULL,'150.00','150.00',0,'2025-12-24 18:17:41.000'),
(425,179,23,NULL,'200.00','200.00',0,'2025-12-24 18:18:13.000'),
(426,181,23,NULL,'30.00','30.00',0,'2025-12-24 18:19:55.000'),
(427,178,23,NULL,'110.00','110.00',0,'2025-12-24 18:21:42.000'),
(428,313,NULL,33,'140.00','140.00',0,'2025-12-24 18:23:19.000'),
(429,313,NULL,36,'280.00','280.00',1,'2025-12-24 18:23:19.000'),
(430,313,NULL,35,'420.00','420.00',2,'2025-12-24 18:23:19.000'),
(431,313,NULL,1,'560.00','560.00',3,'2025-12-24 18:23:19.000'),
(432,314,NULL,33,'200.00','200.00',0,'2025-12-24 18:25:31.000'),
(433,314,NULL,36,'400.00','400.00',1,'2025-12-24 18:25:31.000'),
(434,314,NULL,35,'600.00','600.00',2,'2025-12-24 18:25:31.000'),
(435,314,NULL,1,'800.00','800.00',3,'2025-12-24 18:25:31.000'),
(436,315,NULL,33,'250.00','250.00',0,'2025-12-24 18:28:01.000'),
(437,315,NULL,36,'500.00','500.00',1,'2025-12-24 18:28:01.000'),
(438,315,NULL,35,'750.00','750.00',2,'2025-12-24 18:28:01.000'),
(439,315,NULL,1,'1000.00','1000.00',3,'2025-12-24 18:28:01.000'),
(442,132,23,NULL,'100.00','100.00',0,'2025-12-24 18:39:17.000'),
(443,282,31,NULL,'250.00','250.00',0,'2025-12-24 18:47:25.000'),
(444,136,41,NULL,'70.00','70.00',0,'2025-12-24 18:51:02.000'),
(445,136,51,NULL,'100.00','100.00',1,'2025-12-24 18:51:02.000'),
(446,137,NULL,38,'100.00','100.00',0,'2025-12-24 18:52:09.000'),
(447,135,41,NULL,'60.00','60.00',0,'2025-12-24 18:53:09.000'),
(448,135,43,NULL,'80.00','80.00',1,'2025-12-24 18:53:09.000'),
(449,135,49,NULL,'100.00','100.00',2,'2025-12-24 18:53:09.000'),
(450,196,23,NULL,'40.00','40.00',0,'2025-12-24 19:07:42.000'),
(451,316,24,NULL,'360.00','360.00',0,'2025-12-24 19:10:29.000'),
(452,317,NULL,36,'850.00','850.00',0,'2025-12-24 19:39:33.000'),
(453,317,NULL,1,'1700.00','1700.00',1,'2025-12-24 19:39:33.000'),
(454,318,NULL,36,'800.00','800.00',0,'2025-12-24 19:43:25.000'),
(455,318,NULL,1,'1600.00','1600.00',1,'2025-12-24 19:43:25.000'),
(456,319,23,NULL,'310.00','310.00',0,'2025-12-24 19:45:20.000'),
(457,320,24,NULL,'360.00','360.00',0,'2025-12-24 19:46:20.000'),
(459,322,37,NULL,'160.00','160.00',0,'2025-12-24 19:48:42.000'),
(460,323,NULL,33,'300.00','300.00',0,'2025-12-24 19:52:55.000'),
(461,323,NULL,36,'600.00','600.00',1,'2025-12-24 19:52:55.000'),
(462,323,NULL,35,'900.00','900.00',2,'2025-12-24 19:52:55.000'),
(463,323,NULL,1,'1200.00','1200.00',3,'2025-12-24 19:52:55.000'),
(464,321,37,NULL,'210.00','210.00',0,'2025-12-24 19:53:59.000'),
(465,324,NULL,33,'800.00','800.00',0,'2025-12-24 19:55:41.000'),
(466,325,NULL,36,'1100.00','1100.00',0,'2025-12-24 19:57:51.000'),
(467,325,NULL,1,'2200.00','2200.00',1,'2025-12-24 19:57:51.000'),
(468,326,24,NULL,'25.00','25.00',0,'2025-12-24 19:58:57.000'),
(470,327,23,NULL,'15.00','15.00',0,'2025-12-24 20:02:14.000'),
(471,328,NULL,33,'120.00','120.00',0,'2025-12-24 20:08:51.000'),
(472,328,NULL,36,'230.00','230.00',1,'2025-12-24 20:08:51.000');
INSERT INTO `product_size_prices` (`id`, `product_id`, `size_id`, `unit_id`, `price`, `cost_price`, `sort_order`, `created_at`) VALUES
(473,328,NULL,35,'350.00','350.00',2,'2025-12-24 20:08:51.000'),
(474,328,NULL,1,'460.00','460.00',3,'2025-12-24 20:08:51.000'),
(475,329,NULL,55,'500.00','500.00',0,'2025-12-24 20:37:45.000'),
(476,329,NULL,54,'1000.00','1000.00',1,'2025-12-24 20:37:45.000'),
(477,330,NULL,41,'450.00','450.00',0,'2025-12-24 20:38:54.000'),
(478,331,NULL,36,'900.00','900.00',0,'2025-12-24 20:40:23.000'),
(479,331,NULL,1,'1700.00','1700.00',1,'2025-12-24 20:40:23.000'),
(480,332,24,NULL,'260.00','260.00',0,'2025-12-24 20:42:46.000'),
(482,334,NULL,55,'500.00','500.00',0,'2025-12-24 20:45:35.000'),
(483,334,NULL,54,'900.00','900.00',1,'2025-12-24 20:45:35.000'),
(484,335,58,NULL,'1320.00','1320.00',0,'2025-12-24 20:48:34.000'),
(485,336,NULL,41,'1500.00','1500.00',0,'2025-12-24 20:51:18.000'),
(486,337,37,NULL,'220.00','220.00',0,'2025-12-24 20:54:53.000'),
(487,337,60,NULL,'1760.00','1760.00',1,'2025-12-24 20:54:53.000'),
(488,338,NULL,41,'550.00','550.00',0,'2025-12-24 21:12:50.000'),
(489,339,NULL,54,'1500.00','1500.00',0,'2025-12-24 21:16:26.000'),
(490,340,NULL,36,'900.00','900.00',0,'2025-12-24 21:17:45.000'),
(491,340,NULL,1,'1700.00','1700.00',1,'2025-12-24 21:17:45.000'),
(492,341,24,NULL,'15.00','15.00',0,'2025-12-24 21:18:46.000'),
(493,342,NULL,54,'1600.00','1600.00',0,'2025-12-24 21:20:28.000'),
(494,343,NULL,54,'1150.00','1150.00',0,'2025-12-24 21:22:01.000'),
(495,344,NULL,54,'1300.00','1300.00',0,'2025-12-24 21:24:20.000'),
(496,345,NULL,54,'1200.00','1200.00',0,'2025-12-24 21:26:18.000'),
(497,346,NULL,54,'1250.00','1250.00',0,'2025-12-24 21:28:25.000'),
(498,347,NULL,54,'1200.00','1200.00',0,'2025-12-24 21:31:17.000'),
(499,348,NULL,55,'1100.00','1100.00',0,'2025-12-24 21:33:47.000'),
(500,348,NULL,54,'2100.00','2100.00',1,'2025-12-24 21:33:47.000'),
(501,349,NULL,55,'950.00','950.00',0,'2025-12-24 21:35:57.000'),
(502,349,NULL,54,'1800.00','1800.00',1,'2025-12-24 21:35:57.000'),
(503,350,NULL,55,'1100.00','1100.00',0,'2025-12-24 21:38:13.000'),
(504,350,NULL,54,'2000.00','2000.00',1,'2025-12-24 21:38:13.000'),
(505,351,NULL,55,'1100.00','1100.00',0,'2025-12-24 21:45:21.000'),
(506,351,NULL,54,'2100.00','2100.00',1,'2025-12-24 21:45:21.000'),
(507,352,NULL,41,'150.00','150.00',0,'2025-12-25 09:45:47.000'),
(508,353,23,NULL,'10.00','10.00',0,'2025-12-25 09:46:48.000'),
(509,354,23,NULL,'50.00','50.00',0,'2025-12-25 09:47:49.000'),
(510,355,24,NULL,'50.00','50.00',0,'2025-12-25 09:48:44.000'),
(511,356,24,NULL,'50.00','50.00',0,'2025-12-25 09:49:38.000'),
(512,357,NULL,54,'150.00','150.00',0,'2025-12-25 09:50:36.000'),
(513,358,NULL,55,'150.00','150.00',0,'2025-12-25 09:51:36.000'),
(514,358,NULL,54,'300.00','300.00',1,'2025-12-25 09:51:36.000'),
(515,359,24,NULL,'20.00','20.00',0,'2025-12-25 09:53:10.000'),
(517,360,24,NULL,'80.00','80.00',0,'2025-12-25 09:55:54.000'),
(518,361,24,NULL,'60.00','60.00',0,'2025-12-25 09:58:15.000'),
(519,362,24,NULL,'60.00','60.00',0,'2025-12-25 09:59:28.000'),
(520,363,24,NULL,'30.00','30.00',0,'2025-12-25 10:00:45.000'),
(521,364,NULL,38,'240.00','240.00',0,'2025-12-25 10:12:41.000'),
(522,365,24,NULL,'80.00','80.00',0,'2025-12-25 10:17:25.000'),
(523,366,29,NULL,'240.00','240.00',0,'2025-12-25 10:21:05.000'),
(524,367,30,NULL,'320.00','320.00',0,'2025-12-25 10:22:54.000'),
(525,368,24,NULL,'60.00','60.00',0,'2025-12-25 10:34:32.000'),
(526,369,23,NULL,'110.00','110.00',0,'2025-12-25 10:36:12.000'),
(527,370,24,NULL,'70.00','70.00',0,'2025-12-25 10:37:14.000'),
(528,371,NULL,55,'200.00','200.00',0,'2025-12-25 11:01:46.000'),
(529,371,NULL,54,'400.00','400.00',1,'2025-12-25 11:01:46.000'),
(530,372,NULL,55,'200.00','200.00',0,'2025-12-25 11:02:54.000'),
(531,372,NULL,54,'360.00','360.00',1,'2025-12-25 11:02:54.000'),
(532,373,NULL,55,'200.00','200.00',0,'2025-12-25 11:04:48.000'),
(533,373,NULL,54,'300.00','300.00',1,'2025-12-25 11:04:48.000'),
(534,374,NULL,55,'120.00','120.00',0,'2025-12-25 11:07:19.000'),
(535,374,NULL,54,'200.00','200.00',1,'2025-12-25 11:07:19.000'),
(536,375,NULL,55,'200.00','200.00',0,'2025-12-25 11:09:28.000'),
(537,375,NULL,54,'400.00','400.00',1,'2025-12-25 11:09:28.000'),
(538,376,NULL,55,'150.00','150.00',0,'2025-12-25 11:11:13.000'),
(539,376,NULL,54,'260.00','260.00',1,'2025-12-25 11:11:13.000'),
(540,377,NULL,55,'120.00','120.00',0,'2025-12-25 11:12:11.000'),
(541,377,NULL,54,'200.00','200.00',1,'2025-12-25 11:12:11.000'),
(542,378,23,NULL,'12.00','12.00',0,'2025-12-25 11:12:58.000'),
(544,379,61,NULL,'100.00','100.00',0,'2025-12-25 11:19:48.000'),
(547,381,57,NULL,'400.00','400.00',0,'2025-12-25 11:39:47.000'),
(548,380,57,NULL,'350.00','350.00',0,'2025-12-25 11:40:50.000'),
(550,382,64,NULL,'670.00','670.00',0,'2025-12-25 11:44:07.000'),
(552,383,NULL,57,'120.00','120.00',0,'2025-12-25 11:54:02.000'),
(553,384,66,NULL,'230.00','230.00',0,'2025-12-25 12:15:45.000'),
(554,384,67,NULL,'280.00','280.00',1,'2025-12-25 12:15:45.000'),
(555,385,66,NULL,'180.00','180.00',0,'2025-12-25 13:01:29.000'),
(556,385,68,NULL,'240.00','240.00',1,'2025-12-25 13:01:29.000'),
(557,386,66,NULL,'180.00','180.00',0,'2025-12-25 13:03:46.000'),
(558,386,68,NULL,'230.00','230.00',1,'2025-12-25 13:03:46.000'),
(559,387,66,NULL,'230.00','230.00',0,'2025-12-25 13:06:40.000'),
(560,387,68,NULL,'290.00','290.00',1,'2025-12-25 13:06:40.000'),
(561,388,66,NULL,'190.00','190.00',0,'2025-12-25 13:08:45.000'),
(562,388,67,NULL,'260.00','260.00',1,'2025-12-25 13:08:45.000'),
(563,389,65,NULL,'190.00','190.00',0,'2025-12-25 13:10:43.000'),
(564,389,68,NULL,'220.00','220.00',1,'2025-12-25 13:10:43.000'),
(565,390,65,NULL,'190.00','190.00',0,'2025-12-25 13:21:17.000'),
(566,390,67,NULL,'260.00','260.00',1,'2025-12-25 13:21:17.000'),
(567,391,66,NULL,'210.00','210.00',0,'2025-12-25 13:22:34.000'),
(568,392,66,NULL,'210.00','210.00',0,'2025-12-25 13:23:40.000'),
(569,392,68,NULL,'260.00','260.00',1,'2025-12-25 13:23:40.000'),
(570,393,65,NULL,'190.00','190.00',0,'2025-12-25 13:24:51.000'),
(571,393,68,NULL,'230.00','230.00',1,'2025-12-25 13:24:51.000'),
(572,394,65,NULL,'200.00','200.00',0,'2025-12-25 13:25:45.000'),
(573,394,68,NULL,'240.00','240.00',1,'2025-12-25 13:25:45.000'),
(574,395,65,NULL,'210.00','210.00',0,'2025-12-25 13:28:10.000'),
(575,395,68,NULL,'260.00','260.00',1,'2025-12-25 13:28:10.000'),
(576,396,66,NULL,'210.00','210.00',0,'2025-12-25 13:30:30.000'),
(577,396,68,NULL,'290.00','290.00',1,'2025-12-25 13:30:30.000'),
(578,397,65,NULL,'210.00','210.00',0,'2025-12-25 13:33:27.000'),
(579,398,66,NULL,'190.00','190.00',0,'2025-12-25 13:37:08.000');
INSERT INTO `product_size_prices` (`id`, `product_id`, `size_id`, `unit_id`, `price`, `cost_price`, `sort_order`, `created_at`) VALUES
(580,398,67,NULL,'240.00','240.00',1,'2025-12-25 13:37:08.000'),
(581,399,65,NULL,'240.00','240.00',0,'2025-12-25 13:40:35.000'),
(582,399,67,NULL,'290.00','290.00',1,'2025-12-25 13:40:35.000'),
(583,400,66,NULL,'190.00','190.00',0,'2025-12-25 13:42:56.000'),
(584,400,67,NULL,'240.00','240.00',1,'2025-12-25 13:42:56.000'),
(585,401,66,NULL,'190.00','190.00',0,'2025-12-25 13:45:17.000'),
(586,401,67,NULL,'240.00','240.00',1,'2025-12-25 13:45:17.000'),
(587,402,66,NULL,'130.00','130.00',0,'2025-12-25 13:47:19.000'),
(588,402,67,NULL,'190.00','190.00',1,'2025-12-25 13:47:19.000'),
(589,403,66,NULL,'130.00','130.00',0,'2025-12-25 13:48:55.000'),
(590,403,67,NULL,'190.00','190.00',1,'2025-12-25 13:48:55.000'),
(591,404,66,NULL,'130.00','130.00',0,'2025-12-25 13:51:33.000'),
(592,404,68,NULL,'190.00','190.00',1,'2025-12-25 13:51:33.000'),
(593,405,NULL,54,'1700.00','1700.00',0,'2025-12-25 14:31:12.000'),
(594,406,NULL,54,'1500.00','1500.00',0,'2025-12-25 14:33:07.000'),
(595,407,NULL,54,'1550.00','1550.00',0,'2025-12-25 14:34:54.000'),
(596,408,NULL,54,'1350.00','1350.00',0,'2025-12-25 14:36:29.000'),
(597,409,NULL,54,'1550.00','1550.00',0,'2025-12-25 14:38:45.000'),
(598,410,NULL,54,'1500.00','1500.00',0,'2025-12-25 14:40:54.000'),
(599,411,NULL,54,'1500.00','1500.00',0,'2025-12-25 14:44:01.000'),
(600,412,NULL,55,'1100.00','1100.00',0,'2025-12-25 14:51:36.000'),
(601,412,NULL,54,'2100.00','2100.00',1,'2025-12-25 14:51:36.000'),
(602,413,NULL,55,'1100.00','1100.00',0,'2025-12-25 14:54:16.000'),
(603,413,NULL,54,'2100.00','2100.00',1,'2025-12-25 14:54:16.000'),
(604,414,NULL,54,'1500.00','1500.00',0,'2025-12-25 14:56:46.000'),
(605,415,NULL,54,'1400.00','1400.00',0,'2025-12-25 15:30:54.000'),
(606,416,NULL,54,'1200.00','1200.00',0,'2025-12-25 15:32:45.000'),
(607,417,NULL,54,'1250.00','1250.00',0,'2025-12-25 15:34:38.000'),
(608,418,NULL,55,'500.00','500.00',0,'2025-12-25 15:35:39.000'),
(609,418,NULL,54,'900.00','900.00',1,'2025-12-25 15:35:39.000'),
(610,419,NULL,55,'550.00','550.00',0,'2025-12-25 15:36:39.000'),
(611,419,NULL,54,'950.00','950.00',1,'2025-12-25 15:36:39.000'),
(612,420,NULL,55,'500.00','500.00',0,'2025-12-25 15:38:00.000'),
(613,420,NULL,54,'900.00','900.00',1,'2025-12-25 15:38:00.000'),
(614,421,NULL,55,'550.00','550.00',0,'2025-12-25 15:40:53.000'),
(615,421,NULL,54,'950.00','950.00',1,'2025-12-25 15:40:53.000'),
(616,422,NULL,41,'1700.00','1700.00',0,'2025-12-25 15:47:15.000'),
(617,423,NULL,55,'600.00','600.00',0,'2025-12-25 15:50:56.000'),
(618,423,NULL,54,'1200.00','1200.00',1,'2025-12-25 15:50:56.000'),
(619,424,NULL,55,'600.00','600.00',0,'2025-12-25 15:52:07.000'),
(620,424,NULL,54,'1200.00','1200.00',1,'2025-12-25 15:52:07.000'),
(621,425,24,NULL,'450.00','450.00',0,'2025-12-25 15:53:18.000'),
(622,426,24,NULL,'430.00','430.00',0,'2025-12-25 15:54:05.000'),
(623,427,37,NULL,'220.00','220.00',0,'2025-12-25 15:56:59.000'),
(624,427,60,NULL,'1760.00','1760.00',1,'2025-12-25 15:56:59.000'),
(625,428,37,NULL,'240.00','240.00',0,'2025-12-25 15:59:06.000'),
(626,428,60,NULL,'1440.00','1440.00',1,'2025-12-25 15:59:06.000'),
(627,333,37,NULL,'300.00','300.00',0,'2025-12-25 16:00:39.000'),
(628,429,38,NULL,'270.00','270.00',0,'2025-12-25 16:19:07.000'),
(629,429,69,NULL,'1620.00','1620.00',1,'2025-12-25 16:19:07.000'),
(630,430,NULL,55,'1700.00','1700.00',0,'2025-12-25 16:21:36.000'),
(631,431,NULL,55,'1700.00','1700.00',0,'2025-12-25 16:25:34.000'),
(632,432,NULL,41,'1000.00','1000.00',0,'2025-12-25 16:28:01.000'),
(633,433,NULL,54,'1700.00','1700.00',0,'2025-12-25 16:29:55.000'),
(634,434,NULL,55,'1700.00','1700.00',0,'2025-12-25 16:31:52.000'),
(635,434,NULL,54,'3400.00','3400.00',1,'2025-12-25 16:31:52.000'),
(636,435,NULL,55,'1700.00','1700.00',0,'2025-12-25 16:33:45.000'),
(637,435,NULL,54,'3400.00','3400.00',1,'2025-12-25 16:33:45.000'),
(638,436,NULL,55,'1750.00','1750.00',0,'2025-12-25 16:36:26.000'),
(639,436,NULL,54,'3500.00','3500.00',1,'2025-12-25 16:36:26.000'),
(640,437,NULL,36,'1800.00','1800.00',0,'2025-12-25 16:38:08.000'),
(641,437,NULL,1,'3600.00','3600.00',1,'2025-12-25 16:38:08.000'),
(642,438,NULL,54,'1600.00','1600.00',0,'2025-12-25 16:39:41.000'),
(643,439,NULL,54,'1600.00','1600.00',0,'2025-12-25 16:41:30.000'),
(644,440,31,NULL,'470.00','470.00',0,'2025-12-26 09:21:10.000'),
(645,441,NULL,33,'110.00','110.00',0,'2025-12-26 09:23:52.000'),
(646,442,NULL,33,'110.00','110.00',0,'2025-12-26 09:26:25.000'),
(647,443,31,NULL,'250.00','250.00',0,'2025-12-26 09:31:06.000'),
(648,444,31,NULL,'250.00','250.00',0,'2025-12-26 09:34:30.000'),
(649,445,23,NULL,'160.00','160.00',0,'2025-12-26 09:36:08.000'),
(650,446,72,NULL,'70.00','70.00',0,'2025-12-26 09:39:23.000'),
(651,446,74,NULL,'1100.00','1100.00',1,'2025-12-26 09:39:23.000'),
(652,447,66,NULL,'450.00','450.00',0,'2025-12-26 09:41:56.000'),
(653,447,67,NULL,'750.00','750.00',1,'2025-12-26 09:41:56.000'),
(654,448,65,NULL,'110.00','110.00',0,'2025-12-26 09:45:26.000'),
(655,448,67,NULL,'200.00','200.00',1,'2025-12-26 09:45:26.000'),
(656,449,24,NULL,'300.00','300.00',0,'2025-12-26 09:48:20.000'),
(657,450,NULL,36,'100.00','100.00',0,'2025-12-26 09:50:15.000'),
(658,450,NULL,1,'270.00','270.00',1,'2025-12-26 09:50:15.000'),
(659,451,65,NULL,'160.00','160.00',0,'2025-12-26 09:52:14.000'),
(660,451,67,NULL,'180.00','180.00',1,'2025-12-26 09:52:14.000'),
(661,452,23,NULL,'150.00','150.00',0,'2025-12-26 09:56:21.000'),
(662,453,24,NULL,'120.00','120.00',0,'2025-12-26 09:57:58.000'),
(663,454,24,NULL,'140.00','140.00',0,'2025-12-26 09:59:42.000'),
(664,455,24,NULL,'150.00','150.00',0,'2025-12-26 10:01:04.000'),
(665,456,24,NULL,'30.00','30.00',0,'2025-12-26 10:02:25.000'),
(666,457,15,NULL,'75.00','75.00',0,'2025-12-26 10:05:48.000'),
(667,457,19,NULL,'185.00','185.00',1,'2025-12-26 10:05:48.000'),
(668,457,20,NULL,'220.00','220.00',2,'2025-12-26 10:05:48.000'),
(669,457,21,NULL,'320.00','320.00',3,'2025-12-26 10:05:48.000'),
(670,458,65,NULL,'120.00','120.00',0,'2025-12-26 10:07:18.000'),
(671,458,68,NULL,'240.00','240.00',1,'2025-12-26 10:07:18.000'),
(672,459,66,NULL,'90.00','90.00',0,'2025-12-26 10:09:00.000'),
(673,459,68,NULL,'190.00','190.00',1,'2025-12-26 10:09:00.000'),
(674,460,24,NULL,'270.00','270.00',0,'2025-12-26 10:14:01.000'),
(675,461,15,NULL,'150.00','150.00',0,'2025-12-26 10:17:35.000'),
(676,461,19,NULL,'370.00','370.00',1,'2025-12-26 10:17:35.000'),
(677,461,20,NULL,'650.00','650.00',2,'2025-12-26 10:17:35.000'),
(678,462,19,NULL,'450.00','450.00',0,'2025-12-26 10:19:06.000'),
(679,463,19,NULL,'500.00','500.00',0,'2025-12-26 10:20:51.000');
INSERT INTO `product_size_prices` (`id`, `product_id`, `size_id`, `unit_id`, `price`, `cost_price`, `sort_order`, `created_at`) VALUES
(680,464,68,NULL,'450.00','450.00',0,'2025-12-26 10:22:27.000'),
(681,465,15,NULL,'190.00','190.00',0,'2025-12-26 10:24:45.000'),
(682,465,19,NULL,'420.00','420.00',1,'2025-12-26 10:24:45.000'),
(683,465,20,NULL,'720.00','720.00',2,'2025-12-26 10:24:45.000'),
(684,466,15,NULL,'190.00','190.00',0,'2025-12-26 10:27:02.000'),
(685,466,19,NULL,'450.00','450.00',1,'2025-12-26 10:27:02.000'),
(686,466,20,NULL,'800.00','800.00',2,'2025-12-26 10:27:02.000'),
(687,467,15,NULL,'230.00','230.00',0,'2025-12-26 10:28:58.000'),
(688,467,19,NULL,'500.00','500.00',1,'2025-12-26 10:28:58.000'),
(689,467,20,NULL,'900.00','900.00',2,'2025-12-26 10:28:58.000'),
(690,468,67,NULL,'260.00','260.00',0,'2025-12-26 10:31:05.000'),
(691,469,65,NULL,'50.00','50.00',0,'2025-12-26 10:32:28.000'),
(692,470,23,NULL,'150.00','150.00',0,'2025-12-26 10:33:59.000'),
(693,471,23,NULL,'110.00','110.00',0,'2025-12-26 10:35:13.000'),
(694,472,68,NULL,'160.00','160.00',0,'2025-12-26 10:36:38.000'),
(695,473,24,NULL,'420.00','420.00',0,'2025-12-26 10:37:47.000'),
(696,474,15,NULL,'90.00','90.00',0,'2025-12-26 10:39:38.000'),
(697,474,19,NULL,'110.00','110.00',1,'2025-12-26 10:39:38.000'),
(698,474,20,NULL,'140.00','140.00',2,'2025-12-26 10:39:38.000'),
(699,475,23,NULL,'150.00','150.00',0,'2025-12-26 10:54:32.000'),
(700,476,24,NULL,'220.00','220.00',0,'2025-12-26 10:57:11.000'),
(701,477,24,NULL,'370.00','370.00',0,'2025-12-26 10:59:17.000'),
(702,478,23,NULL,'320.00','320.00',0,'2025-12-26 11:01:20.000'),
(703,479,24,NULL,'250.00','250.00',0,'2025-12-26 11:07:11.000'),
(704,480,23,NULL,'530.00','530.00',0,'2025-12-26 11:09:03.000'),
(705,481,23,NULL,'650.00','650.00',0,'2025-12-26 11:10:48.000'),
(706,482,24,NULL,'500.00','500.00',0,'2025-12-26 11:12:59.000'),
(707,483,15,NULL,'350.00','350.00',0,'2025-12-26 11:15:56.000'),
(708,483,20,NULL,'450.00','450.00',1,'2025-12-26 11:15:56.000'),
(709,484,24,NULL,'300.00','300.00',0,'2025-12-26 11:17:46.000'),
(710,485,15,NULL,'220.00','220.00',0,'2025-12-26 11:19:19.000'),
(711,485,20,NULL,'300.00','300.00',1,'2025-12-26 11:19:19.000'),
(712,486,15,NULL,'350.00','350.00',0,'2025-12-26 11:21:12.000'),
(713,486,20,NULL,'530.00','530.00',1,'2025-12-26 11:21:12.000'),
(714,487,23,NULL,'220.00','220.00',0,'2025-12-26 11:22:53.000'),
(715,488,23,NULL,'480.00','480.00',0,'2025-12-26 11:25:09.000'),
(716,489,23,NULL,'450.00','450.00',0,'2025-12-26 11:27:07.000'),
(717,490,15,NULL,'340.00','340.00',0,'2025-12-26 11:29:28.000'),
(718,490,19,NULL,'370.00','370.00',1,'2025-12-26 11:29:28.000'),
(719,490,20,NULL,'450.00','450.00',2,'2025-12-26 11:29:28.000'),
(720,491,NULL,36,'270.00','270.00',0,'2025-12-26 11:31:06.000'),
(721,491,NULL,49,'540.00','540.00',1,'2025-12-26 11:31:06.000'),
(722,492,NULL,1,'580.00','580.00',0,'2025-12-26 11:32:39.000'),
(723,493,NULL,36,'310.00','310.00',0,'2025-12-26 11:35:04.000'),
(724,493,NULL,1,'620.00','620.00',1,'2025-12-26 11:35:04.000'),
(725,494,NULL,36,'250.00','250.00',0,'2025-12-26 11:36:39.000'),
(726,494,NULL,1,'440.00','440.00',1,'2025-12-26 11:36:39.000'),
(727,495,NULL,36,'300.00','300.00',0,'2025-12-26 11:39:05.000'),
(728,495,NULL,1,'600.00','600.00',1,'2025-12-26 11:39:05.000'),
(729,496,15,NULL,'50.00','50.00',0,'2025-12-26 11:40:38.000'),
(730,496,19,NULL,'300.00','300.00',1,'2025-12-26 11:40:38.000'),
(731,496,21,NULL,'550.00','550.00',2,'2025-12-26 11:40:38.000'),
(732,297,NULL,33,'280.00','280.00',0,'2025-12-26 15:57:59.000'),
(733,297,NULL,36,'550.00','550.00',1,'2025-12-26 15:57:59.000'),
(734,297,NULL,35,'830.00','830.00',2,'2025-12-26 15:57:59.000'),
(735,497,NULL,54,'1250.00','1250.00',0,'2025-12-26 16:01:52.000'),
(736,498,NULL,33,'1800.00','1800.00',0,'2025-12-26 16:05:18.000'),
(737,499,24,NULL,'15.00','15.00',0,'2025-12-26 16:06:31.000'),
(738,500,NULL,55,'50.00','50.00',0,'2025-12-26 16:08:16.000'),
(739,501,38,NULL,'300.00','300.00',0,'2025-12-26 16:11:24.000'),
(740,502,76,NULL,'400.00','400.00',0,'2025-12-26 16:14:38.000'),
(741,502,78,NULL,'750.00','750.00',1,'2025-12-26 16:14:38.000'),
(742,503,37,NULL,'300.00','300.00',0,'2025-12-26 16:17:10.000'),
(743,503,75,NULL,'550.00','550.00',1,'2025-12-26 16:17:10.000'),
(744,504,76,NULL,'460.00','460.00',0,'2025-12-26 16:18:36.000'),
(745,505,24,NULL,'430.00','430.00',0,'2025-12-26 16:20:49.000'),
(746,506,24,NULL,'380.00','380.00',0,'2025-12-26 16:22:45.000'),
(747,507,75,NULL,'620.00','620.00',0,'2025-12-26 16:24:41.000'),
(748,508,24,NULL,'430.00','430.00',0,'2025-12-26 16:25:48.000'),
(749,509,NULL,36,'800.00','800.00',0,'2025-12-26 16:27:26.000'),
(750,509,NULL,1,'1580.00','1580.00',1,'2025-12-26 16:27:26.000'),
(751,510,NULL,54,'1800.00','1800.00',0,'2025-12-26 16:28:38.000'),
(752,511,NULL,40,'450.00','450.00',0,'2025-12-26 16:30:10.000'),
(753,512,NULL,40,'600.00','600.00',0,'2025-12-26 16:31:41.000'),
(754,513,NULL,55,'550.00','550.00',0,'2025-12-26 16:32:37.000'),
(755,513,NULL,54,'1000.00','1000.00',1,'2025-12-26 16:32:37.000'),
(756,514,NULL,54,'450.00','450.00',0,'2025-12-26 16:33:35.000'),
(757,515,NULL,55,'400.00','400.00',0,'2025-12-26 16:34:33.000'),
(758,515,NULL,54,'800.00','800.00',1,'2025-12-26 16:34:33.000'),
(759,516,NULL,54,'450.00','450.00',0,'2025-12-26 16:35:49.000'),
(760,517,NULL,55,'400.00','400.00',0,'2025-12-26 16:36:58.000'),
(761,517,NULL,54,'780.00','780.00',1,'2025-12-26 16:36:58.000'),
(762,518,NULL,55,'400.00','400.00',0,'2025-12-26 16:37:58.000'),
(763,518,NULL,54,'780.00','780.00',1,'2025-12-26 16:37:58.000'),
(764,519,NULL,55,'520.00','520.00',0,'2025-12-26 16:39:43.000'),
(765,519,NULL,54,'1000.00','1000.00',1,'2025-12-26 16:39:43.000'),
(766,520,23,NULL,'70.00','70.00',0,'2025-12-26 16:41:20.000'),
(767,521,23,NULL,'60.00','60.00',0,'2025-12-26 16:43:19.000'),
(768,522,NULL,54,'700.00','700.00',0,'2025-12-26 16:44:37.000'),
(769,523,NULL,54,'600.00','600.00',0,'2025-12-26 16:45:51.000'),
(770,524,NULL,54,'50.00','50.00',0,'2025-12-26 16:47:07.000'),
(771,525,NULL,54,'50.00','50.00',0,'2025-12-26 16:48:33.000'),
(772,526,NULL,54,'40.00','40.00',0,'2025-12-26 16:49:42.000'),
(773,527,23,NULL,'500.00','500.00',0,'2025-12-26 16:51:24.000'),
(774,528,NULL,54,'900.00','900.00',0,'2025-12-26 16:53:05.000'),
(775,529,NULL,54,'1250.00','1250.00',0,'2025-12-26 16:55:07.000'),
(776,530,NULL,54,'1150.00','1150.00',0,'2025-12-26 16:56:47.000'),
(777,531,NULL,54,'500.00','500.00',0,'2025-12-26 16:58:13.000'),
(778,532,NULL,54,'1200.00','1200.00',0,'2025-12-26 16:59:30.000'),
(779,533,NULL,54,'1200.00','1200.00',0,'2025-12-26 17:01:21.000');
INSERT INTO `product_size_prices` (`id`, `product_id`, `size_id`, `unit_id`, `price`, `cost_price`, `sort_order`, `created_at`) VALUES
(780,534,NULL,54,'1200.00','1200.00',0,'2025-12-26 17:02:53.000'),
(781,535,NULL,54,'900.00','900.00',0,'2025-12-26 17:04:09.000'),
(782,536,NULL,54,'1150.00','1150.00',0,'2025-12-26 17:07:01.000'),
(783,537,NULL,54,'1150.00','1150.00',0,'2025-12-26 17:08:12.000'),
(784,538,NULL,54,'1500.00','1500.00',0,'2025-12-26 17:10:00.000'),
(785,539,NULL,54,'1150.00','1150.00',0,'2025-12-26 17:57:09.000'),
(786,540,NULL,36,'800.00','800.00',0,'2025-12-26 17:58:44.000'),
(787,540,NULL,1,'1600.00','1600.00',1,'2025-12-26 17:58:44.000'),
(788,541,NULL,36,'800.00','800.00',0,'2025-12-26 17:59:50.000'),
(789,541,NULL,1,'1600.00','1600.00',1,'2025-12-26 17:59:50.000'),
(790,542,NULL,36,'780.00','780.00',0,'2025-12-26 18:00:52.000'),
(791,542,NULL,1,'1500.00','1500.00',1,'2025-12-26 18:00:52.000'),
(792,543,NULL,55,'900.00','900.00',0,'2025-12-26 18:02:30.000'),
(793,543,NULL,54,'1700.00','1700.00',1,'2025-12-26 18:02:30.000'),
(794,544,NULL,55,'900.00','900.00',0,'2025-12-26 18:05:14.000'),
(795,544,NULL,54,'1700.00','1700.00',1,'2025-12-26 18:05:14.000'),
(796,545,NULL,55,'900.00','900.00',0,'2025-12-26 18:06:30.000'),
(797,545,NULL,41,'1600.00','1600.00',1,'2025-12-26 18:06:30.000'),
(798,546,NULL,55,'920.00','920.00',0,'2025-12-26 18:07:29.000'),
(799,546,NULL,54,'1800.00','1800.00',1,'2025-12-26 18:07:29.000'),
(800,547,NULL,36,'950.00','950.00',0,'2025-12-26 18:09:41.000'),
(801,547,NULL,1,'1800.00','1800.00',1,'2025-12-26 18:09:41.000'),
(802,548,NULL,55,'500.00','500.00',0,'2025-12-26 18:10:54.000'),
(803,548,NULL,54,'1000.00','1000.00',1,'2025-12-26 18:10:54.000'),
(804,549,NULL,36,'800.00','800.00',0,'2025-12-26 18:13:15.000'),
(805,549,NULL,1,'1600.00','1600.00',1,'2025-12-26 18:13:15.000'),
(806,550,24,NULL,'40.00','40.00',0,'2025-12-26 18:26:21.000'),
(807,551,NULL,55,'700.00','700.00',0,'2025-12-26 18:28:40.000'),
(808,551,NULL,54,'1200.00','1200.00',1,'2025-12-26 18:28:40.000'),
(809,552,NULL,36,'1550.00','1550.00',0,'2025-12-26 18:32:32.000'),
(810,552,NULL,1,'3150.00','3150.00',1,'2025-12-26 18:32:32.000'),
(811,553,NULL,36,'1550.00','1550.00',0,'2025-12-26 18:34:18.000'),
(812,553,NULL,1,'3100.00','3100.00',1,'2025-12-26 18:34:18.000'),
(813,554,NULL,54,'1900.00','1900.00',0,'2025-12-26 18:36:17.000'),
(814,555,NULL,55,'1450.00','1450.00',0,'2025-12-26 18:37:52.000'),
(815,555,NULL,54,'2900.00','2900.00',1,'2025-12-26 18:37:52.000'),
(816,556,NULL,36,'1450.00','1450.00',0,'2025-12-26 18:39:29.000'),
(817,556,NULL,1,'2900.00','2900.00',1,'2025-12-26 18:39:29.000'),
(818,557,NULL,36,'1600.00','1600.00',0,'2025-12-26 18:41:31.000'),
(819,557,NULL,1,'3150.00','3150.00',1,'2025-12-26 18:41:31.000'),
(820,558,NULL,55,'1450.00','1450.00',0,'2025-12-26 18:43:49.000'),
(821,558,NULL,54,'2900.00','2900.00',1,'2025-12-26 18:43:49.000'),
(822,559,NULL,36,'1580.00','1580.00',0,'2025-12-26 18:45:59.000'),
(823,559,NULL,1,'3100.00','3100.00',1,'2025-12-26 18:45:59.000'),
(824,560,23,NULL,'15.00','15.00',0,'2025-12-26 18:47:46.000'),
(825,561,NULL,55,'500.00','500.00',0,'2025-12-26 18:49:01.000'),
(826,561,NULL,54,'900.00','900.00',1,'2025-12-26 18:49:01.000'),
(827,562,NULL,54,'450.00','450.00',0,'2025-12-26 18:49:58.000'),
(828,563,NULL,54,'1000.00','1000.00',0,'2025-12-26 18:51:49.000'),
(829,564,NULL,54,'1000.00','1000.00',0,'2025-12-26 18:54:09.000'),
(830,565,NULL,54,'1000.00','1000.00',0,'2025-12-26 18:54:10.000'),
(831,566,NULL,55,'450.00','450.00',0,'2025-12-26 18:56:05.000'),
(832,566,NULL,54,'900.00','900.00',1,'2025-12-26 18:56:05.000'),
(833,567,NULL,55,'450.00','450.00',0,'2025-12-26 18:57:10.000'),
(834,567,NULL,54,'900.00','900.00',1,'2025-12-26 18:57:10.000'),
(835,568,NULL,55,'450.00','450.00',0,'2025-12-26 18:58:17.000'),
(836,568,NULL,54,'900.00','900.00',1,'2025-12-26 18:58:17.000'),
(837,569,NULL,55,'500.00','500.00',0,'2025-12-26 18:59:15.000'),
(838,569,NULL,54,'1000.00','1000.00',1,'2025-12-26 18:59:15.000'),
(839,570,NULL,55,'500.00','500.00',0,'2025-12-26 19:00:18.000'),
(840,570,NULL,54,'1000.00','1000.00',1,'2025-12-26 19:00:18.000'),
(841,571,NULL,55,'600.00','600.00',0,'2025-12-26 19:01:29.000'),
(842,571,NULL,54,'1050.00','1050.00',1,'2025-12-26 19:01:29.000'),
(843,572,NULL,1,'1700.00','1700.00',0,'2025-12-26 21:03:52.000'),
(844,573,24,NULL,'420.00','420.00',0,'2025-12-26 21:05:20.000'),
(845,574,24,NULL,'350.00','350.00',0,'2025-12-26 21:06:13.000'),
(846,575,38,NULL,'200.00','200.00',0,'2025-12-26 21:07:38.000'),
(847,576,38,NULL,'170.00','170.00',0,'2025-12-26 21:09:37.000'),
(848,577,38,NULL,'200.00','200.00',0,'2025-12-26 21:10:37.000'),
(849,578,37,NULL,'170.00','170.00',0,'2025-12-26 21:11:53.000'),
(850,579,NULL,55,'950.00','950.00',0,'2025-12-26 21:16:16.000'),
(851,579,NULL,54,'1850.00','1850.00',1,'2025-12-26 21:16:16.000'),
(852,580,NULL,55,'950.00','950.00',0,'2025-12-26 21:30:14.000'),
(853,580,NULL,54,'1850.00','1850.00',1,'2025-12-26 21:30:14.000'),
(854,581,NULL,55,'1000.00','1000.00',0,'2025-12-26 21:32:26.000'),
(855,581,NULL,54,'2000.00','2000.00',1,'2025-12-26 21:32:26.000'),
(856,582,NULL,55,'1000.00','1000.00',0,'2025-12-26 21:35:04.000'),
(857,582,NULL,54,'2000.00','2000.00',1,'2025-12-26 21:35:04.000'),
(858,583,NULL,55,'1100.00','1100.00',0,'2025-12-26 21:36:18.000'),
(859,583,NULL,54,'2200.00','2200.00',1,'2025-12-26 21:36:18.000'),
(860,584,NULL,33,'600.00','600.00',0,'2025-12-26 21:38:33.000'),
(861,584,NULL,36,'1100.00','1100.00',1,'2025-12-26 21:38:33.000'),
(862,584,NULL,1,'2200.00','2200.00',2,'2025-12-26 21:38:33.000'),
(863,585,NULL,33,'500.00','500.00',0,'2025-12-26 21:40:22.000'),
(864,585,NULL,36,'900.00','900.00',1,'2025-12-26 21:40:22.000'),
(865,585,NULL,1,'1800.00','1800.00',2,'2025-12-26 21:40:22.000'),
(866,586,NULL,33,'550.00','550.00',0,'2025-12-26 21:47:42.000'),
(867,586,NULL,36,'1000.00','1000.00',1,'2025-12-26 21:47:42.000'),
(868,586,NULL,1,'2000.00','2000.00',2,'2025-12-26 21:47:42.000'),
(869,587,NULL,33,'500.00','500.00',0,'2025-12-26 21:49:12.000'),
(870,587,NULL,36,'900.00','900.00',1,'2025-12-26 21:49:12.000'),
(871,587,NULL,1,'1800.00','1800.00',2,'2025-12-26 21:49:12.000'),
(872,588,NULL,33,'550.00','550.00',0,'2025-12-26 21:50:57.000'),
(873,588,NULL,36,'1000.00','1000.00',1,'2025-12-26 21:50:57.000'),
(874,588,NULL,1,'2000.00','2000.00',2,'2025-12-26 21:50:57.000'),
(875,589,NULL,33,'550.00','550.00',0,'2025-12-26 21:53:03.000'),
(876,589,NULL,36,'1000.00','1000.00',1,'2025-12-26 21:53:03.000'),
(877,589,NULL,1,'2000.00','2000.00',2,'2025-12-26 21:53:03.000'),
(878,590,NULL,33,'550.00','550.00',0,'2025-12-26 21:55:14.000'),
(879,590,NULL,36,'1000.00','1000.00',1,'2025-12-26 21:55:14.000');
INSERT INTO `product_size_prices` (`id`, `product_id`, `size_id`, `unit_id`, `price`, `cost_price`, `sort_order`, `created_at`) VALUES
(880,590,NULL,1,'2000.00','2000.00',2,'2025-12-26 21:55:14.000'),
(881,591,NULL,33,'550.00','550.00',0,'2025-12-26 22:04:06.000'),
(882,591,NULL,36,'1000.00','1000.00',1,'2025-12-26 22:04:06.000'),
(883,591,NULL,1,'2000.00','2000.00',2,'2025-12-26 22:04:06.000'),
(884,592,NULL,33,'600.00','600.00',0,'2025-12-26 22:06:20.000'),
(885,592,NULL,36,'1100.00','1100.00',1,'2025-12-26 22:06:20.000'),
(886,592,NULL,1,'2200.00','2200.00',2,'2025-12-26 22:06:20.000'),
(887,593,NULL,33,'600.00','600.00',0,'2025-12-26 22:10:15.000'),
(888,593,NULL,36,'1100.00','1100.00',1,'2025-12-26 22:10:15.000'),
(889,593,NULL,1,'2200.00','2200.00',2,'2025-12-26 22:10:15.000'),
(890,594,NULL,33,'600.00','600.00',0,'2025-12-26 22:16:24.000'),
(891,594,NULL,36,'1100.00','1100.00',1,'2025-12-26 22:16:24.000'),
(892,594,NULL,1,'2200.00','2200.00',2,'2025-12-26 22:16:24.000'),
(893,595,NULL,33,'600.00','600.00',0,'2025-12-26 22:27:16.000'),
(894,595,NULL,36,'1100.00','1100.00',1,'2025-12-26 22:27:16.000'),
(895,595,NULL,1,'2200.00','2200.00',2,'2025-12-26 22:27:16.000'),
(896,596,NULL,36,'1000.00','1000.00',0,'2025-12-26 22:29:50.000'),
(897,596,NULL,1,'2000.00','2000.00',1,'2025-12-26 22:29:50.000'),
(898,597,NULL,36,'900.00','900.00',0,'2025-12-26 22:31:35.000'),
(899,597,NULL,1,'1800.00','1800.00',1,'2025-12-26 22:31:35.000'),
(900,598,NULL,36,'900.00','900.00',0,'2025-12-26 22:34:56.000'),
(901,598,NULL,1,'1800.00','1800.00',1,'2025-12-26 22:34:56.000'),
(902,599,NULL,1,'590.00','590.00',0,'2025-12-27 10:14:06.000'),
(903,600,NULL,1,'530.00','530.00',0,'2025-12-27 10:42:51.000'),
(904,601,NULL,1,'590.00','590.00',0,'2025-12-27 10:45:59.000'),
(905,602,NULL,36,'100.00','100.00',0,'2025-12-27 10:47:58.000'),
(906,602,NULL,1,'190.00','190.00',1,'2025-12-27 10:47:58.000'),
(907,603,NULL,33,'100.00','100.00',0,'2025-12-27 10:51:59.000'),
(908,603,NULL,36,'200.00','200.00',1,'2025-12-27 10:51:59.000'),
(909,603,NULL,1,'400.00','400.00',2,'2025-12-27 10:51:59.000'),
(910,604,NULL,33,'80.00','80.00',0,'2025-12-27 10:54:40.000'),
(911,604,NULL,36,'160.00','160.00',1,'2025-12-27 10:54:40.000'),
(912,604,NULL,1,'320.00','320.00',2,'2025-12-27 10:54:40.000'),
(913,605,NULL,33,'150.00','150.00',0,'2025-12-27 10:57:42.000'),
(914,605,NULL,36,'300.00','300.00',1,'2025-12-27 10:57:42.000'),
(915,605,NULL,1,'600.00','600.00',2,'2025-12-27 10:57:42.000'),
(916,606,NULL,33,'110.00','110.00',0,'2025-12-27 11:00:02.000'),
(917,606,NULL,36,'220.00','220.00',1,'2025-12-27 11:00:02.000'),
(918,606,NULL,1,'440.00','440.00',2,'2025-12-27 11:00:02.000'),
(919,607,NULL,33,'100.00','100.00',0,'2025-12-27 11:22:03.000'),
(920,607,NULL,36,'200.00','200.00',1,'2025-12-27 11:22:03.000'),
(921,607,NULL,35,'300.00','300.00',2,'2025-12-27 11:22:03.000'),
(922,607,NULL,1,'400.00','400.00',3,'2025-12-27 11:22:03.000'),
(923,608,NULL,33,'90.00','90.00',0,'2025-12-27 11:24:38.000'),
(924,608,NULL,36,'175.00','175.00',1,'2025-12-27 11:24:38.000'),
(925,608,NULL,1,'350.00','350.00',2,'2025-12-27 11:24:38.000'),
(926,609,NULL,36,'185.00','185.00',0,'2025-12-27 11:26:33.000'),
(927,609,NULL,1,'370.00','370.00',1,'2025-12-27 11:26:33.000'),
(928,610,23,NULL,'290.00','290.00',0,'2025-12-27 11:27:49.000'),
(929,611,24,NULL,'220.00','220.00',0,'2025-12-27 11:29:33.000'),
(930,612,23,NULL,'220.00','220.00',0,'2025-12-27 11:31:01.000'),
(931,613,31,NULL,'190.00','190.00',0,'2025-12-27 11:32:23.000'),
(932,614,31,NULL,'180.00','180.00',0,'2025-12-27 11:34:40.000'),
(933,615,24,NULL,'230.00','230.00',0,'2025-12-27 11:36:09.000'),
(934,616,23,NULL,'300.00','300.00',0,'2025-12-27 11:38:03.000'),
(935,617,66,NULL,'120.00','120.00',0,'2025-12-27 11:39:53.000'),
(936,617,67,NULL,'285.00','285.00',1,'2025-12-27 11:39:53.000'),
(937,618,23,NULL,'60.00','60.00',0,'2025-12-27 11:41:49.000'),
(938,619,24,NULL,'100.00','100.00',0,'2025-12-27 11:44:08.000'),
(939,620,24,NULL,'120.00','120.00',0,'2025-12-27 11:46:31.000'),
(940,621,66,NULL,'200.00','200.00',0,'2025-12-27 11:48:19.000'),
(941,621,67,NULL,'475.00','475.00',1,'2025-12-27 11:48:19.000'),
(942,622,23,NULL,'470.00','470.00',0,'2025-12-27 11:50:02.000'),
(943,623,23,NULL,'500.00','500.00',0,'2025-12-27 11:51:33.000'),
(944,624,24,NULL,'60.00','60.00',0,'2025-12-27 11:53:25.000'),
(945,625,24,NULL,'70.00','70.00',0,'2025-12-27 11:55:35.000'),
(946,626,24,NULL,'75.00','75.00',0,'2025-12-27 11:56:52.000'),
(947,627,23,NULL,'200.00','200.00',0,'2025-12-27 11:58:10.000'),
(948,628,31,NULL,'270.00','270.00',0,'2025-12-27 12:34:43.000'),
(949,629,65,NULL,'170.00','170.00',0,'2025-12-27 12:39:16.000'),
(950,629,67,NULL,'340.00','340.00',1,'2025-12-27 12:39:16.000'),
(951,630,24,NULL,'180.00','180.00',0,'2025-12-27 12:43:43.000'),
(952,631,32,NULL,'350.00','350.00',0,'2025-12-27 12:45:33.000'),
(953,632,32,NULL,'160.00','160.00',0,'2025-12-27 12:50:11.000'),
(954,633,32,NULL,'160.00','160.00',0,'2025-12-27 12:52:21.000'),
(955,634,31,NULL,'160.00','160.00',0,'2025-12-27 12:53:56.000'),
(956,635,31,NULL,'160.00','160.00',0,'2025-12-27 12:55:09.000'),
(957,636,31,NULL,'160.00','160.00',0,'2025-12-27 12:56:29.000'),
(958,637,31,NULL,'160.00','160.00',0,'2025-12-27 12:57:35.000'),
(959,638,NULL,33,'100.00','100.00',0,'2025-12-27 13:00:20.000'),
(960,638,NULL,36,'200.00','200.00',1,'2025-12-27 13:00:20.000'),
(961,638,NULL,1,'400.00','400.00',2,'2025-12-27 13:00:20.000'),
(962,639,67,NULL,'290.00','290.00',0,'2025-12-27 13:01:47.000'),
(963,640,24,NULL,'130.00','130.00',0,'2025-12-27 13:04:54.000'),
(964,641,23,NULL,'130.00','130.00',0,'2025-12-27 13:06:11.000'),
(965,642,23,NULL,'130.00','130.00',0,'2025-12-27 13:06:11.000'),
(966,643,32,NULL,'80.00','80.00',0,'2025-12-27 13:08:24.000'),
(967,644,32,NULL,'180.00','180.00',0,'2025-12-27 13:11:48.000'),
(968,645,24,NULL,'450.00','450.00',0,'2025-12-27 13:16:38.000');

DROP TABLE IF EXISTS `riders`;
CREATE TABLE `riders` (
  `id` int(11) NOT NULL AUTO_INCREMENT,
  `first_name` varchar(50) NOT NULL,
  `last_name` varchar(50) NOT NULL,
  `email` varchar(100) NOT NULL,
  `phone` varchar(20) DEFAULT NULL,
  `password` varchar(255) NOT NULL,
  `vehicle_type` varchar(50) DEFAULT NULL,
  `license_number` varchar(50) DEFAULT NULL,
  `is_available` tinyint(1) DEFAULT 1,
  `is_active` tinyint(1) DEFAULT 1,
  `created_at` timestamp NOT NULL DEFAULT current_timestamp(),
  `updated_at` timestamp NOT NULL DEFAULT current_timestamp() ON UPDATE current_timestamp(),
  `father_name` varchar(100) DEFAULT NULL,
  `image_url` varchar(255) DEFAULT NULL,
  `id_card_url` varchar(255) DEFAULT NULL,
  `id_card_num` varchar(100) DEFAULT NULL,
  PRIMARY KEY (`id`),
  UNIQUE KEY `email` (`email`),
  KEY `idx_riders_available` (`is_available`)
) ENGINE=InnoDB AUTO_INCREMENT=21 DEFAULT CHARSET=utf8mb4 COLLATE=utf8mb4_general_ci;

INSERT INTO `riders` (`id`, `first_name`, `last_name`, `email`, `phone`, `password`, `vehicle_type`, `license_number`, `is_available`, `is_active`, `created_at`, `updated_at`, `father_name`, `image_url`, `id_card_url`, `id_card_num`) VALUES
(1,'Ahmed','Khan','ahmed.rider@servenow.pk','+1234567894','rider123','Motorcycle','LIC123456',1,1,'2025-11-30 20:48:32.000','2025-12-15 01:08:10.000','','/uploads/upload_1765742890081_67.png','/uploads/upload_1765742890101_933.jpeg','35202-5955742-3'),
(20,'Aqeel Ur Rehman','','aaqueel@gmail.com','+920321442462','$2a$10$AwVL5uX5/nV2gFlbONhdMOSQSVA0FRlYSUamY0.hS0P9a1dSfNqfG','Motorcycle','LIC2025',1,1,'2025-12-15 01:12:33.000','2025-12-15 01:12:33.000','Ch. Allah Bukhash','/uploads/upload_1765743153706_737.jpeg','/uploads/upload_1765743153716_733.jpeg','35201-9055966-6');

DROP TABLE IF EXISTS `riders_fuel_history`;
CREATE TABLE `riders_fuel_history` (
  `id` int(11) NOT NULL AUTO_INCREMENT,
  `rider_id` int(11) NOT NULL,
  `entry_date` date DEFAULT NULL,
  `start_meter` varchar(64) DEFAULT NULL,
  `end_meter` varchar(64) DEFAULT NULL,
  `distance` decimal(10,2) DEFAULT NULL,
  `petrol_rate` decimal(10,2) DEFAULT NULL,
  `fuel_cost` decimal(10,2) DEFAULT NULL,
  `notes` text DEFAULT NULL,
  `created_at` timestamp NOT NULL DEFAULT current_timestamp(),
  `updated_at` timestamp NULL DEFAULT NULL ON UPDATE current_timestamp(),
  PRIMARY KEY (`id`),
  KEY `idx_rfh_rider` (`rider_id`),
  CONSTRAINT `fk_rfh_rider` FOREIGN KEY (`rider_id`) REFERENCES `riders` (`id`) ON DELETE CASCADE
) ENGINE=InnoDB AUTO_INCREMENT=2 DEFAULT CHARSET=utf8mb4 COLLATE=utf8mb4_general_ci;

INSERT INTO `riders_fuel_history` (`id`, `rider_id`, `entry_date`, `start_meter`, `end_meter`, `distance`, `petrol_rate`, `fuel_cost`, `notes`, `created_at`, `updated_at`) VALUES
(1,1,'2025-12-15 00:00:00.000','525','565','40.00','7.50','300.00','Delivery To Customer at Kot Addu Power Station','2025-12-15 02:30:27.000',NULL);

DROP TABLE IF EXISTS `rider_cash_movements`;
CREATE TABLE `rider_cash_movements` (
  `id` int(11) NOT NULL AUTO_INCREMENT,
  `movement_number` varchar(50) NOT NULL,
  `rider_id` int(11) NOT NULL,
  `movement_date` date NOT NULL,
  `movement_type` enum('cash_collection','cash_submission','advance','settlement','adjustment') NOT NULL,
  `amount` decimal(12,2) NOT NULL,
  `description` text DEFAULT NULL,
  `reference_type` varchar(50) DEFAULT NULL,
  `reference_id` int(11) DEFAULT NULL,
  `status` enum('pending','completed','approved','cancelled') DEFAULT 'pending',
  `recorded_by` int(11) DEFAULT NULL,
  `approved_by` int(11) DEFAULT NULL,
  `approved_at` timestamp NULL DEFAULT NULL,
  `notes` text DEFAULT NULL,
  `created_at` timestamp NOT NULL DEFAULT current_timestamp(),
  `updated_at` timestamp NOT NULL DEFAULT current_timestamp() ON UPDATE current_timestamp(),
  PRIMARY KEY (`id`),
  UNIQUE KEY `movement_number` (`movement_number`),
  KEY `recorded_by` (`recorded_by`),
  KEY `approved_by` (`approved_by`),
  KEY `idx_rcm_rider_id` (`rider_id`),
  KEY `idx_rcm_movement_type` (`movement_type`),
  KEY `idx_rcm_movement_date` (`movement_date`),
  CONSTRAINT `rider_cash_movements_ibfk_1` FOREIGN KEY (`rider_id`) REFERENCES `riders` (`id`) ON DELETE CASCADE,
  CONSTRAINT `rider_cash_movements_ibfk_2` FOREIGN KEY (`recorded_by`) REFERENCES `users` (`id`) ON DELETE SET NULL,
  CONSTRAINT `rider_cash_movements_ibfk_3` FOREIGN KEY (`approved_by`) REFERENCES `users` (`id`) ON DELETE SET NULL
) ENGINE=InnoDB DEFAULT CHARSET=utf8mb4 COLLATE=utf8mb4_general_ci;

DROP TABLE IF EXISTS `saved_payment_methods`;
CREATE TABLE `saved_payment_methods` (
  `id` int(11) NOT NULL AUTO_INCREMENT,
  `user_id` int(11) NOT NULL,
  `type` enum('card','paypal') NOT NULL,
  `gateway_id` varchar(255) DEFAULT NULL,
  `card_last_four` varchar(4) DEFAULT NULL,
  `card_brand` varchar(50) DEFAULT NULL,
  `card_expiry_month` int(11) DEFAULT NULL,
  `card_expiry_year` int(11) DEFAULT NULL,
  `is_primary` tinyint(1) DEFAULT 0,
  `is_active` tinyint(1) DEFAULT 1,
  `created_at` timestamp NOT NULL DEFAULT current_timestamp(),
  `updated_at` timestamp NOT NULL DEFAULT current_timestamp() ON UPDATE current_timestamp(),
  PRIMARY KEY (`id`),
  UNIQUE KEY `gateway_id` (`gateway_id`),
  KEY `idx_user_id` (`user_id`),
  KEY `idx_is_primary` (`is_primary`),
  CONSTRAINT `saved_payment_methods_ibfk_1` FOREIGN KEY (`user_id`) REFERENCES `users` (`id`) ON DELETE CASCADE
) ENGINE=InnoDB DEFAULT CHARSET=utf8mb4 COLLATE=utf8mb4_general_ci;

DROP TABLE IF EXISTS `sizes`;
CREATE TABLE `sizes` (
  `id` int(11) NOT NULL AUTO_INCREMENT,
  `label` varchar(50) NOT NULL,
  `description` text DEFAULT NULL,
  `created_at` timestamp NOT NULL DEFAULT current_timestamp(),
  PRIMARY KEY (`id`)
) ENGINE=InnoDB AUTO_INCREMENT=79 DEFAULT CHARSET=utf8mb4 COLLATE=utf8mb4_general_ci;

INSERT INTO `sizes` (`id`, `label`, `description`, `created_at`) VALUES
(15,'Small Size','S','2025-12-15 00:38:52.000'),
(19,'Medium Size','M','2025-12-15 10:32:41.000'),
(20,'Large Size','L','2025-12-15 10:32:41.000'),
(21,'Extra Large','XL','2025-12-15 10:33:53.000'),
(22,'Extra Large','XL','2025-12-15 10:33:53.000'),
(23,'1Piece','1Piece ','2025-12-15 23:59:44.000'),
(24,'1Piece',NULL,'2025-12-15 23:59:44.000'),
(25,'2Piece',NULL,'2025-12-16 00:00:02.000'),
(26,'2Piece',NULL,'2025-12-16 00:00:02.000'),
(27,'3Piece',NULL,'2025-12-16 00:00:11.000'),
(28,'3Piece',NULL,'2025-12-16 00:00:11.000'),
(29,'4Piece',NULL,'2025-12-16 00:04:06.000'),
(30,'4Piece',NULL,'2025-12-16 00:04:06.000'),
(31,'1Box',NULL,'2025-12-16 00:47:46.000'),
(32,'1Box',NULL,'2025-12-16 00:47:46.000'),
(33,'Half Ltr',NULL,'2025-12-18 00:43:29.000'),
(34,'Half Ltr',NULL,'2025-12-18 00:43:29.000'),
(35,'1 Litter',NULL,'2025-12-18 00:43:53.000'),
(36,'1 Litter',NULL,'2025-12-18 00:43:54.000'),
(37,'1 Seekh',NULL,'2025-12-18 01:02:25.000'),
(38,'1 Seekh',NULL,'2025-12-18 01:02:25.000'),
(39,'500grm',NULL,'2025-12-18 01:07:16.000'),
(40,'500grm',NULL,'2025-12-18 01:07:17.000'),
(41,'Small Plate',NULL,'2025-12-20 10:20:57.000'),
(42,'Small Plate',NULL,'2025-12-20 10:20:57.000'),
(43,'Medium Plate',NULL,'2025-12-20 10:21:08.000'),
(44,'Medium Plate',NULL,'2025-12-20 10:21:08.000'),
(45,'Large Plate',NULL,'2025-12-20 10:21:18.000'),
(46,'Large Plate',NULL,'2025-12-20 10:21:18.000'),
(47,'Small Plate',NULL,'2025-12-24 11:55:59.000'),
(48,'Small Plate',NULL,'2025-12-24 11:55:59.000'),
(49,'Large Plate',NULL,'2025-12-24 11:56:09.000'),
(50,'Large Plate',NULL,'2025-12-24 11:56:09.000'),
(51,'Medium Plate',NULL,'2025-12-24 11:56:19.000'),
(52,'Medium Plate',NULL,'2025-12-24 11:56:19.000'),
(53,'Extra Large Plate',NULL,'2025-12-24 11:57:14.000'),
(54,'Extra Large Plate',NULL,'2025-12-24 11:57:14.000'),
(55,'5 Piece',NULL,'2025-12-24 20:46:21.000'),
(56,'5 Piece',NULL,'2025-12-24 20:46:21.000'),
(57,'6 Piece',NULL,'2025-12-24 20:46:29.000'),
(58,'6 Piece',NULL,'2025-12-24 20:46:29.000'),
(59,'8 Seekh',NULL,'2025-12-24 20:53:03.000'),
(60,'8 Seekh',NULL,'2025-12-24 20:53:03.000'),
(61,'1 service',NULL,'2025-12-25 11:19:19.000'),
(62,'1 service',NULL,'2025-12-25 11:19:19.000'),
(63,'12 Pieces',NULL,'2025-12-25 11:43:42.000'),
(64,'12 Pieces',NULL,'2025-12-25 11:43:42.000'),
(65,'Small','S','2025-12-25 12:12:47.000'),
(66,'Small','S','2025-12-25 12:12:47.000'),
(67,'Large','L','2025-12-25 12:12:56.000'),
(68,'Large','L','2025-12-25 12:12:56.000'),
(69,'6 Seekh','S','2025-12-25 15:59:29.000'),
(70,'6 Seekh','S','2025-12-25 15:59:29.000'),
(71,'Shachet','S','2025-12-26 09:37:36.000'),
(72,'Shachet','S','2025-12-26 09:37:36.000'),
(73,'Jar','J','2025-12-26 09:37:46.000'),
(74,'Jar','J','2025-12-26 09:37:46.000'),
(75,'2 Seekh',NULL,'2025-12-26 16:12:54.000'),
(76,'2 Seekh',NULL,'2025-12-26 16:12:55.000'),
(77,'4 Seekh',NULL,'2025-12-26 16:13:07.000'),
(78,'4 Seekh',NULL,'2025-12-26 16:13:07.000');

DROP TABLE IF EXISTS `stores`;
CREATE TABLE `stores` (
  `id` int(11) NOT NULL AUTO_INCREMENT,
  `name` varchar(100) NOT NULL,
  `description` text DEFAULT NULL,
  `location` varchar(100) DEFAULT NULL,
  `latitude` decimal(10,8) DEFAULT NULL,
  `longitude` decimal(11,8) DEFAULT NULL,
  `rating` decimal(3,2) DEFAULT 0.00,
  `delivery_time` varchar(50) DEFAULT NULL,
  `phone` varchar(20) DEFAULT NULL,
  `email` varchar(100) DEFAULT NULL,
  `address` text DEFAULT NULL,
  `owner_id` int(11) DEFAULT NULL,
  `is_active` tinyint(1) DEFAULT 1,
  `created_at` timestamp NOT NULL DEFAULT current_timestamp(),
  `updated_at` timestamp NOT NULL DEFAULT current_timestamp() ON UPDATE current_timestamp(),
  `opening_time` time DEFAULT NULL,
  `closing_time` time DEFAULT NULL,
  `min_order_value` decimal(10,2) DEFAULT NULL,
  `base_delivery_fee` decimal(10,2) DEFAULT NULL,
  `cover_image` varchar(255) DEFAULT NULL,
  `category_id` int(11) DEFAULT NULL,
  `delivery_zones` longtext CHARACTER SET utf8mb4 COLLATE utf8mb4_bin DEFAULT NULL CHECK (json_valid(`delivery_zones`)),
  `supports_pickup` tinyint(1) DEFAULT 1,
  `supports_preorder` tinyint(1) DEFAULT 0,
  `is_open` tinyint(1) DEFAULT NULL,
  `holiday_mode` tinyint(1) DEFAULT 0,
  `tags` varchar(255) DEFAULT NULL,
  `owner_name` varchar(255) DEFAULT NULL,
  `payment_term` enum('Cash Only','Cash with Discount','Credit','Credit with Discount') DEFAULT NULL,
  PRIMARY KEY (`id`),
  KEY `owner_id` (`owner_id`),
  KEY `idx_stores_category_id` (`category_id`),
  CONSTRAINT `fk_stores_category` FOREIGN KEY (`category_id`) REFERENCES `categories` (`id`) ON DELETE SET NULL ON UPDATE CASCADE,
  CONSTRAINT `stores_ibfk_1` FOREIGN KEY (`owner_id`) REFERENCES `users` (`id`) ON DELETE SET NULL,
  CONSTRAINT `stores_ibfk_2` FOREIGN KEY (`category_id`) REFERENCES `categories` (`id`) ON DELETE SET NULL
) ENGINE=InnoDB AUTO_INCREMENT=101 DEFAULT CHARSET=utf8mb4 COLLATE=utf8mb4_general_ci;

INSERT INTO `stores` (`id`, `name`, `description`, `location`, `latitude`, `longitude`, `rating`, `delivery_time`, `phone`, `email`, `address`, `owner_id`, `is_active`, `created_at`, `updated_at`, `opening_time`, `closing_time`, `min_order_value`, `base_delivery_fee`, `cover_image`, `category_id`, `delivery_zones`, `supports_pickup`, `supports_preorder`, `is_open`, `holiday_mode`, `tags`, `owner_name`, `payment_term`) VALUES
(23,'Aghosh Hotel','Ready made food','Kalii Pull Kot Addu',NULL,NULL,'4.20','35 Minute ','+923175592503','ShahG@servenow.pk','kali pull canal colony',11,1,'2025-12-15 00:46:48.000','2025-12-27 19:22:54.000','12:00:00','23:00:00',NULL,'0.00','/uploads/store_upload_1766590526637_606.png',85,NULL,1,0,NULL,0,NULL,'Khurram Shah','Credit with Discount'),
(27,'Al Sheikh Pharmacy','100% ','Thana Chowk',NULL,NULL,'5.00','35-45','+923001234567','ghjjhhj@gmail.com','Thana Chowk G T Road Kotaddu',11,1,'2025-12-15 10:09:07.000','2025-12-27 10:00:14.000','08:00:00','12:00:00',NULL,NULL,'/uploads/store_upload_1765782923998_508.jfif',60,NULL,1,0,NULL,0,NULL,'Sheikh Furqan','Cash Only'),
(28,'Pakeeza Hotel','','Kali pull Kot Addu',NULL,NULL,'5.00','35 to 40 minute','+923330713898','Pakeeza@servenow.pk','Kali pull Kot Addu ',11,1,'2025-12-15 18:26:48.000','2025-12-27 10:29:22.000','11:00:00','12:00:00',NULL,NULL,'/uploads/store_upload_1765824654762_64.jpg',61,NULL,1,0,NULL,0,NULL,'Akram Bhai','Credit with Discount'),
(29,'ZamZam Ice Cream Parlour','Fresh & Cold','Stadium Colony Kot Addu',NULL,NULL,'5.00','30 minute','+923336055050','mshahid@servenow.pk','Noor Shah Road Near Stadium KotAddu',11,1,'2025-12-15 21:43:54.000','2025-12-27 10:51:23.000','11:00:00','23:00:00',NULL,NULL,'/uploads/store_upload_1765823458043_757.png',NULL,NULL,1,0,NULL,0,NULL,'M.Shahid','Credit with Discount'),
(30,'Shah G Hotel','Tasty','Noor Shah ChwokKot Addu',NULL,NULL,'5.00','35 minute','+923175592503','ShahgHotel@servenow.pk','Noor Shah Chowk Kot Addu Near By Stadium',11,1,'2025-12-15 21:47:23.000','2025-12-27 10:45:00.000','16:00:00','23:30:00',NULL,NULL,'/uploads/store_upload_1765823296556_344.png',NULL,NULL,1,0,NULL,0,NULL,'M Arslan','Credit with Discount'),
(31,'King Burger','Tasty','Thana Chowk KotAddu',NULL,NULL,'5.00','35 Minute ','+923428012699','king@servrnow.pk','Tana Chowk Near by Faislabad bakery',11,1,'2025-12-15 23:43:39.000','2025-12-27 10:27:11.000','16:00:00','23:00:00',NULL,NULL,'/uploads/store_upload_1765824218715_926.avif',NULL,NULL,1,0,NULL,0,NULL,'M.Shahyan',NULL),
(32,'Naseeb Biryani','Full SPicy','Railway Road Kot Addu',NULL,NULL,'5.00','30 minute','+923366001926','Naseeb@servenow.pk','Railway Road KotAddu',11,1,'2025-12-15 23:58:06.000','2025-12-27 10:29:01.000','11:00:00','19:00:00',NULL,NULL,'/uploads/store_upload_1765825086047_100.jpg',NULL,NULL,1,0,NULL,0,NULL,'M. Asif','Credit with Discount'),
(33,'Haji Naeem Samosa','Spicy','Railway chowk Kot Addu',NULL,NULL,'5.00','30 minute','+923216661595','HajiNaeem@servenow.pk','Railway Chowk Kot Addu',11,1,'2025-12-16 00:37:36.000','2025-12-27 10:23:53.000','11:00:00','21:00:00',NULL,NULL,'/uploads/store_upload_1765827455920_924.jpg',NULL,NULL,1,0,NULL,0,NULL,'M.Faheem','Credit with Discount'),
(36,'Rana B.B.Q','Tasty','Noor Shah Chowk Kot Addu',NULL,NULL,'5.00','35 Minute ','+923111003773','Ranabbq@servenow.pk','Noor Shah Chowk Kot Addu',11,1,'2025-12-18 00:55:40.000','2025-12-27 10:34:33.000','16:00:00','22:00:00',NULL,NULL,'/uploads/store_upload_1766001340068_534.png',NULL,NULL,1,0,NULL,0,NULL,'Rana','Credit with Discount'),
(37,'Babu Phulki Channa','Good Taste','Noor Shah Chwok Kot Addu',NULL,NULL,'5.00','30 minute','+923366004241','Babu@servenow.pk','Noor Shah Chowk Kot Addu',11,1,'2025-12-20 09:25:33.000','2025-12-27 10:02:11.000','08:00:00','13:00:00',NULL,NULL,'/uploads/store_upload_1766591314001_931.png',NULL,NULL,1,0,NULL,0,NULL,'Imran Babu','Credit with Discount'),
(38,'Shafique Milk Center','Fresh','Noor Shah Chowk Thermal Road Kotaddu',NULL,NULL,'5.00','30 minute','+923175592503','MilkShafique@servenow.pk','Noor Shah Chowk Thermal Road Kotaddu',11,1,'2025-12-20 09:35:06.000','2025-12-27 10:44:27.000','08:00:00','20:00:00',NULL,NULL,'/uploads/store_upload_1766205306051_871.jpg',NULL,NULL,1,0,NULL,0,NULL,'M.Shafique','Credit with Discount'),
(44,'Adnan Broast','Tasty','Thana Chowk KotAddu',NULL,NULL,'4.00','35 Minute ','+923316000031','adnan@servenow.pk','Thana chowk Kotaddu',1,1,'2025-12-22 02:44:13.000','2025-12-27 09:57:07.000','11:00:00','23:00:00',NULL,NULL,'/uploads/store_upload_1766589373068_492.png',NULL,NULL,1,0,NULL,0,NULL,'M.Adnan','Credit with Discount'),
(45,'Al Baik','Good Taste','Kotaddu',NULL,NULL,'5.00','35','+923000145645','Albaik@servenow.pk','Thana Road',11,1,'2025-12-22 08:58:16.000','2025-12-27 19:36:19.000','13:00:00','01:00:00',NULL,NULL,'/uploads/store_upload_1766590645105_171.png',85,NULL,1,0,NULL,0,NULL,NULL,'Credit with Discount'),
(46,'Al Makkah Naan Shop','Taste','Kotaddu',NULL,NULL,'5.00','45','+923000000000','almakkah@servenow.pk','Good',11,1,'2025-12-22 09:54:35.000','2025-12-27 19:39:51.000','08:00:00','20:00:00',NULL,NULL,'/uploads/store_upload_1766590844807_853.png',74,NULL,1,0,NULL,0,NULL,NULL,'Credit with Discount'),
(47,'Al Shafi','100 Pure','Kotaddu',NULL,NULL,'5.00','45','+923450000000','alshafi@servenow.pk','jjhh',11,1,'2025-12-22 09:57:05.000','2025-12-27 09:58:58.000','08:00:00','20:00:00',NULL,NULL,'/uploads/store_upload_1766379425477_150.jpg',NULL,NULL,1,0,NULL,0,NULL,NULL,'Credit with Discount'),
(48,'Amir Bashir Naan Shop','Tasty','Kotaddu',NULL,NULL,'4.00','45','+923110000000','amirbashir@servenow.pk','ssfsfd',11,1,'2025-12-22 09:58:54.000','2025-12-27 10:00:40.000','08:00:00','20:00:00',NULL,NULL,'/uploads/store_upload_1766590999500_597.png',NULL,NULL,1,0,NULL,0,NULL,NULL,'Credit with Discount'),
(49,'Apna Food Ghar','Good Taste','Khan Plaza Kotaddu',NULL,NULL,'5.00','45','+923324440507','apnafoodghar@servenow.pk','Khan Plaza Kotaddu',11,1,'2025-12-22 10:01:17.000','2025-12-27 10:01:27.000','11:00:00','23:00:00',NULL,NULL,'/uploads/store_upload_1766379676610_866.jpg',NULL,NULL,1,0,NULL,0,NULL,'M.Waseem','Credit with Discount'),
(50,'Aroma Inn Hotel','Fresh','G T Road Near by Tea Point KOt Addu',NULL,NULL,'5.00','45','+923365145954','aromainn@servenow.pk','G T Road Near by Tea Point KOt Addu',11,1,'2025-12-22 10:03:47.000','2025-12-27 10:01:51.000','11:00:00','23:00:00',NULL,NULL,'/uploads/store_upload_1766591214179_679.png',NULL,NULL,1,0,NULL,0,NULL,'M Arshad','Credit with Discount'),
(51,'Baithak Cafe','h','Kotaddu',NULL,NULL,'5.00','45','+923006165456','baithakcafe@servenow.pk','K',11,1,'2025-12-22 10:05:38.000','2025-12-27 10:02:46.000','08:00:00','20:00:00',NULL,NULL,'/uploads/store_upload_1766379937720_500.jpg',NULL,NULL,1,0,NULL,0,NULL,NULL,'Credit with Discount'),
(52,'Baker Heaven','a','Kotaddu',NULL,NULL,'5.00','45','+923646464654','bakerheaven@servenow.pk','a',11,1,'2025-12-22 10:10:47.000','2025-12-27 10:03:05.000','08:00:00','20:00:00',NULL,NULL,'/uploads/store_upload_1766380247198_575.jpg',NULL,NULL,1,0,NULL,0,NULL,NULL,'Credit with Discount'),
(53,'Cafe Bashir','j','Kotaddu',NULL,NULL,'4.00','45','+923546546545','bashircafe@servenow.pk','a',11,0,'2025-12-22 10:15:15.000','2025-12-27 12:30:37.000','08:00:00','20:00:00',NULL,NULL,'/uploads/store_upload_1766380514671_675.jpg',NULL,NULL,1,0,NULL,0,NULL,NULL,'Credit with Discount'),
(54,'Cafe Hassan','ss','Kotaddu',NULL,NULL,'4.00','45','+923000564456','hassancafe@servenow.pk','a',11,0,'2025-12-22 10:17:32.000','2025-12-27 12:30:32.000','08:00:00','20:00:00',NULL,NULL,'/uploads/store_upload_1766380651751_309.jpg',NULL,NULL,1,0,NULL,0,NULL,NULL,'Credit with Discount'),
(55,'Cafe Roma','jk','Kotaddu',NULL,NULL,'4.00','45','+923065465465','caferoma@servenow.pk','a',11,0,'2025-12-22 10:19:27.000','2025-12-27 12:30:27.000','08:00:00','20:00:00',NULL,NULL,'/uploads/store_upload_1766380766986_188.jpg',NULL,NULL,1,0,NULL,0,NULL,NULL,'Credit with Discount'),
(56,'California Cafe','','Kotaddu',NULL,NULL,'5.00','45','+923464654564','califoria@servenow.pk','',11,1,'2025-12-22 10:21:00.000','2025-12-27 10:10:24.000','08:00:00','20:00:00',NULL,NULL,'/uploads/store_upload_1766380859641_750.jpg',NULL,NULL,1,0,NULL,0,NULL,NULL,'Credit with Discount'),
(57,'Chaska Bite','','Kotaddu',NULL,NULL,'5.00','45','+923654465654','chaskabite@servenow.pk','',11,1,'2025-12-22 10:22:38.000','2025-12-27 10:10:49.000','08:00:00','20:00:00',NULL,NULL,'/uploads/store_upload_1766380958429_78.jpg',NULL,NULL,1,0,NULL,0,NULL,NULL,'Credit with Discount'),
(58,'Chef Cook','','Kotaddu',NULL,NULL,'5.00','45','+923465464654','chefcook@servenow.pk','',11,1,'2025-12-22 10:24:14.000','2025-12-27 10:11:11.000','08:00:00','20:00:00',NULL,NULL,'/uploads/store_upload_1766381054404_721.jpg',NULL,NULL,1,0,NULL,0,NULL,NULL,'Credit with Discount'),
(59,'Data Shireen Bakers','Fresh','Thana Chowk KotAddu',NULL,NULL,'5.00','45','+923337717482','datashireenbakers@servenow.pk','Thana Chowk KotAddu',11,1,'2025-12-22 10:40:00.000','2025-12-27 10:11:30.000','08:00:00','23:00:00',NULL,NULL,'/uploads/store_upload_1766746370949_607.jpg',NULL,NULL,1,0,NULL,0,NULL,'M.saqib','Credit with Discount'),
(60,'Dilawar Flower Shop','','Kotaddu',NULL,NULL,'5.00','45','+923464487498','dilawarflowershop@servenow.pk','',11,1,'2025-12-22 10:50:22.000','2025-12-27 10:12:16.000','08:00:00','20:00:00',NULL,NULL,'/uploads/store_upload_1766382621829_34.jpg',NULL,NULL,1,0,NULL,0,NULL,NULL,'Cash Only'),
(61,'Eatreat','','Kotaddu',NULL,NULL,'5.00','45','+923646464651','eatreat@servenow.pk','',11,1,'2025-12-22 10:52:28.000','2025-12-27 10:14:08.000','08:00:00','20:00:00',NULL,NULL,'/uploads/store_upload_1766382747739_536.jpg',NULL,NULL,1,0,NULL,0,NULL,NULL,'Credit with Discount'),
(62,'Faisalabad Bakers','','Kotaddu',NULL,NULL,'5.00','45','+923646464444','faisalabadbakers@servenow.pk','',11,1,'2025-12-22 10:54:48.000','2025-12-27 10:14:51.000','08:00:00','20:00:00',NULL,NULL,'/uploads/store_upload_1766382888190_457.jpg',NULL,NULL,1,0,NULL,0,NULL,NULL,'Cash Only'),
(63,'Food Club','Fresh & Spicy','Khan Plazza Kot Addu',NULL,NULL,'5.00','45','+923336003731','foodclub@servenow.pk','Khan Plazza Kot Addu',11,1,'2025-12-22 10:56:55.000','2025-12-27 10:23:02.000','22:00:00','22:00:00',NULL,NULL,'/uploads/store_upload_1766383015059_511.jpg',NULL,NULL,1,0,NULL,0,NULL,'M.Arslan','Credit with Discount'),
(64,'Hamid Jalebi Shop','Fresh & Hot','Chwok Noor Shah Kot Addu',NULL,NULL,'4.00','45','+923446546446','garmagramjaleebi@servenow.pk','Chwok Noor Shah Kot Addu',11,1,'2025-12-22 11:00:31.000','2025-12-27 10:24:38.000','09:00:00','22:00:00',NULL,NULL,'/uploads/store_upload_1766383231507_77.jpg',NULL,NULL,1,0,NULL,0,NULL,'M.Hamid','Credit with Discount'),
(65,'Al Khair','','Kotaddu',NULL,NULL,'4.00','45','+923464449841','alkhair@servenow.pk','',11,1,'2025-12-22 11:08:37.000','2025-12-27 09:58:07.000','08:00:00','20:00:00',NULL,NULL,'/uploads/store_upload_1766590756380_242.png',NULL,NULL,1,0,NULL,0,NULL,NULL,'Credit with Discount'),
(66,'Bismillah Cuisine','spicy','Anwar Chowk Kot Addu',NULL,NULL,'4.00','45','+923030839338','bismillahcuisine@servenow.pk','Anwar Chowk Kot Addu',11,1,'2025-12-22 11:16:56.000','2025-12-27 10:08:19.000','08:00:00','20:00:00',NULL,NULL,'/uploads/store_upload_1766591905905_357.webp',NULL,NULL,1,0,NULL,0,NULL,'Javeriya','Credit with Discount'),
(67,'Bismillah Mutton Shop','','Kotaddu',NULL,NULL,'5.00','45','+923146464544','bismillahmuttonshop@servenow.pk','',11,1,'2025-12-22 11:39:32.000','2025-12-27 10:08:41.000','08:00:00','20:00:00',NULL,NULL,'/uploads/store_upload_1766385571860_782.jpg',NULL,NULL,1,0,NULL,0,NULL,NULL,'Credit with Discount'),
(68,'Dawood Halwa Puri','','Chota Bazar',NULL,NULL,'5.00','45','+923446849849','dawoodhalwapuri@servenow.pk','',11,1,'2025-12-22 11:47:09.000','2025-12-27 10:11:52.000','08:00:00','20:00:00',NULL,NULL,'/uploads/store_upload_1766386029180_331.jpg',NULL,NULL,1,0,NULL,0,NULL,NULL,'Cash Only'),
(69,'Ghar Se Ghar Tak','','Kotaddu',NULL,NULL,'5.00','45','+923497898848','gharseghartak@servenow.pk','',11,1,'2025-12-22 11:49:32.000','2025-12-27 10:23:27.000','08:00:00','20:00:00',NULL,NULL,'/uploads/store_upload_1766386171907_937.png',NULL,NULL,1,0,NULL,0,NULL,NULL,'Credit with Discount'),
(70,'Hungry Surgeon','Fresh','Khan Plaza Kotaddu',NULL,NULL,'4.00','45','+923445905062','hungrysurgeon@servenow.pk','Khan Plaza Kotaddu',11,1,'2025-12-22 11:58:23.000','2025-12-27 10:25:15.000','15:00:00','23:50:00',NULL,NULL,'/uploads/store_upload_1766386702699_930.jpg',NULL,NULL,1,0,NULL,0,NULL,'M.Hamza','Credit with Discount'),
(71,'Imran Brost','Fresh & Spicy','Chowk Noor Shah By Kot Addu',NULL,NULL,'5.00','45','+923346002565','imranbrost@servenow.pk','Chowk Noor Shah By Kot Addu',11,1,'2025-12-22 12:02:52.000','2025-12-27 10:25:37.000','11:00:00','23:00:00',NULL,NULL,'/uploads/store_upload_1766386971733_875.jpg',NULL,NULL,1,0,NULL,0,NULL,'M. Imran','Credit with Discount'),
(72,'Islam Eggs Shop','','Noor Shah Chwok Kot Addu',NULL,NULL,'4.00','45','+923465469844','islameggsshop@servenow.pk','Noor Shah Chwok Kot Addu',11,1,'2025-12-22 12:05:52.000','2025-12-27 10:26:04.000','08:00:00','20:00:00',NULL,NULL,'/uploads/store_upload_1766387151451_175.jpg',NULL,NULL,1,0,NULL,0,NULL,'M.Islam','Credit with Discount'),
(73,'Karachi Burger','Spicy','Thermal Road  Kot Addu',NULL,NULL,'5.00','45','+923129504225','karachiburger@servenow.pk','Thermal Road  Kot Addu',11,1,'2025-12-22 12:08:54.000','2025-12-27 10:26:31.000','11:00:00','23:00:00',NULL,NULL,'/uploads/store_upload_1766387333751_716.jpg',NULL,NULL,1,0,NULL,0,NULL,'M. Frhan','Credit with Discount'),
(74,'Khan Foods','','Kotaddu',NULL,NULL,'5.00','45','+923447449649','khanfoods@servenow.pk','',11,1,'2025-12-22 12:11:12.000','2025-12-27 10:26:54.000','08:00:00','20:00:00',NULL,NULL,'/uploads/store_upload_1766387471484_572.jpg',NULL,NULL,1,0,NULL,0,NULL,NULL,'Credit with Discount'),
(75,'Khan Foods',NULL,'Kotaddu',NULL,NULL,'0.00','45','+923447449649','khanfoods@servenow.pk',NULL,11,0,'2025-12-22 12:11:15.000','2025-12-23 10:43:29.000','08:00:00','20:00:00',NULL,NULL,'/uploads/store_upload_1766387475242_712.jpg',NULL,NULL,1,0,NULL,0,NULL,NULL,NULL),
(76,'Zeeshan Chicken  Shop','Fresh','Chowk Noor Shah  Kot Addu',NULL,NULL,'5.00','45','+923546544444','meatshop@servenow.pk','Chowk Noor Shah  Kot Addu',11,1,'2025-12-22 12:13:58.000','2025-12-27 10:51:58.000','09:00:00','17:00:00',NULL,NULL,'/uploads/store_upload_1766582404945_227.jpg',NULL,NULL,1,0,NULL,0,NULL,'M.Zeeshan','Credit with Discount'),
(77,'Murshad Da Derra','Fresh & Spicy','Purani Sbzi Mndi KOt Addu',NULL,NULL,'5.00','45','+923346002245','murshaddaderra@servenow.pk','Purani Sbzi Mndi KOt Addu',11,1,'2025-12-22 12:17:43.000','2025-12-27 10:28:38.000','11:00:00','23:00:00',NULL,NULL,'/uploads/store_upload_1766387862567_751.jpg',NULL,NULL,1,0,NULL,0,NULL,'Murshad','Credit with Discount'),
(78,'Kitchen Cuisine Breakfast & Lunch','Fresh','Stadium Colony Kot Addu',NULL,NULL,'4.00','45','+923336002273','kitchencuisine@servenow.pk','Stadium Colony Kot Addu',11,1,'2025-12-22 12:41:04.000','2025-12-27 10:27:32.000','08:00:00','20:00:00',NULL,NULL,'/uploads/store_upload_1766389263707_484.jpg',NULL,NULL,1,0,NULL,0,NULL,'M.Saeed','Credit with Discount'),
(79,'Zam Zam Soup Corner','Fres & Hot','Stadium Colony Kot Addu',NULL,NULL,'5.00','45','+923336055050','zamzamicecream@servenow.pk','Stadium Colony Kot Addu',11,1,'2025-12-22 12:59:25.000','2025-12-27 10:50:55.000','15:00:00','23:00:00',NULL,NULL,'/uploads/store_upload_1766814655204_437.jfif',NULL,NULL,1,0,NULL,0,NULL,'M.Shahid','Credit with Discount'),
(80,'Pizza Slice','Fresh & Tasty','Chowk Noor Shah  Kot Addu',NULL,NULL,'5.00','45','+923336055050','pizzaslice@servenow.pk','Chowk Noor Shah  Kot Addu',11,1,'2025-12-22 13:04:51.000','2025-12-27 10:30:13.000','08:00:00','20:00:00',NULL,NULL,'/uploads/store_upload_1766390691571_697.jpg',NULL,NULL,1,0,NULL,0,NULL,NULL,'Credit with Discount'),
(81,'Pizzaro Cafe','Fresh & Tasty','Kali Pull Kot Addu',NULL,NULL,'5.00','45','+923001722375','pizzarocafe@servenow.pk','Kali Pull Kot Addu',11,1,'2025-12-22 13:06:11.000','2025-12-27 10:30:37.000','12:00:00','23:00:00',NULL,NULL,'/uploads/store_upload_1766390770959_485.jpg',NULL,NULL,1,0,NULL,0,NULL,'Nasir Khan','Credit with Discount'),
(82,'Sufi Biryani','Spicy','Thana chowk Kot Addu',NULL,NULL,'5.00','45','+923498498449','sufibiryani@servenow.pk','Thana chowk Kot Addu',11,1,'2025-12-22 13:11:14.000','2025-12-27 10:49:48.000','09:00:00','19:00:00',NULL,NULL,'/uploads/store_upload_1766391074218_344.jpg',NULL,NULL,1,0,NULL,0,NULL,'M.Sufi','Credit with Discount'),
(83,'Pakistan Railways Station Karachi','pakIstanrevenueautomation@gmail.com','Kashmir Banay ga Pakistan',NULL,NULL,'0.00','40-50','+923145858585','pakIstanrevenueautomation@gmail.com','pakIstanrevenueautomation@gmail.com',1,0,'2025-12-22 18:38:17.000','2025-12-23 10:43:47.000','10:00:00','22:00:00',NULL,NULL,'/uploads/store_upload_1766410696380_670.jpg',NULL,NULL,1,0,NULL,0,NULL,NULL,'Cash with Discount'),
(84,'Roman Tawa Chaska Point','Tasty','Thana Chowk KotAddu',NULL,NULL,'5.00','35 Minute ','+923175592503','romantawa@servenow.pk','Thana Chowk KotAddu',11,1,'2025-12-23 15:52:08.000','2025-12-27 11:03:45.000','13:00:00','22:00:00',NULL,NULL,'/uploads/store_upload_1766815425153_55.png',NULL,NULL,1,0,NULL,0,NULL,'M.Roman','Credit with Discount'),
(85,'Amjad Dahi Bhalle','Tasty','Railway chowk Kot Addu',NULL,NULL,'5.00','35 Minute ','+923186009659','Amjad@servenow.pk','Railway Road Kot Addu',11,1,'2025-12-23 16:48:44.000','2025-12-27 10:01:03.000','11:00:00','22:00:00',NULL,NULL,'/uploads/store_upload_1766591086706_350.png',NULL,NULL,1,0,NULL,0,NULL,'M.Amjad','Credit with Discount'),
(86,'Shoaib Food Festival','Tasty','Kalii Pull Kot Addu',NULL,NULL,'5.00','35 Minute ','+923457139807','shoaib@servenow.pk','Kali Pull Kot Addu ',11,1,'2025-12-23 17:01:16.000','2025-12-27 11:10:03.000','12:00:00','23:00:00',NULL,NULL,'/uploads/store_upload_1766815802869_241.png',NULL,NULL,1,0,NULL,0,NULL,'M.Shoaib','Credit with Discount'),
(87,'Shoaib Bakers','Fresh','Kalii Pull KotAddu',NULL,NULL,'5.00','30 minute','+923457139807','shoaib@servenow.pk','Kali Pull Kot Addu',11,1,'2025-12-23 17:47:29.000','2025-12-27 11:08:40.000','08:00:00','23:00:00',NULL,NULL,'/uploads/store_upload_1766815720459_628.png',NULL,NULL,1,0,NULL,0,NULL,'M.Shoaib','Credit with Discount'),
(88,'Pathan Chapli Kabab','Tasty','Thana Chowk KotAddu',NULL,NULL,'5.00','35 Minute ','+923247814367','anwar@servenow.pk','Thana Chowk Kot Addu',11,1,'2025-12-23 19:33:27.000','2025-12-27 11:01:18.000','14:00:00','23:00:00',NULL,NULL,'/uploads/store_upload_1766815277610_803.png',NULL,NULL,1,0,NULL,0,NULL,'M.Anwar','Credit with Discount'),
(89,'Multani Tasty Gol Gappy & Dahi Bhaly','Tasty','Thana Chowk KotAddu',NULL,NULL,'5.00','35 Minute ','+923346031024','multani@servenow.pk','Thana Chowk Kot Addu',11,1,'2025-12-23 20:06:01.000','2025-12-27 10:57:24.000','17:00:00','23:00:00',NULL,NULL,'/uploads/store_upload_1766815044465_81.jfif',NULL,NULL,1,0,NULL,0,NULL,'Abdul Hakeem','Credit with Discount'),
(90,'Dry Fruit','Fresh','Thana Chowk KotAddu',NULL,NULL,'5.00','35 Minute ','+923175592503','aneeb@servenow.pk','Thana chowk Kot Addu',11,1,'2025-12-23 20:40:47.000','2025-12-27 10:13:35.000','09:00:00','22:00:00',NULL,NULL,'/uploads/store_upload_1766812414764_902.jfif',NULL,NULL,1,0,NULL,0,NULL,'Aneeb','Credit with Discount'),
(91,'Masoom Ky Channa Rice','Tasty','Thana Chowk KotAddu',NULL,NULL,'5.00','30 minute','+923186009659','masoom@servenow.pk','Thana Chowk Kot Addu',11,1,'2025-12-24 12:04:12.000','2025-12-27 10:55:17.000','08:00:00','12:00:00',NULL,NULL,'/uploads/store_upload_1766814916926_626.jfif',NULL,NULL,1,0,NULL,0,NULL,'M.Masoom','Cash Only'),
(92,'Quetta Breakfast','Fresh','Thana Chowk KotAddu',NULL,NULL,'5.00','35 Minute ','+923186009659','imran@servenow.pk','Thana Chowk Kot Addu',11,1,'2025-12-24 12:10:43.000','2025-12-27 11:02:24.000','08:00:00','12:00:00',NULL,NULL,'/uploads/store_upload_1766815344066_64.png',NULL,NULL,1,0,NULL,0,NULL,'M.Imran','Credit with Discount'),
(93,'Serve Drink','Fresh $ Cold','Thana Chowk KotAddu',NULL,NULL,'5.00','30 minute','+923186009659','ammar@servenow.pk','Thana Chowk Kot Addu',11,1,'2025-12-24 13:15:36.000','2025-12-27 11:07:12.000','08:00:00','23:00:00',NULL,NULL,'/uploads/store_upload_1766815632430_387.png',NULL,NULL,1,0,NULL,0,NULL,'M.Ammar','Cash Only'),
(94,'Serve Laundry Services','Cleanliness Is Priority','Thermal Road Masjid faroqia Kot Addu',NULL,NULL,'5.00','30 minute','+923186009659','nadeem@servenow.pk','Thermal Road Masjid faroqia Kot Addu',11,1,'2025-12-24 18:43:26.000','2025-12-27 10:43:54.000','09:00:00','19:00:00',NULL,NULL,'/uploads/store_upload_1766583805749_980.jpg',NULL,NULL,1,0,NULL,0,NULL,'M.Nadeem','Cash Only'),
(95,'Babu Phulki Channa','Good Taste','Noor Shah Chwok Kot Addu',NULL,NULL,'0.00','30 minute','+923366004241','Babu@servenow.pk','Noor Shah Chowk Kot Addu',11,0,'2025-12-24 20:48:35.000','2025-12-24 20:49:20.000','08:00:00','13:00:00',NULL,NULL,'/uploads/store_upload_1766591315451_279.png',NULL,NULL,1,0,NULL,0,NULL,'Imran Babu',NULL),
(96,'New Tasty Hotel','Tasty','Thana Chowk KotAddu',NULL,NULL,'5.00','30 minute','+923186009659','abdullah@servenow.pk','Thana Chowk Kot Addu',11,1,'2025-12-25 10:41:03.000','2025-12-27 11:00:02.000','10:00:00','18:00:00',NULL,NULL,'/uploads/store_upload_1766815202284_772.png',NULL,NULL,1,0,NULL,0,NULL,'M.Adullah','Credit with Discount'),
(97,'Momo Munch By Muni','Fresh $ Spicy','MCB Bank Kot Addu',NULL,NULL,'5.00','30 minute','+923106879307','muni@servenow.pk','MCB Bank Kot Addu',11,1,'2025-12-25 11:29:12.000','2025-12-27 10:56:24.000','09:00:00','20:00:00',NULL,NULL,'/uploads/store_upload_1766814983770_14.jfif',NULL,NULL,1,0,NULL,0,NULL,'Muni','Credit with Discount'),
(98,'Parcel Pick & Drop','','Kotaddu',NULL,NULL,'5.00','30 minute','+923186009659','faraz@servrnow.pk','Kot Addu',11,1,'2025-12-25 11:50:14.000','2025-12-27 09:56:11.000','09:00:00','19:00:00',NULL,NULL,'/uploads/store_upload_1766645413988_363.jpg',NULL,NULL,1,0,NULL,0,NULL,'Faraz','Cash Only'),
(99,'Ghosia Juice Milk Shake & Ice Bar','Fresh & Cold','Railway Station Kot Addu',NULL,NULL,'5.00','35 Minute ','+923186009659','hosiyha@servenow.pk','Railway Station Kot Addu',11,1,'2025-12-25 12:10:00.000','2025-12-27 09:54:17.000','09:00:00','22:00:00',NULL,NULL,'/uploads/store_upload_1766646600446_209.jpg',NULL,NULL,1,0,NULL,0,NULL,'M.Arslan','Credit with Discount'),
(100,'Serve Grocery','Fresh & Ready','Thana Chowk KotAddu',NULL,NULL,'5.00','30 minute','+923186009659','grocery@servenow.pk','Thana Chowk Kot Addu',11,1,'2025-12-26 09:18:52.000','2025-12-27 09:56:30.000','08:00:00','19:00:00',NULL,NULL,'/uploads/store_upload_1766722732667_101.jpg',NULL,NULL,1,0,NULL,0,NULL,'M.Shoaib','Cash Only');

DROP TABLE IF EXISTS `store_settlements`;
CREATE TABLE `store_settlements` (
  `id` int(11) NOT NULL AUTO_INCREMENT,
  `settlement_number` varchar(50) NOT NULL,
  `settlement_date` date NOT NULL,
  `store_id` int(11) NOT NULL,
  `period_from` date DEFAULT NULL,
  `period_to` date DEFAULT NULL,
  `total_orders_amount` decimal(12,2) DEFAULT 0.00,
  `commissions` decimal(12,2) DEFAULT 0.00,
  `deductions` decimal(12,2) DEFAULT 0.00,
  `net_amount` decimal(12,2) NOT NULL,
  `payment_method` enum('cash','check','bank_transfer') NOT NULL,
  `status` enum('pending','approved','paid','cancelled') DEFAULT 'pending',
  `approved_by` int(11) DEFAULT NULL,
  `paid_by` int(11) DEFAULT NULL,
  `approved_at` timestamp NULL DEFAULT NULL,
  `paid_at` timestamp NULL DEFAULT NULL,
  `notes` text DEFAULT NULL,
  `created_at` timestamp NOT NULL DEFAULT current_timestamp(),
  `updated_at` timestamp NOT NULL DEFAULT current_timestamp() ON UPDATE current_timestamp(),
  PRIMARY KEY (`id`),
  UNIQUE KEY `settlement_number` (`settlement_number`),
  KEY `approved_by` (`approved_by`),
  KEY `paid_by` (`paid_by`),
  KEY `idx_ss_store_id` (`store_id`),
  KEY `idx_ss_settlement_date` (`settlement_date`),
  KEY `idx_ss_status` (`status`),
  CONSTRAINT `store_settlements_ibfk_1` FOREIGN KEY (`store_id`) REFERENCES `stores` (`id`) ON DELETE CASCADE,
  CONSTRAINT `store_settlements_ibfk_2` FOREIGN KEY (`approved_by`) REFERENCES `users` (`id`) ON DELETE SET NULL,
  CONSTRAINT `store_settlements_ibfk_3` FOREIGN KEY (`paid_by`) REFERENCES `users` (`id`) ON DELETE SET NULL
) ENGINE=InnoDB DEFAULT CHARSET=utf8mb4 COLLATE=utf8mb4_general_ci;

DROP TABLE IF EXISTS `transfer_notifications`;
CREATE TABLE `transfer_notifications` (
  `id` int(11) NOT NULL AUTO_INCREMENT,
  `user_id` int(11) NOT NULL,
  `transfer_id` int(11) NOT NULL,
  `type` enum('transfer_sent','transfer_received','transfer_rejected') NOT NULL,
  `is_read` tinyint(1) DEFAULT 0,
  `created_at` timestamp NOT NULL DEFAULT current_timestamp(),
  PRIMARY KEY (`id`),
  KEY `idx_user_id` (`user_id`),
  KEY `idx_transfer_id` (`transfer_id`),
  KEY `idx_is_read` (`is_read`),
  CONSTRAINT `transfer_notifications_ibfk_1` FOREIGN KEY (`user_id`) REFERENCES `users` (`id`) ON DELETE CASCADE,
  CONSTRAINT `transfer_notifications_ibfk_2` FOREIGN KEY (`transfer_id`) REFERENCES `wallet_transfers` (`id`) ON DELETE CASCADE
) ENGINE=InnoDB DEFAULT CHARSET=utf8mb4 COLLATE=utf8mb4_general_ci;

DROP TABLE IF EXISTS `units`;
CREATE TABLE `units` (
  `id` int(11) NOT NULL AUTO_INCREMENT,
  `name` varchar(50) NOT NULL,
  `abbreviation` varchar(10) DEFAULT NULL,
  `multiplier` decimal(10,4) DEFAULT 1.0000,
  `created_at` timestamp NOT NULL DEFAULT current_timestamp(),
  PRIMARY KEY (`id`)
) ENGINE=InnoDB AUTO_INCREMENT=58 DEFAULT CHARSET=utf8mb4 COLLATE=utf8mb4_general_ci;

INSERT INTO `units` (`id`, `name`, `abbreviation`, `multiplier`, `created_at`) VALUES
(1,'Kilogram','kg','1.0000','2025-12-10 17:00:58.000'),
(30,'Dozen','DZ','1.0000','2025-12-15 10:30:40.000'),
(31,'Blister pack','BL','1.0000','2025-12-15 10:31:39.000'),
(32,'Liter','Ltr','1.0000','2025-12-15 12:18:28.000'),
(33,'250 Grams','Pao','1.0000','2025-12-16 16:47:20.000'),
(34,'Half Kilogram','HK','1.0000','2025-12-16 16:48:00.000'),
(35,'750 Grams','QK','1.0000','2025-12-16 16:48:36.000'),
(36,'500 Grams','HKg','1.0000','2025-12-18 01:15:15.000'),
(38,'1 Dozen',NULL,'1.0000','2025-12-23 11:46:22.000'),
(39,'Half Dozen','HD','1.0000','2025-12-23 12:03:19.000'),
(40,'Half Plate','HP','1.0000','2025-12-23 12:29:09.000'),
(41,'Full Plate','FP','1.0000','2025-12-23 12:29:39.000'),
(42,'1 Pound','1 lb','1.0000','2025-12-23 17:49:49.000'),
(43,'2 Pound','2 lbs','1.0000','2025-12-23 17:50:12.000'),
(44,'Half Litter','HL','1.0000','2025-12-24 13:16:48.000'),
(45,'1.5 Litter','L','1.0000','2025-12-24 13:17:25.000'),
(46,'2 Litter','L','1.0000','2025-12-24 13:17:44.000'),
(47,'2.5 Litter','L','1.0000','2025-12-24 13:18:05.000'),
(48,'350ml','ML','1.0000','2025-12-24 13:18:56.000'),
(49,'5 Litter','L','1.0000','2025-12-24 13:41:06.000'),
(50,'Tean Pack','TP','1.0000','2025-12-24 13:47:20.000'),
(51,'1 Cup','C','1.0000','2025-12-24 16:54:47.000'),
(54,'Full','F','1.0000','2025-12-24 20:19:45.000'),
(55,'Half','H','1.0000','2025-12-24 20:20:00.000'),
(56,'8 Seekh',NULL,'1.0000','2025-12-24 20:52:10.000'),
(57,'Parcel','P','1.0000','2025-12-25 11:53:30.000');

DROP TABLE IF EXISTS `users`;
CREATE TABLE `users` (
  `id` int(11) NOT NULL AUTO_INCREMENT,
  `first_name` varchar(50) NOT NULL,
  `last_name` varchar(50) NOT NULL,
  `email` varchar(100) NOT NULL,
  `phone` varchar(20) DEFAULT NULL,
  `password` varchar(255) NOT NULL,
  `address` text DEFAULT NULL,
  `user_type` enum('customer','store_owner','admin') DEFAULT 'customer',
  `is_active` tinyint(1) DEFAULT 1,
  `created_at` timestamp NOT NULL DEFAULT current_timestamp(),
  `updated_at` timestamp NOT NULL DEFAULT current_timestamp() ON UPDATE current_timestamp(),
  `verification_code` varchar(6) DEFAULT NULL,
  `verification_expires_at` timestamp NULL DEFAULT NULL,
  `is_verified` tinyint(1) DEFAULT 0,
  `stripe_customer_id` varchar(255) DEFAULT NULL,
  `paypal_customer_id` varchar(255) DEFAULT NULL,
  PRIMARY KEY (`id`),
  UNIQUE KEY `email` (`email`),
  KEY `idx_users_type` (`user_type`),
  KEY `idx_stripe_customer_id` (`stripe_customer_id`)
) ENGINE=InnoDB AUTO_INCREMENT=19 DEFAULT CHARSET=utf8mb4 COLLATE=utf8mb4_general_ci;

INSERT INTO `users` (`id`, `first_name`, `last_name`, `email`, `phone`, `password`, `address`, `user_type`, `is_active`, `created_at`, `updated_at`, `verification_code`, `verification_expires_at`, `is_verified`, `stripe_customer_id`, `paypal_customer_id`) VALUES
(1,'Admin','User','admin@servenow.com','+1234567890','$2a$10$92IXUNpkjO0rOQ5byMi.Ye4oKoEa3Ro9llC/.og/at2.uheWG/igi',NULL,'admin',1,'2025-11-30 20:48:32.000','2025-12-19 05:25:33.000',NULL,NULL,1,NULL,NULL),
(11,'Nazir','Admed','nazirahmed@servenow.pk','+923214455252','$2a$10$YHi1OtM1KR9a6uOPzIt7IO7VntdoFqBgzSamAFwqG/qwwTTysGvlO','Lahore','admin',1,'2025-12-15 00:31:52.000','2025-12-19 05:25:28.000',NULL,NULL,1,NULL,NULL),
(12,'user','11','user@servenow.pk','+923254444441','$2a$10$VzgXJ3q/nPTlDjS3cfWx.eskcUbzAoe2RqDTBq7.axLDLddenXFZG','83, The Mall, Lahore','customer',1,'2025-12-15 00:46:36.000','2025-12-19 05:25:24.000',NULL,NULL,1,NULL,NULL),
(13,'Aqeel Ur','Rehman','aaqueel@gmail.com','03214424625','$2a$10$wPOp5kpWyysrwQLTPiDiROMMzqRYXX4WLCmFGl0T4XSLz..Zrd6Fa','Aziz Avenue','customer',1,'2025-12-19 02:28:39.000','2025-12-19 05:25:19.000',NULL,NULL,1,NULL,NULL),
(17,'OneNet','Solutions','aaqueelrzbn@gmail.com','03214444444','$2a$10$8WnbWYg8Xz5SnbM9R6oAaO2FpYHroh.3Wv3jyvFSUqTZFpi5slX86','Mall','customer',1,'2025-12-19 04:35:32.000','2025-12-19 04:35:50.000',NULL,NULL,1,NULL,NULL),
(18,'onenet','pk','onenetpk@gmail.com','+923214424625','$2a$10$madgfLc9BW3qa8Rjr.AM4OaeUIvvj2Vj5pouo7jnkGaRBoyY./9By','Lahore ','customer',1,'2025-12-27 10:31:03.000','2025-12-27 10:31:37.000',NULL,NULL,1,NULL,NULL);

DROP TABLE IF EXISTS `wallets`;
CREATE TABLE `wallets` (
  `id` int(11) NOT NULL AUTO_INCREMENT,
  `user_id` int(11) NOT NULL,
  `balance` decimal(10,2) DEFAULT 0.00,
  `total_credited` decimal(10,2) DEFAULT 0.00,
  `total_spent` decimal(10,2) DEFAULT 0.00,
  `auto_recharge_enabled` tinyint(1) DEFAULT 0,
  `auto_recharge_amount` decimal(10,2) DEFAULT NULL,
  `auto_recharge_threshold` decimal(10,2) DEFAULT NULL,
  `last_credited_at` timestamp NOT NULL DEFAULT current_timestamp() ON UPDATE current_timestamp(),
  `created_at` timestamp NOT NULL DEFAULT current_timestamp(),
  `updated_at` timestamp NOT NULL DEFAULT current_timestamp() ON UPDATE current_timestamp(),
  PRIMARY KEY (`id`),
  UNIQUE KEY `user_id` (`user_id`),
  KEY `idx_user_id` (`user_id`),
  KEY `idx_balance` (`balance`),
  CONSTRAINT `wallets_ibfk_1` FOREIGN KEY (`user_id`) REFERENCES `users` (`id`) ON DELETE CASCADE
) ENGINE=InnoDB AUTO_INCREMENT=6 DEFAULT CHARSET=utf8mb4 COLLATE=utf8mb4_general_ci;

INSERT INTO `wallets` (`id`, `user_id`, `balance`, `total_credited`, `total_spent`, `auto_recharge_enabled`, `auto_recharge_amount`, `auto_recharge_threshold`, `last_credited_at`, `created_at`, `updated_at`) VALUES
(1,13,'60.00','0.00','0.00',0,NULL,NULL,'2025-12-25 04:10:10.000','2025-12-25 04:09:20.000','2025-12-25 04:10:10.000'),
(2,17,'90.00','0.00','0.00',0,NULL,NULL,'2025-12-25 04:10:10.000','2025-12-25 04:09:20.000','2025-12-25 04:10:10.000'),
(3,12,'0.00','0.00','0.00',0,NULL,NULL,'2025-12-25 04:16:23.000','2025-12-25 04:16:23.000','2025-12-25 04:16:23.000'),
(4,1,'0.00','0.00','0.00',0,NULL,NULL,'2025-12-25 06:41:33.000','2025-12-25 06:41:33.000','2025-12-25 06:41:33.000'),
(5,11,'0.00','0.00','0.00',0,NULL,NULL,'2025-12-26 10:53:35.000','2025-12-26 10:53:35.000','2025-12-26 10:53:35.000');

DROP TABLE IF EXISTS `wallet_transactions`;
CREATE TABLE `wallet_transactions` (
  `id` int(11) NOT NULL AUTO_INCREMENT,
  `wallet_id` int(11) NOT NULL,
  `type` enum('credit','debit','refund','adjustment') NOT NULL,
  `amount` decimal(10,2) NOT NULL,
  `description` varchar(255) DEFAULT NULL,
  `reference_type` varchar(50) DEFAULT NULL,
  `reference_id` varchar(255) DEFAULT NULL,
  `balance_after` decimal(10,2) DEFAULT NULL,
  `created_at` timestamp NOT NULL DEFAULT current_timestamp(),
  PRIMARY KEY (`id`),
  KEY `idx_wallet_id` (`wallet_id`),
  KEY `idx_type` (`type`),
  KEY `idx_created_at` (`created_at`),
  KEY `idx_reference` (`reference_type`,`reference_id`),
  CONSTRAINT `wallet_transactions_ibfk_1` FOREIGN KEY (`wallet_id`) REFERENCES `wallets` (`id`) ON DELETE CASCADE
) ENGINE=InnoDB AUTO_INCREMENT=6 DEFAULT CHARSET=utf8mb4 COLLATE=utf8mb4_general_ci;

INSERT INTO `wallet_transactions` (`id`, `wallet_id`, `type`, `amount`, `description`, `reference_type`, `reference_id`, `balance_after`, `created_at`) VALUES
(1,1,'debit','20.00','Transfer to user #17','transfer','1','80.00','2025-12-25 04:09:57.000'),
(2,2,'credit','20.00','Transfer from user #13','transfer','1','70.00','2025-12-25 04:09:57.000'),
(3,1,'debit','20.00','Transfer to user #17','transfer','2','60.00','2025-12-25 04:10:10.000'),
(4,2,'credit','20.00','Transfer from user #13','transfer','2','90.00','2025-12-25 04:10:10.000');

DROP TABLE IF EXISTS `wallet_transfers`;
CREATE TABLE `wallet_transfers` (
  `id` int(11) NOT NULL AUTO_INCREMENT,
  `sender_id` int(11) NOT NULL,
  `recipient_id` int(11) NOT NULL,
  `amount` decimal(10,2) NOT NULL,
  `status` enum('pending','completed','rejected','cancelled') DEFAULT 'pending',
  `description` varchar(255) DEFAULT NULL,
  `reference_id` varchar(255) DEFAULT NULL,
  `rejection_reason` varchar(255) DEFAULT NULL,
  `sender_wallet_id` int(11) DEFAULT NULL,
  `recipient_wallet_id` int(11) DEFAULT NULL,
  `created_at` timestamp NOT NULL DEFAULT current_timestamp(),
  `updated_at` timestamp NOT NULL DEFAULT current_timestamp() ON UPDATE current_timestamp(),
  `completed_at` timestamp NULL DEFAULT NULL,
  PRIMARY KEY (`id`),
  KEY `sender_wallet_id` (`sender_wallet_id`),
  KEY `recipient_wallet_id` (`recipient_wallet_id`),
  KEY `idx_sender_id` (`sender_id`),
  KEY `idx_recipient_id` (`recipient_id`),
  KEY `idx_status` (`status`),
  KEY `idx_created_at` (`created_at`),
  KEY `idx_sender_recipient` (`sender_id`,`recipient_id`),
  KEY `idx_status_created` (`status`,`created_at`),
  KEY `idx_wallet_transfers_user_status` (`sender_id`,`status`),
  KEY `idx_wallet_transfers_recipient_status` (`recipient_id`,`status`),
  CONSTRAINT `wallet_transfers_ibfk_1` FOREIGN KEY (`sender_id`) REFERENCES `users` (`id`) ON DELETE CASCADE,
  CONSTRAINT `wallet_transfers_ibfk_2` FOREIGN KEY (`recipient_id`) REFERENCES `users` (`id`) ON DELETE CASCADE,
  CONSTRAINT `wallet_transfers_ibfk_3` FOREIGN KEY (`sender_wallet_id`) REFERENCES `wallets` (`id`) ON DELETE SET NULL,
  CONSTRAINT `wallet_transfers_ibfk_4` FOREIGN KEY (`recipient_wallet_id`) REFERENCES `wallets` (`id`) ON DELETE SET NULL
) ENGINE=InnoDB AUTO_INCREMENT=5 DEFAULT CHARSET=utf8mb4 COLLATE=utf8mb4_general_ci;

INSERT INTO `wallet_transfers` (`id`, `sender_id`, `recipient_id`, `amount`, `status`, `description`, `reference_id`, `rejection_reason`, `sender_wallet_id`, `recipient_wallet_id`, `created_at`, `updated_at`, `completed_at`) VALUES
(1,13,17,'20.00','completed','Test transfer',NULL,NULL,1,2,'2025-12-25 04:09:57.000','2025-12-25 04:09:57.000','2025-12-25 04:09:57.000'),
(2,13,17,'20.00','completed','Test transfer',NULL,NULL,1,2,'2025-12-25 04:10:10.000','2025-12-25 04:10:10.000','2025-12-25 04:10:10.000'),
(3,13,17,'10.00','rejected','Test reject',NULL,'Test reason',1,2,'2025-12-25 04:10:10.000','2025-12-25 04:10:10.000',NULL),
(4,13,17,'5.00','cancelled','Test cancel',NULL,NULL,1,2,'2025-12-25 04:10:10.000','2025-12-25 04:10:10.000',NULL);

