-- ServeNow database dump
-- Database: servenow
-- Generated: 2025-12-24T17:05:43.884Z

DROP TABLE IF EXISTS `categories`;
CREATE TABLE `categories` (
  `id` int(11) NOT NULL AUTO_INCREMENT,
  `name` varchar(50) NOT NULL,
  `description` text DEFAULT NULL,
  `image_url` varchar(255) DEFAULT NULL,
  `is_active` tinyint(1) DEFAULT 1,
  `created_at` timestamp NOT NULL DEFAULT current_timestamp(),
  PRIMARY KEY (`id`),
  KEY `idx_categories_active` (`is_active`)
) ENGINE=InnoDB AUTO_INCREMENT=100 DEFAULT CHARSET=utf8mb4 COLLATE=utf8mb4_general_ci;

INSERT INTO `categories` (`id`, `name`, `description`, `image_url`, `is_active`, `created_at`) VALUES
(1,'Serve Vegetables','Fresh vegetables and greens','/uploads/category_1766394319255_260.jpg',1,'2025-11-30 20:48:32.000'),
(60,'Pharmacy','100 % Quality Products','/uploads/category_1765775517922_138.jfif',1,'2025-12-15 10:11:58.000'),
(61,'Chicken Karahi','Good Taste','/uploads/category_1765972500239_676.jpg',0,'2025-12-15 18:24:59.000'),
(62,'Biryani','Tasty','/uploads/category_1765883632453_771.jpeg',1,'2025-12-16 16:13:52.000'),
(63,'Ice Cream','Freah $ Cold','/uploads/category_1765884060179_498.jpeg',1,'2025-12-16 16:21:00.000'),
(64,'- - - - - -',NULL,NULL,0,'2025-12-16 16:55:13.000'),
(65,'Rice','Tasty',NULL,0,'2025-12-16 16:55:13.000'),
(66,'Drink','Fresh & Cold',NULL,0,'2025-12-16 16:56:52.000'),
(67,'Fruits','Delicious','/uploads/category_1766389691431_835.jpg',0,'2025-12-16 16:57:37.000'),
(68,'- - - -  - - -  -','Fresh',NULL,0,'2025-12-16 16:57:53.000'),
(69,'Fish','Tasty','/uploads/category_1766395787738_253.jpg',1,'2025-12-16 16:58:10.000'),
(70,'- - -  - - - - - - -','Fresh',NULL,0,'2025-12-16 16:58:24.000'),
(71,'Decoration','Fresh','/uploads/category_1766382482391_329.jpg',1,'2025-12-16 16:58:47.000'),
(72,'- -   - - - - - - - -  - -','Yummy',NULL,0,'2025-12-16 16:59:10.000'),
(73,'Serve Drinks','Drinks','/uploads/category_1766389463948_22.webp',1,'2025-12-16 16:59:43.000'),
(74,'Naan-Roti','Fresh','/uploads/category_1766396161297_45.jpg',1,'2025-12-16 16:59:59.000'),
(75,'Serve Fruits','Fresh','/uploads/category_1766393392144_228.jpg',1,'2025-12-16 17:00:18.000'),
(76,'Fast Food','Fresh','/uploads/category_1766393255925_780.jpg',1,'2025-12-16 17:00:35.000'),
(77,'Soup','Hot','/uploads/category_1766396407098_50.jpg',1,'2025-12-16 17:00:58.000'),
(78,'BBQ','Tasty','/uploads/category_1766395003307_746.jpg',1,'2025-12-16 17:01:17.000'),
(79,'Breakfast','Fresh','/uploads/category_1766382403281_158.jpg',1,'2025-12-16 17:01:40.000'),
(80,'Juice','Fresh','/uploads/category_1766396054811_606.jpg',1,'2025-12-16 17:01:53.000'),
(81,'Shawarma','Hot & Spicy','/uploads/category_1766396245774_389.jpg',1,'2025-12-16 17:02:17.000'),
(82,'Burger','Fresh & Hot','/uploads/category_1765889140664_723.jfif',0,'2025-12-16 17:03:39.000'),
(83,'Serve Laundry Services','Cleanliness','/uploads/category_1766389944363_84.jpg',1,'2025-12-16 17:04:51.000'),
(84,'Beef  Mutton & Chicken','Fresh','/uploads/category_1766385819920_73.jpg',1,'2025-12-16 17:04:51.000'),
(85,'Bakers','Hot','/uploads/category_1766380114346_35.jpg',1,'2025-12-16 17:07:19.000'),
(86,'Serve Parcel','Urgent','/uploads/category_1766390526724_281.jpg',1,'2025-12-17 15:52:52.000'),
(87,'Hotels','Good Taste','/uploads/category_1765972508229_968.jpg',1,'2025-12-17 16:55:08.000'),
(88,'Cafe','Tasty','/uploads/category_1766379974010_215.jpg',1,'2025-12-18 11:54:27.000'),
(89,'- - - - - - - - - - -','Fresh','/uploads/category_1766394534601_876.jpg',0,'2025-12-18 11:54:40.000'),
(90,'- - - -  - - - - -  -','Tasty',NULL,0,'2025-12-18 11:54:59.000'),
(91,'Home Made Cuisine','Tasty','/uploads/category_1766395871668_76.jpg',1,'2025-12-18 11:55:17.000'),
(92,'Serve Grocery','Maximum Discounts','/uploads/category_1766389815085_587.jpg',1,'2025-12-18 12:00:53.000'),
(93,'BEST DEAL','Maximum  Discounts','/uploads/category_1766396669715_385.jpg',1,'2025-12-18 12:12:02.000'),
(94,'- - - - - - - -',NULL,NULL,0,'2025-12-18 12:12:43.000'),
(95,'- - -  - - - - - -- -','Tasty',NULL,0,'2025-12-18 12:28:07.000'),
(96,'- - - - -  -',NULL,NULL,0,'2025-12-18 21:01:41.000'),
(97,'Dairy Products','Fresh','/uploads/category_1766205495403_38.jpg',1,'2025-12-20 09:38:15.000'),
(98,'Chat Patta Taste','Spicy','/uploads/category_1766206357418_405.jpg',1,'2025-12-20 09:52:37.000'),
(99,'Dry Fruits','Fresh','/uploads/category_1766504249979_269.webp',1,'2025-12-23 20:37:30.000');

DROP TABLE IF EXISTS `items`;
CREATE TABLE `items` (
  `id` int(11) NOT NULL AUTO_INCREMENT,
  `name` varchar(255) NOT NULL,
  `description` text DEFAULT NULL,
  `image_url` varchar(255) DEFAULT NULL,
  `category_id` int(11) DEFAULT NULL,
  `unit_id` int(11) DEFAULT NULL,
  `size_id` int(11) DEFAULT NULL,
  `created_at` timestamp NOT NULL DEFAULT current_timestamp(),
  PRIMARY KEY (`id`),
  UNIQUE KEY `uniq_items` (`name`,`category_id`,`unit_id`,`size_id`)
) ENGINE=InnoDB AUTO_INCREMENT=32 DEFAULT CHARSET=utf8mb4 COLLATE=utf8mb4_general_ci;

INSERT INTO `items` (`id`, `name`, `description`, `image_url`, `category_id`, `unit_id`, `size_id`, `created_at`) VALUES
(1,'Apple','Good Quality Apple by Fresh Market','/uploads/upload_1765448225011_433.jfif',4,1,NULL,'2025-12-14 13:44:02.000');

DROP TABLE IF EXISTS `login_logs`;
CREATE TABLE `login_logs` (
  `id` int(11) NOT NULL AUTO_INCREMENT,
  `user_id` int(11) NOT NULL,
  `user_type` varchar(20) NOT NULL,
  `login_time` timestamp NOT NULL DEFAULT current_timestamp(),
  `ip_address` varchar(45) DEFAULT NULL,
  PRIMARY KEY (`id`)
) ENGINE=InnoDB AUTO_INCREMENT=253 DEFAULT CHARSET=utf8mb4 COLLATE=utf8mb4_general_ci;

INSERT INTO `login_logs` (`id`, `user_id`, `user_type`, `login_time`, `ip_address`) VALUES
(1,0,'admin','2025-12-18 21:49:32.000','192.168.55.1'),
(2,12,'customer','2025-12-18 21:53:04.000','192.168.55.1'),
(3,12,'customer','2025-12-18 21:56:31.000','192.168.55.1'),
(4,12,'customer','2025-12-18 22:05:52.000','192.168.55.1'),
(5,0,'admin','2025-12-18 22:07:00.000','192.168.55.1'),
(6,0,'admin','2025-12-18 22:10:33.000','192.168.55.1'),
(7,11,'admin','2025-12-18 22:12:20.000','192.168.55.1'),
(8,0,'admin','2025-12-18 22:14:47.000','192.168.55.1'),
(9,12,'customer','2025-12-18 22:17:40.000','192.168.55.1'),
(10,1,'rider','2025-12-18 22:38:33.000','192.168.55.1'),
(11,12,'customer','2025-12-18 22:44:43.000','192.168.55.1'),
(12,12,'customer','2025-12-18 22:44:44.000','192.168.55.1'),
(13,1,'rider','2025-12-18 22:49:00.000','192.168.55.1'),
(14,1,'rider','2025-12-18 22:52:44.000','192.168.55.1'),
(15,1,'rider','2025-12-18 22:57:47.000','192.168.55.1'),
(16,1,'rider','2025-12-18 22:59:00.000','192.168.55.1'),
(17,1,'rider','2025-12-18 22:59:58.000','192.168.55.1'),
(18,1,'rider','2025-12-18 23:08:52.000','192.168.55.1'),
(19,1,'rider','2025-12-18 23:11:29.000','192.168.55.1'),
(20,12,'customer','2025-12-18 23:14:58.000','192.168.55.1'),
(21,12,'customer','2025-12-18 23:23:57.000','192.168.55.1'),
(22,12,'customer','2025-12-18 23:28:17.000','192.168.55.1'),
(23,12,'customer','2025-12-18 23:30:48.000','192.168.55.1'),
(24,12,'customer','2025-12-18 23:52:00.000','192.168.55.1'),
(25,1,'rider','2025-12-18 23:54:09.000','192.168.55.1'),
(26,0,'admin','2025-12-18 23:54:32.000','192.168.55.1'),
(27,12,'customer','2025-12-19 00:22:23.000','192.168.55.1'),
(28,12,'customer','2025-12-19 00:27:06.000','192.168.55.1'),
(29,12,'customer','2025-12-19 00:32:55.000','192.168.55.1'),
(30,13,'customer','2025-12-19 02:29:21.000','192.168.55.1'),
(31,15,'customer','2025-12-19 04:08:20.000','192.168.55.1'),
(32,17,'customer','2025-12-19 04:36:17.000','192.168.55.1'),
(33,17,'customer','2025-12-19 04:44:23.000','192.168.55.1'),
(34,1,'rider','2025-12-19 04:44:42.000','192.168.55.1'),
(35,0,'admin','2025-12-19 05:06:37.000','192.168.55.1'),
(36,0,'admin','2025-12-19 05:07:48.000','192.168.55.1'),
(37,12,'customer','2025-12-19 05:25:41.000','192.168.55.1'),
(38,0,'admin','2025-12-19 05:28:47.000','192.168.55.1'),
(39,0,'admin','2025-12-19 05:33:05.000','192.168.55.1'),
(40,0,'admin','2025-12-19 05:33:25.000','192.168.55.1'),
(41,17,'customer','2025-12-19 05:35:46.000','192.168.55.1'),
(42,0,'admin','2025-12-19 05:50:35.000','192.168.55.1'),
(43,11,'admin','2025-12-19 08:16:58.000','192.168.55.1'),
(44,1,'rider','2025-12-19 10:37:12.000','192.168.55.1'),
(45,12,'customer','2025-12-19 10:38:35.000','192.168.55.1'),
(46,0,'admin','2025-12-19 10:39:35.000','192.168.55.1'),
(47,12,'customer','2025-12-19 10:43:20.000','192.168.55.1'),
(48,12,'customer','2025-12-19 10:48:11.000','192.168.55.1'),
(49,17,'customer','2025-12-19 11:29:37.000','192.168.55.1'),
(50,0,'admin','2025-12-19 12:50:12.000','192.168.55.1'),
(51,0,'admin','2025-12-19 12:56:11.000','192.168.55.1'),
(52,12,'customer','2025-12-19 13:00:42.000','192.168.55.1'),
(53,12,'customer','2025-12-19 13:05:55.000','192.168.55.1'),
(54,1,'rider','2025-12-19 13:10:29.000','192.168.55.1'),
(55,1,'rider','2025-12-19 13:15:27.000','192.168.55.1'),
(56,1,'rider','2025-12-19 13:19:43.000','192.168.55.1'),
(57,1,'rider','2025-12-19 13:23:33.000','192.168.55.1'),
(58,1,'rider','2025-12-19 13:23:33.000','192.168.55.1'),
(59,0,'admin','2025-12-19 13:24:40.000','192.168.55.1'),
(60,0,'admin','2025-12-19 13:52:06.000','192.168.55.1'),
(61,1,'rider','2025-12-19 15:13:20.000','192.168.55.1'),
(62,1,'rider','2025-12-19 15:17:35.000','192.168.55.1'),
(63,12,'customer','2025-12-19 16:42:43.000','192.168.55.1'),
(64,0,'admin','2025-12-19 16:46:03.000','192.168.55.1'),
(65,1,'rider','2025-12-19 16:46:56.000','192.168.55.1'),
(66,12,'customer','2025-12-19 18:32:18.000','192.168.55.1'),
(67,1,'rider','2025-12-19 18:33:05.000','192.168.55.1'),
(68,12,'customer','2025-12-20 09:13:05.000','192.168.55.1'),
(69,11,'admin','2025-12-20 09:17:00.000','192.168.55.1'),
(70,0,'admin','2025-12-20 09:18:45.000','192.168.55.1'),
(71,12,'customer','2025-12-20 10:25:53.000','192.168.55.1'),
(72,12,'customer','2025-12-21 07:56:44.000','192.168.55.1'),
(73,0,'admin','2025-12-21 12:55:36.000','192.168.55.245'),
(74,12,'customer','2025-12-21 12:58:01.000','192.168.55.1'),
(75,0,'admin','2025-12-22 02:21:47.000','192.168.55.245'),
(76,0,'admin','2025-12-22 02:29:42.000','192.168.55.245'),
(77,0,'admin','2025-12-22 02:37:28.000','192.168.55.245'),
(78,1,'admin','2025-12-22 02:44:13.000','127.0.0.1'),
(79,1,'admin','2025-12-22 02:56:00.000','127.0.0.1'),
(80,1,'admin','2025-12-22 02:57:08.000','127.0.0.1'),
(81,12,'customer','2025-12-22 03:02:03.000','192.168.55.1'),
(82,1,'admin','2025-12-22 03:04:39.000','192.168.55.245'),
(83,1,'admin','2025-12-22 03:08:43.000','127.0.0.1'),
(84,1,'admin','2025-12-22 03:10:05.000','127.0.0.1'),
(85,1,'admin','2025-12-22 03:10:32.000','127.0.0.1'),
(86,1,'admin','2025-12-22 03:19:33.000','127.0.0.1'),
(87,1,'admin','2025-12-22 03:20:59.000','192.168.55.245'),
(88,11,'admin','2025-12-22 08:13:37.000','192.168.55.1'),
(89,11,'admin','2025-12-22 09:05:25.000','192.168.55.1'),
(90,11,'admin','2025-12-22 09:16:01.000','192.168.55.1'),
(91,11,'admin','2025-12-22 09:38:36.000','192.168.55.1'),
(92,12,'customer','2025-12-22 12:03:58.000','192.168.55.1'),
(93,12,'customer','2025-12-22 13:23:31.000','192.168.55.1'),
(94,11,'admin','2025-12-22 13:33:05.000','192.168.55.1'),
(95,12,'customer','2025-12-22 13:43:58.000','192.168.55.1'),
(96,11,'admin','2025-12-22 14:06:47.000','192.168.55.1'),
(97,12,'customer','2025-12-22 14:25:26.000','192.168.55.1'),
(98,11,'admin','2025-12-22 14:31:39.000','192.168.55.1'),
(99,12,'customer','2025-12-22 15:06:21.000','192.168.55.1'),
(100,17,'customer','2025-12-22 15:08:31.000','192.168.55.1');
INSERT INTO `login_logs` (`id`, `user_id`, `user_type`, `login_time`, `ip_address`) VALUES
(101,1,'admin','2025-12-22 18:32:59.000','192.168.55.1'),
(102,12,'customer','2025-12-22 20:42:42.000','192.168.55.1'),
(103,11,'admin','2025-12-22 20:44:00.000','192.168.55.1'),
(104,11,'admin','2025-12-22 20:45:55.000','192.168.55.1'),
(105,11,'admin','2025-12-22 20:47:28.000','192.168.55.1'),
(106,11,'admin','2025-12-22 20:48:51.000','192.168.55.1'),
(107,11,'admin','2025-12-22 21:32:00.000','192.168.55.1'),
(108,1,'admin','2025-12-22 23:52:38.000','127.0.0.1'),
(109,1,'admin','2025-12-22 23:55:25.000','192.168.55.1'),
(110,1,'admin','2025-12-23 01:13:12.000','192.168.55.1'),
(111,1,'admin','2025-12-23 02:43:33.000','192.168.55.1'),
(112,1,'admin','2025-12-23 02:47:41.000','192.168.55.1'),
(113,1,'admin','2025-12-23 02:48:20.000','192.168.55.1'),
(114,1,'admin','2025-12-23 02:58:41.000','192.168.55.1'),
(115,1,'admin','2025-12-23 03:12:03.000','127.0.0.1'),
(116,1,'admin','2025-12-23 03:14:01.000','127.0.0.1'),
(117,1,'admin','2025-12-23 03:15:42.000','127.0.0.1'),
(118,1,'admin','2025-12-23 03:17:49.000','127.0.0.1'),
(119,1,'admin','2025-12-23 03:21:37.000','192.168.55.1'),
(120,1,'admin','2025-12-23 03:25:41.000','192.168.55.1'),
(121,1,'admin','2025-12-23 03:26:05.000','192.168.55.1'),
(122,12,'customer','2025-12-23 03:27:20.000','192.168.55.1'),
(123,1,'admin','2025-12-23 03:33:12.000','192.168.55.1'),
(124,1,'rider','2025-12-23 03:55:34.000','192.168.55.1'),
(125,1,'admin','2025-12-23 03:56:45.000','192.168.55.1'),
(126,1,'admin','2025-12-23 04:06:34.000','192.168.55.1'),
(127,1,'admin','2025-12-23 04:07:50.000','192.168.55.1'),
(128,1,'admin','2025-12-23 04:09:40.000','192.168.55.1'),
(129,1,'admin','2025-12-23 04:12:33.000','192.168.55.1'),
(130,1,'admin','2025-12-23 04:13:03.000','192.168.55.1'),
(131,1,'admin','2025-12-23 04:14:56.000','192.168.55.1'),
(132,1,'admin','2025-12-23 04:17:32.000','192.168.55.1'),
(133,1,'admin','2025-12-23 04:20:45.000','192.168.55.1'),
(134,1,'admin','2025-12-23 04:21:45.000','192.168.55.1'),
(135,1,'admin','2025-12-23 04:30:41.000','192.168.55.1'),
(136,12,'customer','2025-12-23 04:34:01.000','192.168.55.1'),
(137,1,'admin','2025-12-23 04:39:55.000','192.168.55.1'),
(138,12,'customer','2025-12-23 04:40:33.000','192.168.55.1'),
(139,12,'customer','2025-12-23 04:55:01.000','192.168.55.1'),
(140,12,'customer','2025-12-23 05:04:29.000','192.168.55.1'),
(141,12,'customer','2025-12-23 05:05:23.000','192.168.55.1'),
(142,12,'customer','2025-12-23 09:32:09.000','192.168.55.1'),
(143,1,'admin','2025-12-23 09:48:04.000','192.168.55.1'),
(144,1,'admin','2025-12-23 09:51:16.000','192.168.55.1'),
(145,1,'admin','2025-12-23 09:51:53.000','192.168.55.1'),
(146,1,'rider','2025-12-23 09:53:10.000','192.168.55.1'),
(147,1,'admin','2025-12-23 10:22:23.000','192.168.55.1'),
(148,1,'admin','2025-12-23 10:23:27.000','192.168.55.1'),
(149,12,'customer','2025-12-23 10:27:10.000','192.168.55.1'),
(150,12,'customer','2025-12-23 10:30:57.000','192.168.55.1'),
(151,1,'admin','2025-12-23 11:12:06.000','192.168.55.1'),
(152,12,'customer','2025-12-23 11:51:17.000','192.168.55.1'),
(153,11,'admin','2025-12-23 12:28:47.000','192.168.55.1'),
(154,11,'admin','2025-12-23 12:30:06.000','192.168.55.1'),
(155,12,'customer','2025-12-23 14:13:23.000','192.168.55.1'),
(156,12,'customer','2025-12-23 14:22:04.000','192.168.55.1'),
(157,11,'admin','2025-12-23 14:22:44.000','192.168.55.1'),
(158,11,'admin','2025-12-23 14:38:07.000','192.168.55.1'),
(159,11,'admin','2025-12-23 14:51:33.000','192.168.55.1'),
(160,12,'customer','2025-12-23 15:22:59.000','192.168.55.1'),
(161,11,'admin','2025-12-23 15:24:43.000','192.168.55.1'),
(162,11,'admin','2025-12-23 15:49:38.000','192.168.55.1'),
(163,11,'admin','2025-12-23 15:49:40.000','192.168.55.1'),
(164,12,'customer','2025-12-23 16:39:47.000','192.168.55.1'),
(165,12,'customer','2025-12-23 16:53:02.000','192.168.55.1'),
(166,12,'customer','2025-12-23 17:09:13.000','192.168.55.245'),
(167,12,'customer','2025-12-23 17:18:26.000','192.168.55.1'),
(168,1,'admin','2025-12-23 17:21:21.000','192.168.55.1'),
(169,1,'admin','2025-12-23 17:25:09.000','192.168.55.1'),
(170,1,'admin','2025-12-23 17:26:12.000','192.168.55.1'),
(171,1,'admin','2025-12-23 17:31:39.000','192.168.55.1'),
(172,1,'admin','2025-12-23 17:35:03.000','192.168.55.1'),
(173,12,'customer','2025-12-23 17:46:17.000','192.168.55.1'),
(174,12,'customer','2025-12-23 17:47:58.000','192.168.55.1'),
(175,12,'customer','2025-12-23 17:49:04.000','192.168.55.1'),
(176,12,'customer','2025-12-23 17:55:15.000','192.168.55.1'),
(177,12,'customer','2025-12-23 17:56:38.000','192.168.55.1'),
(178,12,'customer','2025-12-23 18:12:53.000','192.168.55.1'),
(179,12,'customer','2025-12-23 18:34:13.000','192.168.55.245'),
(180,12,'customer','2025-12-23 18:36:38.000','192.168.55.245'),
(181,12,'customer','2025-12-23 18:38:07.000','192.168.55.245'),
(182,12,'customer','2025-12-23 18:45:11.000','192.168.55.1'),
(183,12,'customer','2025-12-23 18:47:26.000','192.168.55.245'),
(184,12,'customer','2025-12-23 19:26:47.000','192.168.55.1'),
(185,11,'admin','2025-12-23 19:27:40.000','192.168.55.1'),
(186,12,'customer','2025-12-23 19:59:43.000','192.168.55.1'),
(187,12,'customer','2025-12-23 21:11:15.000','192.168.55.1'),
(188,11,'admin','2025-12-23 21:11:25.000','192.168.55.1'),
(189,11,'admin','2025-12-23 21:11:57.000','192.168.55.1'),
(190,12,'customer','2025-12-23 21:12:17.000','192.168.55.1'),
(191,12,'customer','2025-12-23 21:12:45.000','192.168.55.1'),
(192,12,'customer','2025-12-23 21:16:47.000','192.168.55.1'),
(193,11,'admin','2025-12-23 21:17:21.000','192.168.55.1'),
(194,11,'admin','2025-12-23 21:18:28.000','192.168.55.1'),
(195,12,'customer','2025-12-23 21:18:35.000','192.168.55.1'),
(196,12,'customer','2025-12-23 22:30:35.000','192.168.55.1'),
(197,12,'customer','2025-12-23 23:22:17.000','192.168.55.1'),
(198,12,'customer','2025-12-24 11:44:05.000','192.168.55.1'),
(199,11,'admin','2025-12-24 11:44:53.000','192.168.55.1'),
(200,12,'customer','2025-12-24 11:45:47.000','192.168.55.1');
INSERT INTO `login_logs` (`id`, `user_id`, `user_type`, `login_time`, `ip_address`) VALUES
(201,12,'customer','2025-12-24 14:16:08.000','192.168.55.1'),
(202,1,'admin','2025-12-24 14:27:42.000','192.168.55.1'),
(203,12,'customer','2025-12-24 14:29:42.000','192.168.55.1'),
(204,11,'admin','2025-12-24 14:30:16.000','192.168.55.1'),
(205,1,'admin','2025-12-24 14:36:01.000','192.168.55.1'),
(206,12,'customer','2025-12-24 14:38:36.000','192.168.55.1'),
(207,1,'rider','2025-12-24 14:39:08.000','192.168.55.1'),
(208,11,'admin','2025-12-24 14:43:10.000','192.168.55.1'),
(209,12,'customer','2025-12-24 14:46:32.000','192.168.55.1'),
(210,11,'admin','2025-12-24 14:51:30.000','192.168.55.1'),
(211,12,'customer','2025-12-24 15:47:01.000','192.168.55.1'),
(212,11,'admin','2025-12-24 16:34:08.000','192.168.55.1'),
(213,12,'customer','2025-12-24 16:34:16.000','192.168.55.1'),
(214,11,'admin','2025-12-24 16:42:49.000','192.168.55.1'),
(215,11,'admin','2025-12-24 17:41:26.000','192.168.55.1'),
(216,12,'customer','2025-12-24 17:41:38.000','192.168.55.1'),
(217,12,'customer','2025-12-24 17:42:53.000','192.168.55.1'),
(218,12,'customer','2025-12-24 17:51:25.000','192.168.55.1'),
(219,12,'customer','2025-12-24 17:53:08.000','192.168.55.1'),
(220,12,'customer','2025-12-24 17:57:39.000','192.168.55.1'),
(221,1,'admin','2025-12-24 18:13:51.000','192.168.55.1'),
(222,11,'admin','2025-12-24 18:14:05.000','192.168.55.1'),
(223,11,'admin','2025-12-24 18:15:08.000','192.168.55.1'),
(224,1,'admin','2025-12-24 18:15:23.000','192.168.55.1'),
(225,12,'customer','2025-12-24 18:30:32.000','192.168.55.1'),
(226,11,'admin','2025-12-24 18:32:25.000','192.168.55.1'),
(227,1,'admin','2025-12-24 18:37:56.000','192.168.55.1'),
(228,12,'customer','2025-12-24 18:43:30.000','192.168.55.1'),
(229,1,'admin','2025-12-24 18:45:47.000','192.168.55.1'),
(230,1,'admin','2025-12-24 18:50:23.000','192.168.55.245'),
(231,1,'admin','2025-12-24 18:55:51.000','192.168.55.1'),
(232,12,'customer','2025-12-24 19:01:28.000','192.168.55.1'),
(233,12,'customer','2025-12-24 19:01:59.000','192.168.55.1'),
(234,12,'customer','2025-12-24 19:39:45.000','192.168.55.1'),
(235,12,'customer','2025-12-24 19:39:57.000','192.168.55.1'),
(236,12,'customer','2025-12-24 19:40:09.000','192.168.55.1'),
(237,1,'admin','2025-12-24 19:55:32.000','192.168.55.1'),
(238,1,'admin','2025-12-24 20:11:47.000','192.168.55.1'),
(239,1,'admin','2025-12-24 20:23:57.000','192.168.55.1'),
(240,12,'customer','2025-12-24 20:24:58.000','192.168.55.1'),
(241,11,'admin','2025-12-24 20:35:55.000','192.168.55.1'),
(242,12,'customer','2025-12-24 20:39:39.000','192.168.55.1'),
(243,12,'customer','2025-12-24 20:40:01.000','192.168.55.1'),
(244,12,'customer','2025-12-24 20:49:42.000','192.168.55.1'),
(245,1,'admin','2025-12-24 21:07:04.000','192.168.55.1'),
(246,1,'admin','2025-12-24 21:07:14.000','192.168.55.1'),
(247,11,'admin','2025-12-24 21:10:44.000','192.168.55.1'),
(248,12,'customer','2025-12-24 21:11:02.000','192.168.55.1'),
(249,12,'customer','2025-12-24 21:13:41.000','192.168.55.1'),
(250,12,'customer','2025-12-24 21:29:44.000','192.168.55.1'),
(251,12,'customer','2025-12-24 21:52:52.000','192.168.55.1'),
(252,1,'admin','2025-12-24 22:01:12.000','127.0.0.1');

DROP TABLE IF EXISTS `orders`;
CREATE TABLE `orders` (
  `id` int(11) NOT NULL AUTO_INCREMENT,
  `order_number` varchar(20) NOT NULL,
  `user_id` int(11) NOT NULL,
  `store_id` int(11) NOT NULL,
  `rider_id` int(11) DEFAULT NULL,
  `total_amount` decimal(10,2) NOT NULL,
  `delivery_fee` decimal(5,2) DEFAULT 2.99,
  `status` enum('pending','confirmed','preparing','ready','out_for_delivery','delivered','cancelled') DEFAULT 'pending',
  `rider_location` text DEFAULT NULL,
  `estimated_delivery_time` timestamp NOT NULL DEFAULT current_timestamp() ON UPDATE current_timestamp(),
  `payment_method` enum('card','cash','wallet') NOT NULL,
  `payment_status` enum('pending','paid','failed') DEFAULT 'pending',
  `delivery_address` text NOT NULL,
  `delivery_time` varchar(50) DEFAULT NULL,
  `special_instructions` text DEFAULT NULL,
  `created_at` timestamp NOT NULL DEFAULT current_timestamp(),
  `updated_at` timestamp NOT NULL DEFAULT current_timestamp() ON UPDATE current_timestamp(),
  PRIMARY KEY (`id`),
  UNIQUE KEY `order_number` (`order_number`),
  KEY `rider_id` (`rider_id`),
  KEY `idx_orders_user_id` (`user_id`),
  KEY `idx_orders_store_id` (`store_id`),
  KEY `idx_orders_payment_status` (`payment_status`),
  KEY `idx_orders_created_at` (`created_at`),
  KEY `idx_orders_store_status` (`store_id`,`status`),
  CONSTRAINT `orders_ibfk_1` FOREIGN KEY (`user_id`) REFERENCES `users` (`id`) ON DELETE CASCADE,
  CONSTRAINT `orders_ibfk_2` FOREIGN KEY (`store_id`) REFERENCES `stores` (`id`) ON DELETE CASCADE,
  CONSTRAINT `orders_ibfk_3` FOREIGN KEY (`rider_id`) REFERENCES `riders` (`id`) ON DELETE SET NULL
) ENGINE=InnoDB AUTO_INCREMENT=24 DEFAULT CHARSET=utf8mb4 COLLATE=utf8mb4_general_ci;

INSERT INTO `orders` (`id`, `order_number`, `user_id`, `store_id`, `rider_id`, `total_amount`, `delivery_fee`, `status`, `rider_location`, `estimated_delivery_time`, `payment_method`, `payment_status`, `delivery_address`, `delivery_time`, `special_instructions`, `created_at`, `updated_at`) VALUES
(14,'ORD1765839117875277',12,32,1,'722.99','2.99','delivered','Delivered to customer','2025-12-16 03:53:35.000','cash','pending','25-B','1hour','Call First','2025-12-16 03:51:57.000','2025-12-16 03:53:35.000'),
(20,'ORD1766083978016871',12,23,1,'9402.99','2.99','delivered','Delivered to customer','2025-12-19 13:19:48.000','cash','paid','83, The Mall, Lahore','1hour',NULL,'2025-12-18 23:52:58.000','2025-12-19 13:19:48.000'),
(21,'ORD1766086088861479',12,23,1,'4702.99','2.99','out_for_delivery',NULL,'2025-12-23 10:22:47.000','cash','pending','25-B','as soon as possible','Do Ring Door  Bell Only Call','2025-12-19 00:28:08.000','2025-12-23 09:52:47.000'),
(22,'ORD1766122751522993',12,27,1,'72.99','2.99','delivered','Delivered to customer','2025-12-23 09:53:31.000','cash','paid','33','50','Bell','2025-12-19 10:39:11.000','2025-12-23 09:53:31.000'),
(23,'ORD1766144707127722',12,32,1,'422.99','2.99','delivered','Delivered to customer','2025-12-19 16:48:22.000','cash','paid','aziz avenue','40','only call','2025-12-19 16:45:07.000','2025-12-19 16:48:22.000');

DROP TABLE IF EXISTS `order_items`;
CREATE TABLE `order_items` (
  `id` int(11) NOT NULL AUTO_INCREMENT,
  `order_id` int(11) NOT NULL,
  `product_id` int(11) NOT NULL,
  `quantity` int(11) NOT NULL,
  `price` decimal(10,2) NOT NULL,
  `created_at` timestamp NOT NULL DEFAULT current_timestamp(),
  `size_id` int(11) DEFAULT NULL,
  `unit_id` int(11) DEFAULT NULL,
  `variant_label` varchar(255) DEFAULT NULL,
  PRIMARY KEY (`id`),
  KEY `product_id` (`product_id`),
  KEY `idx_order_items_order_id` (`order_id`),
  CONSTRAINT `order_items_ibfk_1` FOREIGN KEY (`order_id`) REFERENCES `orders` (`id`) ON DELETE CASCADE,
  CONSTRAINT `order_items_ibfk_2` FOREIGN KEY (`product_id`) REFERENCES `products` (`id`) ON DELETE CASCADE
) ENGINE=InnoDB AUTO_INCREMENT=41 DEFAULT CHARSET=utf8mb4 COLLATE=utf8mb4_general_ci;

INSERT INTO `order_items` (`id`, `order_id`, `product_id`, `quantity`, `price`, `created_at`, `size_id`, `unit_id`, `variant_label`) VALUES
(23,14,75,1,'130.00','2025-12-16 03:51:57.000',NULL,NULL,NULL),
(24,14,73,2,'130.00','2025-12-16 03:51:57.000',NULL,NULL,NULL),
(25,14,59,1,'140.00','2025-12-16 03:51:57.000',NULL,NULL,NULL),
(26,14,67,1,'40.00','2025-12-16 03:51:57.000',NULL,NULL,NULL),
(27,14,60,1,'150.00','2025-12-16 03:51:57.000',NULL,NULL,NULL),
(28,20,123,1,'1100.00','2025-12-18 23:52:58.000',NULL,NULL,NULL),
(29,20,119,1,'1700.00','2025-12-18 23:52:58.000',NULL,NULL,NULL),
(30,20,120,1,'900.00','2025-12-18 23:52:58.000',NULL,NULL,NULL),
(31,20,55,1,'1600.00','2025-12-18 23:52:58.000',NULL,NULL,NULL),
(32,20,118,1,'900.00','2025-12-18 23:52:58.000',NULL,NULL,NULL),
(33,20,121,1,'1100.00','2025-12-18 23:52:58.000',NULL,NULL,NULL),
(34,20,122,1,'2100.00','2025-12-18 23:52:58.000',NULL,NULL,NULL),
(35,21,55,1,'1600.00','2025-12-19 00:28:08.000',NULL,NULL,NULL),
(36,21,121,2,'1100.00','2025-12-19 00:28:08.000',NULL,NULL,NULL),
(37,21,118,1,'900.00','2025-12-19 00:28:08.000',NULL,NULL,NULL),
(38,22,56,1,'70.00','2025-12-19 10:39:11.000',NULL,NULL,NULL),
(39,23,74,1,'210.00','2025-12-19 16:45:07.000',NULL,NULL,NULL),
(40,23,72,1,'210.00','2025-12-19 16:45:07.000',NULL,NULL,NULL);

DROP TABLE IF EXISTS `products`;
CREATE TABLE `products` (
  `id` int(11) NOT NULL AUTO_INCREMENT,
  `name` varchar(100) NOT NULL,
  `description` text DEFAULT NULL,
  `price` decimal(10,2) NOT NULL,
  `image_url` varchar(255) DEFAULT NULL,
  `category_id` int(11) DEFAULT NULL,
  `store_id` int(11) NOT NULL,
  `stock_quantity` int(11) DEFAULT 0,
  `is_available` tinyint(1) DEFAULT 1,
  `created_at` timestamp NOT NULL DEFAULT current_timestamp(),
  `updated_at` timestamp NOT NULL DEFAULT current_timestamp() ON UPDATE current_timestamp(),
  `image_bg_r` int(11) DEFAULT NULL,
  `image_bg_g` int(11) DEFAULT NULL,
  `image_bg_b` int(11) DEFAULT NULL,
  `image_overlay_alpha` decimal(4,3) DEFAULT NULL,
  `image_contrast` varchar(7) DEFAULT NULL,
  `unit_id` int(11) DEFAULT NULL,
  `size_id` int(11) DEFAULT NULL,
  `item_id` int(11) DEFAULT NULL,
  `cost_price` decimal(10,2) DEFAULT NULL,
  PRIMARY KEY (`id`),
  KEY `idx_products_store_id` (`store_id`),
  KEY `idx_products_category_id` (`category_id`),
  KEY `fk_products_unit` (`unit_id`),
  KEY `fk_products_size` (`size_id`),
  KEY `idx_products_available` (`is_available`),
  KEY `idx_products_stock` (`stock_quantity`),
  CONSTRAINT `fk_products_size` FOREIGN KEY (`size_id`) REFERENCES `sizes` (`id`) ON DELETE SET NULL,
  CONSTRAINT `fk_products_unit` FOREIGN KEY (`unit_id`) REFERENCES `units` (`id`) ON DELETE SET NULL,
  CONSTRAINT `products_ibfk_1` FOREIGN KEY (`category_id`) REFERENCES `categories` (`id`) ON DELETE SET NULL,
  CONSTRAINT `products_ibfk_2` FOREIGN KEY (`store_id`) REFERENCES `stores` (`id`) ON DELETE CASCADE
) ENGINE=InnoDB AUTO_INCREMENT=352 DEFAULT CHARSET=utf8mb4 COLLATE=utf8mb4_general_ci;

INSERT INTO `products` (`id`, `name`, `description`, `price`, `image_url`, `category_id`, `store_id`, `stock_quantity`, `is_available`, `created_at`, `updated_at`, `image_bg_r`, `image_bg_g`, `image_bg_b`, `image_overlay_alpha`, `image_contrast`, `unit_id`, `size_id`, `item_id`, `cost_price`) VALUES
(55,'Chicken Karahi','dfds','1600.00','/uploads/upload_1765741997545_194.jpg',87,23,50,0,'2025-12-15 00:53:17.000','2025-12-24 20:18:33.000',NULL,NULL,NULL,NULL,NULL,1,NULL,NULL,'1600.00'),
(56,'panadol','110%','70.00','/uploads/upload_1765777195506_369.jfif',60,27,200,1,'2025-12-15 10:39:55.000','2025-12-17 04:32:42.000',NULL,NULL,NULL,NULL,NULL,31,15,NULL,NULL),
(57,'Chicken Karahi','dfds','160.00','/uploads/upload_1765889529665_107.jfif',60,27,10,0,'2025-12-15 18:59:01.000','2025-12-16 17:56:02.000',NULL,NULL,NULL,NULL,NULL,1,NULL,NULL,NULL),
(58,'Chicken Karahi','','450.00','/uploads/upload_1765823619794_770.jpg',87,30,1000,0,'2025-12-15 23:33:40.000','2025-12-24 15:11:12.000',NULL,NULL,NULL,NULL,NULL,1,NULL,NULL,'450.00'),
(59,'Sada Shami Burger','','140.00','/uploads/upload_1765825894066_520.jpg',76,31,1000,1,'2025-12-16 00:11:34.000','2025-12-24 18:22:13.000',NULL,NULL,NULL,NULL,NULL,NULL,23,NULL,'140.00'),
(60,'Anda Shami Burger','','150.00','/uploads/upload_1765826025751_82.jpg',76,31,1000,1,'2025-12-16 00:13:46.000','2025-12-24 18:14:09.000',NULL,NULL,NULL,NULL,NULL,NULL,NULL,NULL,'150.00'),
(61,'Chicken Anda Shami Burger','','210.00','/uploads/upload_1765826164853_85.jpg',76,31,1000,1,'2025-12-16 00:16:05.000','2025-12-24 18:19:21.000',NULL,NULL,NULL,NULL,NULL,NULL,23,NULL,'210.00'),
(62,'Chicken Tower Burger','','240.00','/uploads/upload_1765826421013_108.jpg',76,31,1000,1,'2025-12-16 00:20:21.000','2025-12-24 18:20:34.000',NULL,NULL,NULL,NULL,NULL,NULL,23,NULL,'240.00'),
(63,'King Special shawarma','','140.00','/uploads/upload_1765826556470_493.jpg',81,31,1000,1,'2025-12-16 00:22:36.000','2025-12-18 11:59:23.000',NULL,NULL,NULL,NULL,NULL,NULL,19,NULL,NULL),
(64,'zinger Burger','','310.00','/uploads/upload_1765826722235_468.webp',76,31,1000,1,'2025-12-16 00:25:22.000','2025-12-24 18:22:46.000',NULL,NULL,NULL,NULL,NULL,NULL,23,NULL,'310.00'),
(65,'Zinger Shawarma','','260.00','/uploads/upload_1765826855025_265.jpg',81,31,1000,1,'2025-12-16 00:27:35.000','2025-12-18 12:04:27.000',NULL,NULL,NULL,NULL,NULL,NULL,24,NULL,NULL),
(66,'Crispy Thai Piece','','200.00','/uploads/upload_1765827113102_289.jpg',76,31,1000,1,'2025-12-16 00:31:53.000','2025-12-24 18:21:09.000',NULL,NULL,NULL,NULL,NULL,NULL,23,NULL,'200.00'),
(67,'Alo Wala Samosa','','40.00','/uploads/upload_1765827517709_493.jpg',98,33,2001,1,'2025-12-16 00:38:38.000','2025-12-22 03:10:05.000',NULL,NULL,NULL,NULL,NULL,NULL,23,NULL,NULL),
(68,'Qeema Wala Samosa','','40.00','/uploads/upload_1765827651859_937.jpg',98,33,1000,1,'2025-12-16 00:40:52.000','2025-12-20 10:13:37.000',NULL,NULL,NULL,NULL,NULL,NULL,23,NULL,NULL),
(69,'Roll Fry','','70.00','/uploads/upload_1765827762209_127.jpg',NULL,33,1000,1,'2025-12-16 00:42:42.000','2025-12-18 12:02:06.000',NULL,NULL,NULL,NULL,NULL,NULL,23,NULL,NULL),
(70,'Chicken Shami','','40.00','/uploads/upload_1765827856112_796.jpg',98,33,1000,1,'2025-12-16 00:44:16.000','2025-12-20 10:12:04.000',NULL,NULL,NULL,NULL,NULL,NULL,23,NULL,NULL),
(71,'Sandwich','','70.00','/uploads/upload_1765827976903_299.jpg',98,33,1000,1,'2025-12-16 00:46:17.000','2025-12-20 10:14:51.000',NULL,NULL,NULL,NULL,NULL,NULL,24,NULL,NULL),
(72,'Chicken Biryani','','210.00','/uploads/upload_1765828178489_570.jpg',62,32,1000,1,'2025-12-16 00:49:38.000','2025-12-18 11:50:54.000',NULL,NULL,NULL,NULL,NULL,NULL,31,NULL,NULL),
(73,'Simple Biryani','','130.00','/uploads/upload_1765828283336_476.jpg',62,32,1000,1,'2025-12-16 00:51:23.000','2025-12-18 12:03:24.000',NULL,NULL,NULL,NULL,NULL,NULL,31,NULL,NULL),
(74,'Beef Pulao','','210.00','/uploads/upload_1765828363904_532.jpg',62,32,200,1,'2025-12-16 00:52:44.000','2025-12-18 11:56:58.000',NULL,NULL,NULL,NULL,NULL,NULL,31,NULL,NULL),
(75,'Simple Pulao','','130.00','/uploads/upload_1765828506409_0.jpg',62,32,1000,1,'2025-12-16 00:55:06.000','2025-12-18 12:00:28.000',NULL,NULL,NULL,NULL,NULL,NULL,31,NULL,NULL),
(78,'Special Cup','','200.00','/uploads/upload_1765999234537_417.webp',63,29,2000,1,'2025-12-18 00:20:34.000','2025-12-18 00:20:34.000',NULL,NULL,NULL,NULL,NULL,NULL,24,NULL,NULL),
(79,'Ice Cream Cup','','150.00','/uploads/upload_1765999668065_719.jpg',63,29,1000,1,'2025-12-18 00:27:48.000','2025-12-18 00:27:48.000',NULL,NULL,NULL,NULL,NULL,NULL,20,NULL,NULL),
(80,'Medium Cup','Cold','100.00','/uploads/upload_1765999759881_215.jpg',63,29,1000,1,'2025-12-18 00:29:20.000','2025-12-18 00:29:20.000',NULL,NULL,NULL,NULL,NULL,NULL,19,NULL,NULL),
(81,'Small Cup','Cold','80.00','/uploads/upload_1765999816914_552.jpg',63,29,1000,1,'2025-12-18 00:30:17.000','2025-12-18 00:30:17.000',NULL,NULL,NULL,NULL,NULL,NULL,15,NULL,NULL),
(82,'Simple Ice Cream Cup','Cold','50.00','/uploads/upload_1765999889534_183.jpg',63,29,1000,1,'2025-12-18 00:31:29.000','2025-12-18 00:31:29.000',NULL,NULL,NULL,NULL,NULL,NULL,24,NULL,NULL),
(83,'Special Kujja Ice Cream','Cold','200.00','/uploads/upload_1766000194054_105.jpg',63,29,1000,1,'2025-12-18 00:36:34.000','2025-12-18 01:13:34.000',NULL,NULL,NULL,NULL,NULL,NULL,24,NULL,NULL),
(84,'Medium Kujja Ice Cream','Cold','150.00','/uploads/upload_1766000251621_460.jpg',63,29,1000,1,'2025-12-18 00:37:31.000','2025-12-18 00:37:31.000',NULL,NULL,NULL,NULL,NULL,NULL,NULL,NULL,NULL),
(85,'Family Pack Ice Cream','Cold','800.00','/uploads/upload_1766000506333_406.jpg',63,29,1000,1,'2025-12-18 00:41:46.000','2025-12-18 00:44:57.000',NULL,NULL,NULL,NULL,NULL,NULL,35,NULL,NULL),
(86,'Family Pack Ice Cream','Cold','400.00','/uploads/upload_1766000814117_891.jpg',63,29,1000,1,'2025-12-18 00:46:54.000','2025-12-18 00:46:54.000',NULL,NULL,NULL,NULL,NULL,NULL,34,NULL,NULL),
(87,'Tikka Chest Piece','Tasty','250.00','/uploads/upload_1766001686425_473.jpg',78,36,1000,1,'2025-12-18 00:58:34.000','2025-12-18 01:01:26.000',NULL,NULL,NULL,NULL,NULL,NULL,24,NULL,NULL),
(88,'Tikka Leg Piece','Tasty','200.00','/uploads/upload_1766001654450_191.jpg',78,36,1000,1,'2025-12-18 01:00:54.000','2025-12-18 01:00:54.000',NULL,NULL,NULL,NULL,NULL,NULL,23,NULL,NULL),
(89,'Tikka Boti','Tasty','100.00','/uploads/upload_1766001859782_623.jpg',78,36,1000,1,'2025-12-18 01:04:20.000','2025-12-18 01:04:20.000',NULL,NULL,NULL,NULL,NULL,NULL,37,NULL,NULL),
(90,'Grill Fish','Tasty','1400.00','/uploads/upload_1766001964041_845.jpg',78,36,1000,0,'2025-12-18 01:06:04.000','2025-12-24 15:03:09.000',NULL,NULL,NULL,NULL,NULL,1,23,NULL,NULL),
(91,'Grill Fresh','Tasty','700.00','/uploads/upload_1766002091948_450.jpg',78,36,1000,1,'2025-12-18 01:08:12.000','2025-12-18 01:08:12.000',NULL,NULL,NULL,NULL,NULL,NULL,NULL,NULL,NULL),
(92,'Beef Seekh Kabab','Tasty','70.00','/uploads/upload_1766002202070_115.jpg',78,36,1000,1,'2025-12-18 01:10:02.000','2025-12-18 01:10:02.000',NULL,NULL,NULL,NULL,NULL,NULL,37,NULL,NULL),
(93,'Fry Fish','Tasty','1250.00','/uploads/upload_1766002389506_227.jpg',78,36,1000,0,'2025-12-18 01:13:09.000','2025-12-24 15:02:30.000',NULL,NULL,NULL,NULL,NULL,1,24,NULL,NULL),
(94,'Fry Fish','Tasty','650.00','/uploads/upload_1766002564944_31.jpg',78,36,1000,1,'2025-12-18 01:16:05.000','2025-12-18 01:16:05.000',NULL,NULL,NULL,NULL,NULL,NULL,NULL,NULL,NULL),
(95,'Kaleji Fry','Tasty','40.00','/uploads/upload_1766002671015_107.jpg',78,36,1000,1,'2025-12-18 01:17:51.000','2025-12-18 01:17:51.000',NULL,NULL,NULL,NULL,NULL,NULL,23,NULL,NULL),
(96,'Pota Fry','Tasty','30.00','/uploads/upload_1766002855337_821.jpg',78,36,1000,1,'2025-12-18 01:20:55.000','2025-12-18 01:20:55.000',NULL,NULL,NULL,NULL,NULL,NULL,24,NULL,NULL),
(97,'Neck Fry','Tasty','60.00','/uploads/upload_1766002995784_43.avif',78,36,1000,1,'2025-12-18 01:23:16.000','2025-12-18 01:23:16.000',NULL,NULL,NULL,NULL,NULL,NULL,24,NULL,NULL),
(98,'Tikki Kabab','Tasty','25.00','/uploads/upload_1766003359372_740.jpg',78,36,1000,1,'2025-12-18 01:29:19.000','2025-12-18 01:29:19.000',NULL,NULL,NULL,NULL,NULL,NULL,23,NULL,NULL),
(99,'Shami Kabab','Tasty','30.00','/uploads/upload_1766003414953_186.jpg',78,36,1000,1,'2025-12-18 01:30:15.000','2025-12-18 01:30:15.000',NULL,NULL,NULL,NULL,NULL,NULL,24,NULL,NULL),
(100,'Roti','','12.00','/uploads/upload_1766003502759_587.jpg',78,36,1000,1,'2025-12-18 01:31:43.000','2025-12-18 01:31:43.000',NULL,NULL,NULL,NULL,NULL,NULL,NULL,NULL,NULL),
(101,'Chicken Karahi','Tasty','450.00','/uploads/upload_1766042098034_329.jpg',87,30,1000,1,'2025-12-18 12:14:58.000','2025-12-24 15:11:44.000',NULL,NULL,NULL,NULL,NULL,33,NULL,NULL,'450.00'),
(102,'Chicken Kali Mirchi Karahi','Tasty','700.00','/uploads/upload_1766042242657_878.jpg',87,30,1000,1,'2025-12-18 12:17:23.000','2025-12-24 15:10:44.000',NULL,NULL,NULL,NULL,NULL,NULL,NULL,NULL,'700.00'),
(103,'Chicken Hari Mirchi Karahi','Tasty','700.00','/uploads/upload_1766042491455_910.jpg',87,30,1000,1,'2025-12-18 12:21:31.000','2025-12-24 15:10:17.000',NULL,NULL,NULL,NULL,NULL,36,NULL,NULL,'700.00'),
(104,'Kabab Gravy','Tasty','150.00','/uploads/upload_1766042655942_436.jpg',87,30,1000,1,'2025-12-18 12:24:16.000','2025-12-24 15:20:55.000',NULL,NULL,NULL,NULL,NULL,NULL,NULL,NULL,'150.00'),
(105,'Tikka Gravy','Tasty','200.00','/uploads/upload_1766042783070_434.jpg',87,30,1000,1,'2025-12-18 12:26:23.000','2025-12-24 15:23:13.000',NULL,NULL,NULL,NULL,NULL,NULL,NULL,NULL,'200.00'),
(106,'Tawa Leg Piece','Tasty','300.00','/uploads/upload_1766043066164_504.jpg',87,30,1000,1,'2025-12-18 12:31:06.000','2025-12-20 10:11:41.000',NULL,NULL,NULL,NULL,NULL,NULL,23,NULL,NULL),
(107,'Tawa Chest Piece','Tasty','350.00','/uploads/upload_1766043131308_994.png',87,30,1000,1,'2025-12-18 12:32:11.000','2025-12-20 10:15:13.000',NULL,NULL,NULL,NULL,NULL,NULL,23,NULL,NULL),
(108,'Tikka Leg Piece','Tasty','300.00','/uploads/upload_1766043207763_216.png',87,30,1000,1,'2025-12-18 12:33:28.000','2025-12-24 15:23:43.000',NULL,NULL,NULL,NULL,NULL,NULL,NULL,NULL,'300.00'),
(109,'Tikka Chest Piece','Tasty','350.00','/uploads/upload_1766043273581_661.jpg',87,30,1000,1,'2025-12-18 12:34:33.000','2025-12-24 15:22:43.000',NULL,NULL,NULL,NULL,NULL,NULL,NULL,NULL,'350.00'),
(110,'Tikka Boti Seekh','Tasty','150.00','/uploads/upload_1766043381573_245.jpg',87,30,1000,1,'2025-12-18 12:36:21.000','2025-12-24 15:22:15.000',NULL,NULL,NULL,NULL,NULL,NULL,NULL,NULL,'150.00'),
(111,'Chicken Kabab Seekh','Tasty','100.00','/uploads/upload_1766043558948_710.jpg',87,30,1000,1,'2025-12-18 12:39:27.000','2025-12-24 20:16:49.000',NULL,NULL,NULL,NULL,NULL,NULL,NULL,NULL,'100.00'),
(112,'Chicken Kabab Seekh','Tasty','100.00','/uploads/upload_1766043561810_969.jpg',87,30,1000,1,'2025-12-18 12:39:27.000','2025-12-24 15:20:19.000',NULL,NULL,NULL,NULL,NULL,NULL,NULL,NULL,'100.00'),
(113,'Chicken Kabab Seekh','Tasty','100.00','/uploads/upload_1766043558747_174.jpg',78,30,1000,1,'2025-12-18 12:39:27.000','2025-12-24 20:17:02.000',NULL,NULL,NULL,NULL,NULL,NULL,37,NULL,NULL),
(114,'Chicken Kabab Seekh','Tasty','100.00','/uploads/upload_1766043567691_881.jpg',78,30,1000,1,'2025-12-18 12:39:28.000','2025-12-24 20:17:04.000',NULL,NULL,NULL,NULL,NULL,NULL,37,NULL,NULL),
(115,'Anda Shami','Tasty','150.00','/uploads/upload_1766043707713_163.jpg',87,30,1000,1,'2025-12-18 12:41:48.000','2025-12-20 10:12:50.000',NULL,NULL,NULL,NULL,NULL,NULL,23,NULL,NULL),
(116,'Masala Roti','Hot','40.00','/uploads/upload_1766043915671_283.jpg',87,30,1000,1,'2025-12-18 12:45:16.000','2025-12-20 10:13:57.000',NULL,NULL,NULL,NULL,NULL,NULL,24,NULL,NULL),
(117,'Roti','Hot','15.00','/uploads/upload_1766044262710_522.jpg',87,30,1000,1,'2025-12-18 12:51:03.000','2025-12-24 15:21:42.000',NULL,NULL,NULL,NULL,NULL,NULL,NULL,NULL,'15.00'),
(118,'Chicken Karahi','Tasty','900.00','/uploads/upload_1766044411546_284.jpg',87,23,500,0,'2025-12-18 12:53:31.000','2025-12-24 20:18:33.000',NULL,NULL,NULL,NULL,NULL,36,NULL,NULL,'900.00'),
(119,'Chicken Hari Mirchi Karahi','','1700.00','/uploads/upload_1766072861602_338.webp',87,23,1000,0,'2025-12-18 20:47:42.000','2025-12-24 20:15:43.000',NULL,NULL,NULL,NULL,NULL,1,NULL,NULL,'1700.00'),
(120,'Chicken Hari Mirchi Karahi','','900.00','/uploads/upload_1766072866525_263.webp',87,23,1000,0,'2025-12-18 20:47:47.000','2025-12-24 20:15:43.000',NULL,NULL,NULL,NULL,NULL,36,NULL,NULL,'900.00'),
(121,'Chicken White Handi','','1100.00','/uploads/upload_1766074154655_770.jfif',87,23,1000,0,'2025-12-18 21:09:15.000','2025-12-24 20:15:40.000',NULL,NULL,NULL,NULL,NULL,36,NULL,NULL,'1100.00'),
(122,'Chicken White Handi','','2100.00','/uploads/upload_1766075710143_67.jfif',87,23,1000,0,'2025-12-18 21:35:10.000','2025-12-24 20:15:39.000',NULL,NULL,NULL,NULL,NULL,1,NULL,NULL,'2100.00'),
(123,'Chicken Afghani Handi','','1100.00','/uploads/upload_1766076720573_451.jfif',87,23,1000,0,'2025-12-18 21:52:01.000','2025-12-24 20:14:42.000',NULL,NULL,NULL,NULL,NULL,36,NULL,NULL,'1100.00'),
(124,'Milk','Fresh','170.00','/uploads/upload_1766205581588_29.jpg',97,38,2000,1,'2025-12-20 09:39:41.000','2025-12-20 09:39:41.000',113,171,214,'0.450','#111',32,NULL,NULL,NULL),
(125,'Yougurt','Fresh','220.00','/uploads/upload_1766205717301_457.jpg',97,38,2000,1,'2025-12-20 09:41:57.000','2025-12-20 09:41:57.000',199,180,166,'0.450','#111',1,NULL,NULL,NULL),
(126,'Dahi Bhalle','Chat Patta Taste','50.00','/uploads/upload_1766208037436_781.jpg',98,33,2000,1,'2025-12-20 10:20:38.000','2025-12-20 10:21:51.000',107,94,73,'0.200','#fff',NULL,42,NULL,NULL),
(127,'Dahi Bhalle','Chata Patta Taste','90.00','/uploads/upload_1766208235120_309.jpg',98,33,2000,0,'2025-12-20 10:23:55.000','2025-12-24 16:45:08.000',107,94,73,'0.200','#fff',NULL,44,NULL,NULL),
(128,'Dahi Bhalle','Chat Patta Taste','110.00','/uploads/upload_1766208309292_844.jpg',98,33,2000,0,'2025-12-20 10:25:09.000','2025-12-24 16:46:01.000',107,94,73,'0.200','#fff',NULL,45,NULL,NULL),
(129,'CostPrice Test Product','hh','90.00','/uploads/upload_1766354370618_202.png',63,44,5,0,'2025-12-22 02:57:08.000','2025-12-24 15:00:03.000',60,98,134,'0.200','#fff',32,NULL,NULL,'100.00'),
(130,'Chicken Karahi','Tasty','230.00','/uploads/upload_1766397674301_691.jpg',87,77,0,1,'2025-12-22 15:01:14.000','2025-12-22 15:01:14.000',173,123,81,'0.320','#111',1,23,NULL,'200.00'),
(131,'__tmp_price_test_1766429558426','','100.00',NULL,NULL,44,0,0,'2025-12-22 23:52:38.000','2025-12-22 23:52:38.000',NULL,NULL,NULL,NULL,NULL,NULL,NULL,NULL,'90.00'),
(132,'Coke','hhhh','100.00','/uploads/upload_1766438700366_377.avif',73,27,5,0,'2025-12-23 02:25:02.000','2025-12-24 18:39:40.000',236,229,228,'0.550','#111',NULL,NULL,NULL,'100.00'),
(133,'Variant Unit Test 1766441742704','test','123.45',NULL,NULL,44,1,0,'2025-12-23 03:15:42.000','2025-12-23 03:17:49.000',NULL,NULL,NULL,NULL,NULL,NULL,NULL,NULL,'123.45'),
(134,'test sizes','test sizes','255.00','/uploads/upload_1766446363860_843.avif',NULL,44,100,0,'2025-12-23 04:32:45.000','2025-12-24 17:13:25.000',236,229,228,'0.550','#111',NULL,NULL,NULL,'229.50'),
(135,'Phulki  Chana','Tasty','60.00','/uploads/upload_1766472040632_766.jpg',79,37,2000,1,'2025-12-23 11:40:41.000','2025-12-24 18:53:09.000',100,87,72,'0.200','#fff',NULL,NULL,NULL,'60.00'),
(136,'Chana','Tasty','70.00','/uploads/upload_1766472329720_740.jpg',79,37,2000,1,'2025-12-23 11:45:30.000','2025-12-24 18:51:02.000',160,134,85,'0.320','#111',NULL,NULL,NULL,'70.00'),
(137,'Dahi Phulki','Tasty','100.00','/uploads/upload_1766472642630_132.jpg',79,37,2000,1,'2025-12-23 11:50:42.000','2025-12-24 18:52:09.000',172,158,133,'0.450','#111',NULL,NULL,NULL,'100.00'),
(138,'Desi Egg','','330.00','/uploads/upload_1766473522315_392.jpg',79,72,2000,1,'2025-12-23 12:05:22.000','2025-12-23 12:05:22.000',229,207,189,'0.550','#111',NULL,NULL,NULL,'330.00'),
(139,'Farmi Egg','','220.00','/uploads/upload_1766473694510_813.jpg',79,72,2000,1,'2025-12-23 12:08:14.000','2025-12-23 12:08:14.000',230,226,222,'0.550','#111',NULL,NULL,NULL,'220.00'),
(140,'Chicken Leg Broast','Tasty','330.00','/uploads/upload_1766474097475_154.png',87,71,2000,1,'2025-12-23 12:14:57.000','2025-12-23 12:14:57.000',210,146,91,'0.450','#111',NULL,NULL,NULL,'330.00'),
(141,'Chicken Chest Broast','Tasty','380.00','/uploads/upload_1766474171798_394.jpg',87,71,2000,1,'2025-12-23 12:16:12.000','2025-12-23 12:16:12.000',193,148,104,'0.450','#111',NULL,NULL,NULL,'380.00'),
(142,'Chicen Chest Broast with Neack','Tasty','400.00','/uploads/upload_1766474235614_428.png',87,71,2000,1,'2025-12-23 12:17:16.000','2025-12-23 12:17:16.000',206,164,132,'0.450','#111',NULL,NULL,NULL,'400.00'),
(143,'Naan','Fresh','25.00','/uploads/upload_1766474288933_444.jpg',87,71,2000,1,'2025-12-23 12:18:09.000','2025-12-23 12:18:09.000',167,128,76,'0.320','#111',NULL,NULL,NULL,'25.00'),
(144,'Roti','Fresh','18.00','/uploads/upload_1766474353893_214.jpg',87,71,2000,1,'2025-12-23 12:19:14.000','2025-12-23 12:19:14.000',135,112,102,'0.320','#fff',NULL,NULL,NULL,'18.00'),
(145,'Zam Zam Special','Fresh & Hot','70.00','/uploads/upload_1766474715871_308.jpg',77,79,2000,1,'2025-12-23 12:22:47.000','2025-12-23 12:25:16.000',178,171,155,'0.450','#111',NULL,NULL,NULL,'70.00'),
(146,'Aloo Anda','Tasty','80.00','/uploads/upload_1766475165381_214.jpg',87,63,2000,1,'2025-12-23 12:32:45.000','2025-12-23 12:32:45.000',175,134,60,'0.320','#111',NULL,NULL,NULL,'80.00'),
(147,'Daal Mong','Tasty','80.00','/uploads/upload_1766475327901_39.jpg',87,63,2000,1,'2025-12-23 12:35:28.000','2025-12-23 12:35:28.000',136,117,72,'0.320','#fff',NULL,NULL,NULL,'80.00'),
(148,'Sabzi','Tasty','80.00','/uploads/upload_1766475454149_168.jpg',87,63,200,1,'2025-12-23 12:37:34.000','2025-12-23 12:37:34.000',199,165,137,'0.450','#111',NULL,NULL,NULL,'80.00'),
(149,'Channa Fry','Tasty','250.00','/uploads/upload_1766475583108_698.jpg',87,63,2000,1,'2025-12-23 12:39:43.000','2025-12-23 12:39:43.000',122,88,53,'0.200','#fff',NULL,NULL,NULL,'250.00'),
(150,'Shahi Daal','Tasty ','400.00','/uploads/upload_1766475682085_945.jpg',87,63,2000,1,'2025-12-23 12:41:22.000','2025-12-23 12:41:22.000',193,177,133,'0.450','#111',NULL,NULL,NULL,'400.00'),
(151,'Channa','Tasty','80.00','/uploads/upload_1766475755188_486.jpg',87,63,2000,1,'2025-12-23 12:42:35.000','2025-12-23 12:42:35.000',160,134,85,'0.320','#111',NULL,NULL,NULL,'80.00'),
(152,'Special Salad','Fresh','50.00','/uploads/upload_1766475966173_655.jpg',87,63,2000,1,'2025-12-23 12:46:06.000','2025-12-23 12:46:06.000',185,165,123,'0.450','#111',NULL,NULL,NULL,'50.00'),
(153,'Special Raita','Fresh','50.00','/uploads/upload_1766476053669_90.webp',87,63,2000,1,'2025-12-23 12:47:34.000','2025-12-23 12:47:34.000',156,155,106,'0.320','#111',NULL,NULL,NULL,'50.00'),
(154,'Naan','Fresh','20.00','/uploads/upload_1766476100665_826.jpg',87,63,2000,1,'2025-12-23 12:48:20.000','2025-12-23 12:48:20.000',167,128,76,'0.320','#111',NULL,NULL,NULL,'20.00'),
(155,'Roti','Fresh','15.00','/uploads/upload_1766476163508_470.jpg',74,37,2000,0,'2025-12-23 12:49:23.000','2025-12-24 16:44:02.000',135,112,102,'0.320','#fff',NULL,NULL,NULL,'15.00'),
(156,'Chargha','Tasty','1120.00','/uploads/upload_1766476398681_367.jpg',87,63,2000,1,'2025-12-23 12:53:19.000','2025-12-23 12:53:19.000',189,122,54,'0.320','#111',NULL,NULL,NULL,'1120.00');
INSERT INTO `products` (`id`, `name`, `description`, `price`, `image_url`, `category_id`, `store_id`, `stock_quantity`, `is_available`, `created_at`, `updated_at`, `image_bg_r`, `image_bg_g`, `image_bg_b`, `image_overlay_alpha`, `image_contrast`, `unit_id`, `size_id`, `item_id`, `cost_price`) VALUES
(157,'Chicen Tikka Broast','Tasty','250.00','/uploads/upload_1766476527477_207.jpg',87,63,2000,1,'2025-12-23 12:55:27.000','2025-12-23 12:55:27.000',159,132,98,'0.320','#111',NULL,NULL,NULL,'250.00'),
(158,'Damra Fish Broast','Tasty','700.00','/uploads/upload_1766476699183_409.jpg',87,63,2000,1,'2025-12-23 12:58:19.000','2025-12-23 12:58:19.000',139,104,80,'0.200','#fff',NULL,NULL,NULL,'700.00'),
(159,'Batera Broast','Tasty','130.00','/uploads/upload_1766476824787_788.jpg',87,63,2000,1,'2025-12-23 13:00:25.000','2025-12-23 13:00:25.000',160,120,84,'0.320','#fff',NULL,NULL,NULL,'130.00'),
(160,'Batera Karahi','Tasty','800.00','/uploads/upload_1766477000581_628.jpg',87,63,2000,1,'2025-12-23 13:03:20.000','2025-12-23 13:03:20.000',144,121,89,'0.320','#fff',NULL,NULL,NULL,'800.00'),
(161,'Chaiken White Handi','Tasty','950.00','/uploads/upload_1766477168970_560.jpg',87,63,2000,1,'2025-12-23 13:06:09.000','2025-12-23 13:06:09.000',146,144,107,'0.320','#111',NULL,NULL,NULL,'950.00'),
(162,'Chicken Karahi','Tasty','425.00','/uploads/upload_1766477322919_995.jpg',87,63,2000,1,'2025-12-23 13:08:43.000','2025-12-24 17:19:06.000',167,134,98,'0.320','#111',NULL,NULL,NULL,'425.00'),
(163,'Chicken Achari','Tasty','900.00','/uploads/upload_1766477589914_154.jpg',87,63,2000,1,'2025-12-23 13:13:10.000','2025-12-23 13:13:10.000',203,177,132,'0.450','#111',NULL,NULL,NULL,'900.00'),
(164,'Chicken Handi','Tasty','850.00','/uploads/upload_1766477761754_44.jpg',87,63,2000,1,'2025-12-23 13:16:02.000','2025-12-23 13:16:02.000',219,172,116,'0.450','#111',NULL,NULL,NULL,'850.00'),
(165,'Chicken Hari Mirch','Tasty','850.00','/uploads/upload_1766483666289_510.jpg',87,63,2000,1,'2025-12-23 14:54:26.000','2025-12-23 14:54:26.000',178,138,62,'0.320','#111',NULL,NULL,NULL,'850.00'),
(166,'Chicken White Karahi','Tasty','480.00','/uploads/upload_1766483814111_318.jpg',87,63,2000,1,'2025-12-23 14:56:54.000','2025-12-23 14:56:54.000',176,137,103,'0.320','#111',NULL,NULL,NULL,'480.00'),
(167,'Chicken Kali Mirch Karahi','Tasty','425.00','/uploads/upload_1766484062042_41.jpg',87,63,2000,1,'2025-12-23 15:01:02.000','2025-12-23 15:01:02.000',147,123,86,'0.320','#fff',NULL,NULL,NULL,'425.00'),
(168,'Chicken Chest Broast','Tasty','380.00','/uploads/upload_1766484134824_527.jpg',87,63,2000,1,'2025-12-23 15:02:15.000','2025-12-24 17:19:56.000',193,148,104,'0.450','#111',NULL,NULL,NULL,'380.00'),
(169,'Chicken Leg Broast','Tasty','330.00','/uploads/upload_1766484197008_408.png',87,63,2000,1,'2025-12-23 15:03:17.000','2025-12-23 15:03:17.000',210,146,91,'0.450','#111',NULL,NULL,NULL,'330.00'),
(170,'Chicken Chest With Neck','Tasty','380.00','/uploads/upload_1766484291552_633.png',87,63,2000,1,'2025-12-23 15:04:52.000','2025-12-23 15:04:52.000',206,164,132,'0.450','#111',NULL,NULL,NULL,'380.00'),
(171,'Chicken Kurma','Tasty','180.00','/uploads/upload_1766484421689_319.webp',87,63,2000,1,'2025-12-23 15:07:02.000','2025-12-23 15:07:02.000',180,108,68,'0.320','#fff',NULL,NULL,NULL,'180.00'),
(172,'Chicken Fried Rice','Tasty','450.00','/uploads/upload_1766484548379_71.jpeg',87,63,2000,1,'2025-12-23 15:09:08.000','2025-12-23 15:09:08.000',176,164,127,'0.450','#111',NULL,NULL,NULL,'450.00'),
(173,'Chicken Drum Stick','Tasty','300.00','/uploads/upload_1766484725188_692.jpg',87,63,2000,1,'2025-12-23 15:12:05.000','2025-12-23 15:12:05.000',133,99,68,'0.200','#fff',NULL,NULL,NULL,'300.00'),
(174,'Daal Mash Fry','tasty','300.00','/uploads/upload_1766484874813_700.jpg',87,63,2000,1,'2025-12-23 15:14:35.000','2025-12-23 15:14:35.000',194,165,82,'0.450','#111',NULL,NULL,NULL,'300.00'),
(175,'Chicken Masala Rice','Tasty','480.00','/uploads/upload_1766485034278_327.jpg',87,63,2000,1,'2025-12-23 15:17:14.000','2025-12-23 15:17:14.000',190,154,93,'0.450','#111',NULL,NULL,NULL,'480.00'),
(176,'Egg Fried Rice','Tasty','450.00','/uploads/upload_1766485358009_920.webp',87,63,2000,1,'2025-12-23 15:22:38.000','2025-12-23 15:22:38.000',214,194,145,'0.550','#111',NULL,NULL,NULL,'450.00'),
(177,'Anda Shami Burger','Tasty','150.00','/uploads/upload_1766485644830_692.jpg',76,73,2000,1,'2025-12-23 15:27:25.000','2025-12-24 18:17:41.000',152,123,86,'0.320','#fff',NULL,NULL,NULL,'150.00'),
(178,'Sada Burger','Tasty','110.00','/uploads/upload_1766486265481_878.jpg',76,73,2000,1,'2025-12-23 15:37:45.000','2025-12-24 18:21:42.000',191,153,106,'0.450','#111',NULL,NULL,NULL,'110.00'),
(179,'Chicken Anda Burger','Tasty','200.00','/uploads/upload_1766486889633_608.jpg',76,73,2000,1,'2025-12-23 15:38:40.000','2025-12-24 18:18:13.000',200,178,127,'0.450','#111',NULL,NULL,NULL,'200.00'),
(180,'Chicken Shawarma','Tasty','130.00','/uploads/upload_1766486415450_788.jpg',81,73,2000,1,'2025-12-23 15:40:15.000','2025-12-24 18:10:59.000',222,194,167,'0.550','#111',NULL,NULL,NULL,'130.00'),
(181,'Chicken Shami','Tasty','30.00','/uploads/upload_1766486535272_294.jpg',76,73,2000,1,'2025-12-23 15:42:15.000','2025-12-24 18:19:55.000',164,135,105,'0.320','#111',NULL,NULL,NULL,'30.00'),
(182,'Anda Lapait Burger','Tasty','170.00','/uploads/upload_1766486700440_297.jpg',76,73,2000,1,'2025-12-23 15:45:00.000','2025-12-24 18:16:26.000',171,142,106,'0.320','#111',NULL,NULL,NULL,'170.00'),
(183,'Dahi Bhalle','Tasty','70.00','/uploads/upload_1766490667936_371.jpg',98,85,2000,1,'2025-12-23 16:51:08.000','2025-12-23 16:51:08.000',107,94,73,'0.200','#fff',NULL,NULL,NULL,'70.00'),
(184,'Alo Wala Samosa','Tasty','50.00','/uploads/upload_1766490794601_31.jpg',98,85,2000,1,'2025-12-23 16:53:14.000','2025-12-23 16:53:14.000',181,145,108,'0.320','#111',NULL,NULL,NULL,'50.00'),
(185,'Qeema Wala Samosa','Tasty','50.00','/uploads/upload_1766490866756_440.jpg',98,85,2000,1,'2025-12-23 16:54:27.000','2025-12-23 16:54:27.000',160,130,101,'0.320','#111',NULL,NULL,NULL,'50.00'),
(186,'Chicken Roll','Tasty','80.00','/uploads/upload_1766490949575_23.jpg',98,85,2000,1,'2025-12-23 16:55:49.000','2025-12-23 16:55:49.000',197,139,69,'0.320','#111',NULL,NULL,NULL,'80.00'),
(187,'Fish Fry','Tasty','700.00','/uploads/upload_1766491491539_71.jpg',69,86,2000,1,'2025-12-23 17:03:45.000','2025-12-23 17:04:52.000',184,132,90,'0.320','#111',NULL,NULL,NULL,'700.00'),
(188,'Chicken Chest Broast','Tasty','320.00','/uploads/upload_1766491608835_860.jpg',76,86,2000,1,'2025-12-23 17:06:49.000','2025-12-23 17:06:49.000',193,148,104,'0.450','#111',NULL,NULL,NULL,'320.00'),
(189,'Chicken Leg Broast','Tasty','280.00','/uploads/upload_1766491694259_848.png',76,86,2000,1,'2025-12-23 17:08:14.000','2025-12-23 17:08:14.000',210,146,91,'0.450','#111',NULL,NULL,NULL,'280.00'),
(190,'Chicken Drum Stick','Tasty','150.00','/uploads/upload_1766491803161_152.jpg',76,86,2000,1,'2025-12-23 17:10:03.000','2025-12-23 17:10:03.000',133,99,68,'0.200','#fff',NULL,NULL,NULL,'150.00'),
(191,'Chicken Zinger Burger','Tasty','280.00','/uploads/upload_1766491947553_511.jpg',76,86,2000,1,'2025-12-23 17:12:27.000','2025-12-23 17:12:27.000',97,70,42,'0.200','#fff',NULL,NULL,NULL,'280.00'),
(192,'Chicken Zinger Shawarma','Tasty','270.00','/uploads/upload_1766492018208_229.jpg',76,86,2000,1,'2025-12-23 17:13:38.000','2025-12-23 17:13:38.000',160,134,115,'0.320','#111',NULL,NULL,NULL,'270.00'),
(193,'Chicken Burger','Tasty','200.00','/uploads/upload_1766492104823_284.jpg',76,86,2000,1,'2025-12-23 17:15:05.000','2025-12-23 17:15:05.000',243,223,194,'0.550','#111',NULL,NULL,NULL,'200.00'),
(194,'Chicken Shawarma','Tasty','150.00','/uploads/upload_1766492154301_784.jpg',76,86,2000,1,'2025-12-23 17:15:54.000','2025-12-23 17:15:54.000',222,194,167,'0.550','#111',NULL,NULL,NULL,'150.00'),
(195,'Anda Shami Burger','Tasty','150.00','/uploads/upload_1766492313123_461.webp',76,86,2000,1,'2025-12-23 17:18:33.000','2025-12-23 17:18:33.000',175,129,73,'0.320','#111',NULL,NULL,NULL,'150.00'),
(196,'Alo Wala Samosa','Tasty','40.00','/uploads/upload_1766492367699_512.jpg',98,86,2000,1,'2025-12-23 17:19:28.000','2025-12-24 16:59:19.000',181,145,108,'0.320','#111',NULL,NULL,NULL,'40.00'),
(197,'Pakora','Tasty','180.00','/uploads/upload_1766492627940_76.jpeg',76,86,2000,1,'2025-12-23 17:23:48.000','2025-12-23 17:23:48.000',156,118,72,'0.320','#fff',NULL,NULL,NULL,'180.00'),
(198,'Pineapple Cake','Fresh ','750.00','/uploads/upload_1766494370172_859.jpg',85,87,2000,1,'2025-12-23 17:52:50.000','2025-12-23 17:52:50.000',183,161,137,'0.450','#111',NULL,NULL,NULL,'750.00'),
(199,'Chocolate cake','Fresh','850.00','/uploads/upload_1766494796848_41.png',85,87,2000,0,'2025-12-23 17:59:57.000','2025-12-24 20:17:26.000',175,150,137,'0.450','#111',NULL,NULL,NULL,'850.00'),
(200,'Chocolate cake','Fresh','850.00','/uploads/upload_1766494798690_81.png',85,87,2000,1,'2025-12-23 17:59:59.000','2025-12-23 17:59:59.000',175,150,137,'0.450','#111',NULL,NULL,NULL,'850.00'),
(201,'Pineapple Pastry','Fresh','150.00','/uploads/upload_1766494911566_306.jpg',85,87,2000,1,'2025-12-23 18:01:51.000','2025-12-23 18:01:51.000',97,87,79,'0.200','#fff',NULL,NULL,NULL,'150.00'),
(202,'Biscuit','Fresh','200.00','/uploads/upload_1766570147820_433.jfif',85,87,2000,1,'2025-12-23 18:11:14.000','2025-12-24 14:55:48.000',136,103,69,'0.200','#fff',NULL,NULL,NULL,'200.00'),
(203,'Special Biscuits','Fresh','250.00','/uploads/upload_1766495702110_870.jpg',85,87,2000,1,'2025-12-23 18:15:04.000','2025-12-23 18:15:04.000',185,123,58,'0.320','#111',NULL,NULL,NULL,'250.00'),
(204,'Fruite Cake','Fresh','250.00','/uploads/upload_1766495889127_291.jpg',85,87,2000,1,'2025-12-23 18:18:09.000','2025-12-23 18:18:09.000',184,152,101,'0.450','#111',NULL,NULL,NULL,'250.00'),
(205,'Cake Rusk','Fresh','250.00','/uploads/upload_1766495971746_176.jpg',85,87,2000,1,'2025-12-23 18:19:32.000','2025-12-23 18:19:32.000',193,128,56,'0.320','#111',NULL,NULL,NULL,'250.00'),
(206,'Cake Rusk','Fresh','250.00','/uploads/upload_1766495972455_21.jpg',85,87,2000,1,'2025-12-23 18:19:32.000','2025-12-24 20:16:24.000',193,128,56,'0.320','#111',NULL,NULL,NULL,'250.00'),
(207,'KalaKand','Fresh','300.00','/uploads/upload_1766496204170_520.jpg',85,87,2000,1,'2025-12-23 18:23:24.000','2025-12-23 18:54:33.000',123,110,86,'0.200','#fff',NULL,NULL,NULL,'300.00'),
(208,'Rusk Candy Biscuit','Fresh','150.00','/uploads/upload_1766496364433_232.jpg',85,87,2000,1,'2025-12-23 18:26:04.000','2025-12-23 18:26:04.000',207,176,150,'0.450','#111',NULL,NULL,NULL,'150.00'),
(209,'Special methai','Fresh','200.00','/uploads/upload_1766496580653_635.jpg',85,87,2000,1,'2025-12-23 18:29:41.000','2025-12-23 18:29:41.000',190,160,147,'0.450','#111',NULL,NULL,NULL,'200.00'),
(210,'Mix Methai','Fresh','180.00','/uploads/upload_1766496798636_257.jpg',85,87,2000,1,'2025-12-23 18:33:18.000','2025-12-23 18:33:18.000',196,90,67,'0.200','#fff',NULL,NULL,NULL,'180.00'),
(211,'Full Special Methai','Fresh','250.00','/uploads/upload_1766496906091_410.jpg',85,87,2000,1,'2025-12-23 18:35:06.000','2025-12-23 18:35:06.000',175,130,82,'0.320','#111',NULL,NULL,NULL,'250.00'),
(212,'Special Barfi','Fresh','250.00','/uploads/upload_1766497081544_980.jpg',85,87,2000,1,'2025-12-23 18:38:01.000','2025-12-23 18:38:01.000',203,191,173,'0.550','#111',NULL,NULL,NULL,'250.00'),
(213,'Gulab Jaman','Fresh','200.00','/uploads/upload_1766497239046_659.jpg',85,87,2000,1,'2025-12-23 18:40:39.000','2025-12-23 18:40:39.000',201,141,105,'0.320','#111',NULL,NULL,NULL,'200.00'),
(214,'Akhroti Sohn Halwa','Fresh','250.00','/uploads/upload_1766497411940_391.webp',85,87,2000,1,'2025-12-23 18:43:32.000','2025-12-24 20:16:05.000',176,126,75,'0.320','#111',NULL,NULL,NULL,'250.00'),
(215,'Khoya','Fresh','300.00','/uploads/upload_1766497651256_388.jpg',85,87,2000,1,'2025-12-23 18:47:31.000','2025-12-23 18:53:36.000',131,129,113,'0.320','#111',NULL,NULL,NULL,'300.00'),
(216,'Gajrela','Fresh','250.00','/uploads/upload_1766497798390_305.webp',85,87,2000,1,'2025-12-23 18:49:59.000','2025-12-23 18:49:59.000',198,157,127,'0.450','#111',NULL,NULL,NULL,'250.00'),
(217,'Peray','Fresh','300.00','/uploads/upload_1766497975151_998.jpg',85,87,2000,1,'2025-12-23 18:52:55.000','2025-12-23 18:52:55.000',172,147,115,'0.320','#111',NULL,NULL,NULL,'300.00'),
(218,'Mix Ladoo','Fresh','300.00','/uploads/upload_1766498270406_243.jpg',85,87,2000,1,'2025-12-23 18:57:50.000','2025-12-23 18:57:50.000',147,108,68,'0.200','#fff',NULL,NULL,NULL,'300.00'),
(219,'Gram Jalebi','Fresh & Hot','100.00','/uploads/upload_1766498457632_885.jpg',85,87,2000,1,'2025-12-23 19:00:57.000','2025-12-23 19:00:57.000',228,154,103,'0.450','#111',NULL,NULL,NULL,'100.00'),
(220,'Chapli Kabab','Tasty','280.00','/uploads/upload_1766500550812_128.jpg',87,88,2000,1,'2025-12-23 19:35:51.000','2025-12-24 18:06:41.000',133,111,100,'0.320','#fff',NULL,NULL,NULL,'280.00'),
(221,'Khameri Roti','Fresh &Hot','30.00','/uploads/upload_1766500706759_719.jpg',87,88,2000,1,'2025-12-23 19:38:27.000','2025-12-24 18:07:15.000',168,142,105,'0.320','#111',NULL,NULL,NULL,'30.00'),
(222,'Roti','Fresh & Hot','15.00','/uploads/upload_1766500782411_956.jpg',87,88,2000,1,'2025-12-23 19:39:43.000','2025-12-24 18:05:39.000',135,112,102,'0.320','#fff',NULL,NULL,NULL,'15.00'),
(223,'Chicken Karahi','Tasty','450.00','/uploads/upload_1766500873246_68.jpg',87,88,2000,1,'2025-12-23 19:41:13.000','2025-12-23 19:41:13.000',167,134,98,'0.320','#111',NULL,NULL,NULL,'450.00'),
(224,'Beef Karahi','Tasty','1200.00','/uploads/upload_1766501141659_418.jpg',87,88,0,1,'2025-12-23 19:45:42.000','2025-12-24 17:04:13.000',165,139,100,'0.320','#111',NULL,NULL,NULL,'1200.00'),
(225,'Chicken Leg Broast','Tasty','330.00','/uploads/upload_1766501263065_544.png',87,44,2000,1,'2025-12-23 19:47:43.000','2025-12-23 19:47:43.000',210,146,91,'0.450','#111',NULL,NULL,NULL,'330.00'),
(226,'Chicken Chest Broast','Tasty','380.00','/uploads/upload_1766501314049_965.jpg',87,44,2000,1,'2025-12-23 19:48:34.000','2025-12-23 19:48:34.000',193,148,104,'0.450','#111',NULL,NULL,NULL,'380.00'),
(227,'Chicken Chest Broast With Neack','Tasty','400.00','/uploads/upload_1766501397505_185.png',87,44,2000,1,'2025-12-23 19:49:58.000','2025-12-23 19:49:58.000',206,164,132,'0.450','#111',NULL,NULL,NULL,'400.00'),
(228,'Chicken Tikka Broast','Tasty','300.00','/uploads/upload_1766501553343_270.jpg',87,44,2000,1,'2025-12-23 19:52:33.000','2025-12-24 17:11:39.000',153,118,79,'0.320','#fff',NULL,NULL,NULL,'300.00'),
(229,'Naan','Fresh','20.00','/uploads/upload_1766501607113_717.jpg',87,44,2000,1,'2025-12-23 19:53:27.000','2025-12-24 17:13:08.000',167,128,76,'0.320','#111',NULL,NULL,NULL,'20.00'),
(230,'Special Raita','fresh','50.00','/uploads/upload_1766501688475_426.webp',87,44,2000,1,'2025-12-23 19:54:48.000','2025-12-24 17:12:07.000',156,155,106,'0.320','#111',NULL,NULL,NULL,'50.00'),
(231,'Special Salad','Fresh','50.00','/uploads/upload_1766501763730_126.jpg',87,44,2000,1,'2025-12-23 19:56:04.000','2025-12-23 19:56:04.000',185,165,123,'0.450','#111',NULL,NULL,NULL,'50.00'),
(232,'Gol Gappy','Tasty','100.00','/uploads/upload_1766502519203_496.jpg',98,89,2000,1,'2025-12-23 20:08:39.000','2025-12-23 20:08:39.000',173,201,202,'0.550','#111',NULL,NULL,NULL,'100.00'),
(233,'Dahi Bhale','Tasty','100.00','/uploads/upload_1766502688027_730.jpg',98,89,2000,1,'2025-12-23 20:11:28.000','2025-12-24 20:17:50.000',107,94,73,'0.200','#fff',NULL,NULL,NULL,'100.00'),
(234,'Dahi Bhale','Tasty','100.00','/uploads/upload_1766502690229_810.jpg',98,89,2000,1,'2025-12-23 20:11:31.000','2025-12-23 20:11:31.000',107,94,73,'0.200','#fff',NULL,NULL,NULL,'100.00'),
(235,'Cream Chat','Fresh','180.00','/uploads/upload_1766502838472_67.jpg',98,89,2000,1,'2025-12-23 20:13:58.000','2025-12-23 20:13:58.000',139,126,118,'0.320','#111',NULL,NULL,NULL,'180.00'),
(236,'Chicken Tawa Karahi','Tasty','650.00','/uploads/upload_1766503437562_868.jpg',87,84,2000,1,'2025-12-23 20:23:57.000','2025-12-23 20:23:57.000',122,104,68,'0.200','#fff',NULL,NULL,NULL,'650.00'),
(237,'Pota Kaleji','Tasty','150.00','/uploads/upload_1766503538352_970.jpg',87,84,2000,1,'2025-12-23 20:25:38.000','2025-12-23 20:25:38.000',146,126,97,'0.320','#111',NULL,NULL,NULL,'150.00'),
(238,'Chapli Kabab','Tasty','40.00','/uploads/upload_1766503637419_337.jpeg',87,84,2000,1,'2025-12-23 20:27:17.000','2025-12-23 20:27:17.000',179,155,128,'0.450','#111',NULL,NULL,NULL,'40.00'),
(239,'Chicken Daal Shami','Tasty','30.00','/uploads/upload_1766503749045_431.jpg',87,84,2000,1,'2025-12-23 20:29:09.000','2025-12-23 20:29:09.000',157,122,83,'0.320','#fff',NULL,NULL,NULL,'30.00'),
(240,'Daal Fry','Tasty','150.00','/uploads/upload_1766503837202_697.jpg',87,84,2000,1,'2025-12-23 20:30:37.000','2025-12-23 20:30:37.000',143,110,41,'0.200','#fff',NULL,NULL,NULL,'150.00'),
(241,'Chapati','Fresh','10.00','/uploads/upload_1766503957689_884.jpg',87,84,2000,1,'2025-12-23 20:32:38.000','2025-12-23 20:32:38.000',171,151,122,'0.450','#111',NULL,NULL,NULL,'10.00'),
(242,'Chicken Leg Broast','Tasty','310.00','/uploads/upload_1766507065263_672.png',78,45,2000,1,'2025-12-23 21:24:25.000','2025-12-23 21:24:25.000',210,146,91,'0.450','#111',NULL,NULL,NULL,'310.00'),
(243,'Chicken Chest Broast','Tasty','360.00','/uploads/upload_1766507108639_458.jpg',78,45,2000,1,'2025-12-23 21:25:08.000','2025-12-23 21:25:08.000',193,148,104,'0.450','#111',NULL,NULL,NULL,'360.00'),
(244,'Chargha','Tasty','1150.00','/uploads/upload_1766507164778_781.jpg',78,45,2000,1,'2025-12-23 21:26:05.000','2025-12-23 21:26:05.000',189,122,54,'0.320','#111',NULL,NULL,NULL,'1150.00'),
(245,'Drum Stick','Tasty','100.00','/uploads/upload_1766507220747_321.jpg',78,45,2000,1,'2025-12-23 21:27:01.000','2025-12-23 21:27:01.000',133,99,68,'0.200','#fff',NULL,NULL,NULL,'100.00'),
(246,'Batera Broast','Tasty','170.00','/uploads/upload_1766507269564_294.jpg',78,45,2000,1,'2025-12-23 21:27:49.000','2025-12-23 21:27:49.000',160,120,84,'0.320','#fff',NULL,NULL,NULL,'170.00'),
(247,'Channa','Tasty','60.00','/uploads/upload_1766559524401_378.jpg',79,46,2000,1,'2025-12-24 11:58:44.000','2025-12-24 11:58:44.000',160,134,85,'0.320','#111',NULL,NULL,NULL,'60.00'),
(248,'Haleem','Tasty','60.00','/uploads/upload_1766559598626_632.jpg',79,46,2000,1,'2025-12-24 11:59:58.000','2025-12-24 11:59:58.000',180,149,88,'0.320','#111',NULL,NULL,NULL,'60.00'),
(249,'Roghni Naan','Fresh','40.00','/uploads/upload_1766559672575_570.jpg',79,46,2000,1,'2025-12-24 12:01:12.000','2025-12-24 12:01:12.000',166,134,88,'0.320','#111',NULL,NULL,NULL,'40.00'),
(250,'Naan','Fresh','25.00','/uploads/upload_1766559720663_422.jpg',79,46,2000,1,'2025-12-24 12:02:00.000','2025-12-24 12:02:00.000',167,128,76,'0.320','#111',NULL,NULL,NULL,'25.00'),
(251,'Channa Rice','Tasty','120.00','/uploads/upload_1766560030134_856.jpg',79,91,2000,1,'2025-12-24 12:07:10.000','2025-12-24 12:07:10.000',168,150,98,'0.320','#111',NULL,NULL,NULL,'120.00'),
(252,'Channa','Tasty','120.00','/uploads/upload_1766560096002_722.jpg',79,91,2000,1,'2025-12-24 12:08:16.000','2025-12-24 12:08:16.000',160,134,85,'0.320','#111',NULL,NULL,NULL,'120.00'),
(253,'sada Paratha','Fresh & Hot','60.00','/uploads/upload_1766560374905_261.jpg',79,78,2000,1,'2025-12-24 12:12:55.000','2025-12-24 12:12:55.000',215,164,98,'0.450','#111',NULL,NULL,NULL,'60.00'),
(254,'Omelette','Fresh','50.00','/uploads/upload_1766560453259_709.jpg',79,78,2000,1,'2025-12-24 12:14:13.000','2025-12-24 12:14:13.000',150,116,65,'0.320','#fff',NULL,NULL,NULL,'50.00'),
(255,'Chicken Shami','Tasty','50.00','/uploads/upload_1766560545649_106.jpg',79,78,2000,1,'2025-12-24 12:15:45.000','2025-12-24 12:15:45.000',164,135,105,'0.320','#111',NULL,NULL,NULL,'50.00'),
(256,'Alo Wala paratha','Tasty','100.00','/uploads/upload_1766560614957_360.jpg',79,78,2000,1,'2025-12-24 12:16:55.000','2025-12-24 12:16:55.000',176,146,101,'0.320','#111',NULL,NULL,NULL,'100.00');
INSERT INTO `products` (`id`, `name`, `description`, `price`, `image_url`, `category_id`, `store_id`, `stock_quantity`, `is_available`, `created_at`, `updated_at`, `image_bg_r`, `image_bg_g`, `image_bg_b`, `image_overlay_alpha`, `image_contrast`, `unit_id`, `size_id`, `item_id`, `cost_price`) VALUES
(257,'Coke','Fresh $ Cold','90.00','/uploads/upload_1766564629045_224.jpg',73,93,2000,1,'2025-12-24 13:23:49.000','2025-12-24 13:24:11.000',208,180,180,'0.450','#111',NULL,NULL,NULL,'90.00'),
(258,'Sprite','Fresh $ Cold','90.00','/uploads/upload_1766564819518_870.jpg',73,93,2000,1,'2025-12-24 13:26:59.000','2025-12-24 13:26:59.000',154,222,165,'0.550','#111',NULL,NULL,NULL,'90.00'),
(259,'Dew','Tasty','90.00','/uploads/upload_1766564929244_124.jpg',73,93,2000,1,'2025-12-24 13:28:49.000','2025-12-24 13:28:49.000',129,157,60,'0.320','#111',NULL,NULL,NULL,'90.00'),
(260,'Pepsi','Fresh $ Cold','180.00','/uploads/upload_1766565012999_999.jpg',73,93,2000,1,'2025-12-24 13:30:13.000','2025-12-24 13:30:13.000',169,172,183,'0.450','#111',NULL,NULL,NULL,'180.00'),
(261,'Sting','Fresh $ Cold','90.00','/uploads/upload_1766565109828_718.jpg',73,93,2000,1,'2025-12-24 13:31:50.000','2025-12-24 13:31:50.000',239,215,217,'0.550','#111',NULL,NULL,NULL,'90.00'),
(262,'7up','Fresh $ Cold','90.00','/uploads/upload_1766565237600_672.jpg',73,93,2000,1,'2025-12-24 13:33:57.000','2025-12-24 13:33:57.000',218,242,217,'0.550','#111',NULL,NULL,NULL,'90.00'),
(263,'Gourment Cola','Fresh $ Cold','80.00','/uploads/upload_1766565341169_854.jpg',73,93,2000,1,'2025-12-24 13:35:41.000','2025-12-24 13:35:41.000',177,159,179,'0.450','#111',NULL,NULL,NULL,'80.00'),
(264,'Next Cola','Fresh $ Cold','80.00','/uploads/upload_1766565478281_98.jpg',73,93,2000,1,'2025-12-24 13:37:58.000','2025-12-24 13:37:58.000',172,136,134,'0.320','#111',NULL,NULL,NULL,'80.00'),
(265,'Nestle Water','Fresh $ Cold','80.00','/uploads/upload_1766565648048_338.jpg',73,93,2000,1,'2025-12-24 13:40:48.000','2025-12-24 13:40:48.000',112,190,231,'0.450','#111',NULL,NULL,NULL,'80.00'),
(266,'Red Bull','Fresh $ Cold','550.00','/uploads/upload_1766566107982_180.jpg',73,93,2000,1,'2025-12-24 13:48:28.000','2025-12-24 13:48:28.000',62,80,114,'0.200','#fff',NULL,NULL,NULL,'550.00'),
(267,'Coke Tean Pack','Fresh $ Cold','120.00','/uploads/upload_1766566275596_213.jpg',73,93,2000,1,'2025-12-24 13:51:15.000','2025-12-24 13:51:15.000',225,168,169,'0.450','#111',NULL,NULL,NULL,'120.00'),
(268,'Sprite Tean Pack','Fresh $ Cold','120.00','/uploads/upload_1766566387865_972.jpg',73,93,2000,1,'2025-12-24 13:53:09.000','2025-12-24 13:53:09.000',214,233,218,'0.550','#111',NULL,NULL,NULL,'120.00'),
(269,'Dew Tean Pack','Fresh $ Cold','120.00','/uploads/upload_1766566465896_489.jpg',73,93,2000,1,'2025-12-24 13:54:26.000','2025-12-24 13:54:26.000',152,167,125,'0.450','#111',NULL,NULL,NULL,'120.00'),
(270,'Sting Tean Pack','Fresh $ Cold','120.00','/uploads/upload_1766566522720_801.jpg',73,93,2000,1,'2025-12-24 13:55:23.000','2025-12-24 13:55:23.000',230,195,196,'0.550','#111',NULL,NULL,NULL,'120.00'),
(271,'7up Tean Pack','Fresh $ Cold','120.00','/uploads/upload_1766566648352_831.jpg',73,93,2000,1,'2025-12-24 13:57:28.000','2025-12-24 13:57:28.000',212,224,199,'0.550','#111',NULL,NULL,NULL,'120.00'),
(272,'Club Sandwich$ Anda Shami','Tasty','300.00','/uploads/upload_1766566843342_667.jpg',79,78,2000,1,'2025-12-24 14:00:43.000','2025-12-24 14:00:43.000',171,152,121,'0.450','#111',NULL,NULL,NULL,'300.00'),
(273,'French Toast','Tasty','60.00','/uploads/upload_1766566912347_774.jpg',79,78,2000,1,'2025-12-24 14:01:52.000','2025-12-24 14:01:52.000',171,126,106,'0.320','#111',NULL,NULL,NULL,'60.00'),
(274,'Egg Fried','Fresh $ Tasty','60.00','/uploads/upload_1766566974480_99.jpg',79,78,2000,1,'2025-12-24 14:02:54.000','2025-12-24 14:02:54.000',199,177,156,'0.450','#111',NULL,NULL,NULL,'60.00'),
(275,'Alo Ki Lahori Tikki','Tasty','40.00','/uploads/upload_1766567043547_208.jpg',79,78,2000,1,'2025-12-24 14:04:05.000','2025-12-24 14:04:05.000',133,91,45,'0.200','#fff',NULL,NULL,NULL,'40.00'),
(276,'Boil Egg','Fresh','50.00','/uploads/upload_1766567164273_97.jpg',79,78,2000,1,'2025-12-24 14:06:04.000','2025-12-24 14:06:04.000',175,179,108,'0.450','#111',NULL,NULL,NULL,'50.00'),
(277,'Dahi  Phulki','Tasty','350.00','/uploads/upload_1766567230518_384.jpg',79,78,2000,1,'2025-12-24 14:07:10.000','2025-12-24 14:07:10.000',172,158,134,'0.450','#111',NULL,NULL,NULL,'350.00'),
(278,'Gobi Wala Paratha','Tasty','130.00','/uploads/upload_1766567324576_186.jpg',79,78,2000,1,'2025-12-24 14:08:44.000','2025-12-24 14:08:44.000',191,138,48,'0.320','#111',NULL,NULL,NULL,'130.00'),
(279,'moli Ka Paratha','Fresh','130.00','/uploads/upload_1766567384539_718.jpg',79,78,2000,1,'2025-12-24 14:09:44.000','2025-12-24 14:09:44.000',192,129,54,'0.320','#111',NULL,NULL,NULL,'130.00'),
(280,'Fries','Tasty','200.00','/uploads/upload_1766567479110_800.jpg',79,78,2000,1,'2025-12-24 14:11:19.000','2025-12-24 14:11:19.000',216,176,118,'0.450','#111',NULL,NULL,NULL,'200.00'),
(281,'Crispy Fries','Tasty','250.00','/uploads/upload_1766567533733_887.jpg',79,78,2000,1,'2025-12-24 14:12:14.000','2025-12-24 14:12:14.000',200,156,97,'0.450','#111',NULL,NULL,NULL,'250.00'),
(282,'Alo k Pakoray','Tasty','250.00','/uploads/upload_1766567611306_749.jpg',98,78,2000,1,'2025-12-24 14:13:31.000','2025-12-24 20:16:12.000',184,137,57,'0.320','#111',NULL,NULL,NULL,'250.00'),
(283,'Matar Bondi','Fresh','275.00','/uploads/upload_1766570421024_762.jpg',85,59,2000,1,'2025-12-24 15:00:21.000','2025-12-24 15:00:21.000',151,111,18,'0.200','#fff',NULL,NULL,NULL,'275.00'),
(284,'Pineapple Pastry','Fresh','140.00','/uploads/upload_1766570611190_695.jpg',85,59,2000,1,'2025-12-24 15:03:31.000','2025-12-24 15:03:31.000',97,87,79,'0.200','#fff',NULL,NULL,NULL,'140.00'),
(285,'Chocolate Pastry','Fresh','140.00','/uploads/upload_1766570706346_269.jpg',85,59,2000,1,'2025-12-24 15:05:06.000','2025-12-24 15:05:06.000',103,91,91,'0.200','#fff',NULL,NULL,NULL,'140.00'),
(286,'Khoya Rasgula','Fresh','250.00','/uploads/upload_1766574402442_644.jpg',85,59,2000,1,'2025-12-24 16:06:42.000','2025-12-24 16:06:42.000',226,168,171,'0.450','#111',NULL,NULL,NULL,'250.00'),
(287,'Tukri Sohan Halwa','Fresh','400.00','/uploads/upload_1766574572062_969.jpg',85,59,2000,1,'2025-12-24 16:09:32.000','2025-12-24 16:09:32.000',142,100,71,'0.200','#fff',NULL,NULL,NULL,'400.00'),
(288,'Milky Patisa','Fresh','230.00','/uploads/upload_1766575313493_560.jpg',85,59,2000,1,'2025-12-24 16:21:54.000','2025-12-24 16:21:54.000',216,194,170,'0.550','#111',NULL,NULL,NULL,'230.00'),
(289,'Milk Bottle','Fresh','120.00','/uploads/upload_1766575487802_518.jpg',85,59,2000,1,'2025-12-24 16:24:48.000','2025-12-24 16:24:48.000',227,227,225,'0.550','#111',NULL,NULL,NULL,'120.00'),
(290,'Basin Patisa','Fresh','250.00','/uploads/upload_1766575655154_121.jpg',85,59,2000,1,'2025-12-24 16:27:35.000','2025-12-24 16:27:35.000',206,171,128,'0.450','#111',NULL,NULL,NULL,'250.00'),
(291,'Khoya','Fresh','330.00','/uploads/upload_1766575759604_858.jpg',85,59,2000,0,'2025-12-24 16:29:19.000','2025-12-24 16:45:14.000',131,129,113,'0.320','#111',NULL,NULL,NULL,'330.00'),
(292,'Fruit Cake','Fresh','280.00','/uploads/upload_1766575882178_767.jpg',85,59,2000,1,'2025-12-24 16:31:22.000','2025-12-24 16:31:22.000',184,152,101,'0.450','#111',NULL,NULL,NULL,'280.00'),
(293,'Slice Rusk','Fresh','160.00','/uploads/upload_1766576266795_36.jpg',85,59,2000,1,'2025-12-24 16:37:47.000','2025-12-24 16:37:47.000',205,160,92,'0.450','#111',NULL,NULL,NULL,'160.00'),
(294,'Gulab Jaman','Fresh','240.00','/uploads/upload_1766576397723_686.jpg',85,59,2000,1,'2025-12-24 16:39:58.000','2025-12-24 16:39:58.000',201,141,105,'0.320','#111',NULL,NULL,NULL,'240.00'),
(295,'Bread','Fresh','110.00','/uploads/upload_1766576629174_396.jpg',85,59,2000,1,'2025-12-24 16:43:49.000','2025-12-24 16:43:49.000',239,216,190,'0.550','#111',NULL,NULL,NULL,'110.00'),
(296,'Rusk Candy Biscuit','Fresh','160.00','/uploads/upload_1766576721271_242.jpg',85,59,2000,1,'2025-12-24 16:45:21.000','2025-12-24 16:45:21.000',207,176,150,'0.450','#111',NULL,NULL,NULL,'160.00'),
(297,'Cake Rusk','Fresh','280.00','/uploads/upload_1766576803038_319.jpg',85,59,2000,1,'2025-12-24 16:46:43.000','2025-12-24 16:46:43.000',193,128,56,'0.320','#111',NULL,NULL,NULL,'280.00'),
(298,'Bakery Biscuit','Fresh','230.00','/uploads/upload_1766576956061_153.jpg',85,59,2000,1,'2025-12-24 16:49:16.000','2025-12-24 16:49:16.000',109,70,46,'0.200','#fff',NULL,NULL,NULL,'230.00'),
(299,'Cream Cake','Fresh','750.00','/uploads/upload_1766577049156_472.jpg',85,59,2000,1,'2025-12-24 16:50:49.000','2025-12-24 16:50:49.000',201,192,192,'0.550','#111',NULL,NULL,NULL,'750.00'),
(300,'Kheer Mix','Fresh','180.00','/uploads/upload_1766577176532_521.jpg',85,59,2000,1,'2025-12-24 16:52:56.000','2025-12-24 16:52:56.000',191,175,154,'0.450','#111',NULL,NULL,NULL,'180.00'),
(301,'Rasmalai','Fresh','230.00','/uploads/upload_1766577424415_607.jpg',85,59,2000,1,'2025-12-24 16:57:04.000','2025-12-24 16:57:04.000',133,125,96,'0.320','#fff',NULL,NULL,NULL,'230.00'),
(302,'Namak Paray','Fresh','140.00','/uploads/upload_1766577556017_878.jpg',85,59,2000,1,'2025-12-24 16:59:16.000','2025-12-24 16:59:16.000',190,121,60,'0.320','#111',NULL,NULL,NULL,'140.00'),
(303,'Balu Shahi','Fresh','150.00','/uploads/upload_1766577672580_475.jpg',85,59,2000,1,'2025-12-24 17:01:12.000','2025-12-24 17:01:12.000',217,160,107,'0.450','#111',NULL,NULL,NULL,'150.00'),
(304,'Peray','Fresh','350.00','/uploads/upload_1766577809642_623.jpg',85,59,2000,1,'2025-12-24 17:03:29.000','2025-12-24 17:03:29.000',172,147,115,'0.320','#111',NULL,NULL,NULL,'350.00'),
(305,'Special Barfi','Fresh','300.00','/uploads/upload_1766577956208_909.jpg',85,59,2000,1,'2025-12-24 17:05:56.000','2025-12-24 17:05:56.000',203,191,173,'0.550','#111',NULL,NULL,NULL,'300.00'),
(306,'KalaKand','Fresh','350.00','/uploads/upload_1766578063964_862.jpg',85,59,2000,1,'2025-12-24 17:07:44.000','2025-12-24 17:07:44.000',123,110,86,'0.200','#fff',NULL,NULL,NULL,'350.00'),
(307,'Akhroti Halwa','Fresh','350.00','/uploads/upload_1766578162314_612.webp',85,59,2000,1,'2025-12-24 17:09:22.000','2025-12-24 17:09:22.000',176,126,75,'0.320','#111',NULL,NULL,NULL,'350.00'),
(308,'Sohn Halwa','Fresh','300.00','/uploads/upload_1766578330269_798.jpg',85,59,2000,1,'2025-12-24 17:12:10.000','2025-12-24 17:12:10.000',183,132,109,'0.320','#111',NULL,NULL,NULL,'300.00'),
(309,'Mix Mithai','Fresh','230.00','/uploads/upload_1766578428537_445.jpg',85,59,2000,1,'2025-12-24 17:13:48.000','2025-12-24 17:13:48.000',196,90,67,'0.200','#fff',NULL,NULL,NULL,'230.00'),
(310,'Special Mithai','Fresh','250.00','/uploads/upload_1766578614096_100.jpg',85,59,2000,1,'2025-12-24 17:16:54.000','2025-12-24 17:16:54.000',190,160,147,'0.450','#111',NULL,NULL,NULL,'250.00'),
(311,'Chicken Biryani','Tasty','220.00','/uploads/upload_1766581812979_511.jpg',62,82,2000,1,'2025-12-24 18:10:13.000','2025-12-24 18:13:48.000',174,150,100,'0.320','#111',NULL,NULL,NULL,'220.00'),
(312,'Sada Biryani','Tasty','120.00','/uploads/upload_1766581963821_115.jpg',62,82,2000,1,'2025-12-24 18:12:44.000','2025-12-24 18:12:44.000',192,167,117,'0.450','#111',NULL,NULL,NULL,'120.00'),
(313,'Chicken Mix','Fresh','140.00','/uploads/upload_1766582598959_132.jpg',84,76,2000,1,'2025-12-24 18:23:19.000','2025-12-24 18:23:19.000',204,177,173,'0.450','#111',NULL,NULL,NULL,'140.00'),
(314,'Boneless','Fresh','200.00','/uploads/upload_1766582731493_215.jpg',84,76,2000,1,'2025-12-24 18:25:31.000','2025-12-24 18:25:31.000',202,176,168,'0.450','#111',NULL,NULL,NULL,'200.00'),
(315,'Chicken Thai','Fresh','250.00','/uploads/upload_1766582881158_996.jpg',84,76,2000,1,'2025-12-24 18:28:01.000','2025-12-24 18:28:01.000',131,112,107,'0.320','#fff',NULL,NULL,NULL,'250.00'),
(316,'Chicken Malai Boti','Tasty','360.00','/uploads/upload_1766585428783_898.jpg',78,45,2000,1,'2025-12-24 19:10:29.000','2025-12-24 19:10:29.000',88,82,72,'0.200','#fff',NULL,NULL,NULL,'360.00'),
(317,'Grill Fish','Tasty','850.00','/uploads/upload_1766587173485_765.jpg',78,45,2000,1,'2025-12-24 19:39:33.000','2025-12-24 19:39:33.000',158,129,95,'0.320','#111',NULL,NULL,NULL,'850.00'),
(318,'Damra Fish Broast','Tasty','800.00','/uploads/upload_1766587404751_885.jpg',78,45,2000,1,'2025-12-24 19:43:25.000','2025-12-24 19:43:25.000',157,109,54,'0.320','#fff',NULL,NULL,NULL,'800.00'),
(319,'Chicken Tikka Leg','Tasty','310.00','/uploads/upload_1766587520495_213.jpg',78,45,2000,1,'2025-12-24 19:45:20.000','2025-12-24 19:45:20.000',226,198,187,'0.550','#111',NULL,NULL,NULL,'310.00'),
(320,'Chicken Tikka Chest','Tasty','360.00','/uploads/upload_1766587580390_9.jpg',78,45,2000,1,'2025-12-24 19:46:20.000','2025-12-24 19:46:20.000',160,118,99,'0.320','#fff',NULL,NULL,NULL,'360.00'),
(321,'Beef Seekh Kabab','Tasty','210.00','/uploads/upload_1766587650616_293.jpg',78,45,2000,1,'2025-12-24 19:47:30.000','2025-12-24 19:53:59.000',197,159,106,'0.450','#111',NULL,NULL,NULL,'210.00'),
(322,'Chicken Seekh Kabab','Tasty','160.00','/uploads/upload_1766587721978_509.jpg',78,45,2000,1,'2025-12-24 19:48:42.000','2025-12-24 19:48:42.000',178,142,92,'0.320','#111',NULL,NULL,NULL,'160.00'),
(323,'Tikka Boti Seekh','Tasty','300.00','/uploads/upload_1766587975163_599.jpg',78,45,2000,1,'2025-12-24 19:52:55.000','2025-12-24 19:52:55.000',158,101,75,'0.200','#fff',NULL,NULL,NULL,'300.00'),
(324,'Finger Fish','Tasty','800.00','/uploads/upload_1766588140788_732.jpg',78,45,2000,1,'2025-12-24 19:55:41.000','2025-12-24 19:55:41.000',194,121,45,'0.320','#111',NULL,NULL,NULL,'800.00'),
(325,'Jhali Fish','Tasty','1100.00','/uploads/upload_1766588271009_351.jpg',78,45,2000,1,'2025-12-24 19:57:51.000','2025-12-24 19:57:51.000',196,161,128,'0.450','#111',NULL,NULL,NULL,'1100.00'),
(326,'Naan','Fresh','25.00','/uploads/upload_1766588337299_417.jpg',74,45,2000,1,'2025-12-24 19:58:57.000','2025-12-24 19:58:57.000',167,128,76,'0.320','#111',NULL,NULL,NULL,'25.00'),
(327,'Roti','Fresh','15.00','/uploads/upload_1766588462401_614.jpg',74,45,2000,1,'2025-12-24 20:01:02.000','2025-12-24 20:02:14.000',135,112,102,'0.320','#fff',NULL,NULL,NULL,'15.00'),
(328,'Garam Garam Jalebi','Fresh','120.00','/uploads/upload_1766588931090_316.jpg',NULL,64,2000,1,'2025-12-24 20:08:51.000','2025-12-24 20:08:51.000',178,118,52,'0.320','#fff',NULL,NULL,NULL,'120.00'),
(329,'Vegetable Rice','Tasty','500.00','/uploads/upload_1766590665106_779.jpg',87,23,2000,1,'2025-12-24 20:37:45.000','2025-12-24 20:37:45.000',178,154,143,'0.450','#111',NULL,NULL,NULL,'500.00'),
(330,'Shahi Daal','Tasty','450.00','/uploads/upload_1766590734299_27.jpg',87,23,2000,1,'2025-12-24 20:38:54.000','2025-12-24 20:38:54.000',193,177,133,'0.450','#111',NULL,NULL,NULL,'450.00'),
(331,'Chicken Karahi','Tasty','900.00','/uploads/upload_1766590822886_2.jpg',91,23,2000,1,'2025-12-24 20:40:23.000','2025-12-24 20:40:23.000',167,134,98,'0.320','#111',NULL,NULL,NULL,'900.00'),
(332,'Labnani Kabab','Tasty','260.00','/uploads/upload_1766590966409_882.jpg',87,23,2000,1,'2025-12-24 20:42:46.000','2025-12-24 20:42:46.000',191,161,117,'0.450','#111',NULL,NULL,NULL,'260.00'),
(333,'Malai Boti Seekh','Tasty','300.00','/uploads/upload_1766591014984_236.jpg',87,23,2000,1,'2025-12-24 20:43:35.000','2025-12-24 20:43:35.000',88,82,72,'0.200','#fff',NULL,NULL,NULL,'300.00'),
(334,'Chinese Rice','Tasty','500.00','/uploads/upload_1766591134766_682.jpg',87,23,2000,1,'2025-12-24 20:45:35.000','2025-12-24 20:45:35.000',149,123,92,'0.320','#fff',NULL,NULL,NULL,'500.00'),
(335,'Qalmi Tikka','Tasty','1320.00','/uploads/upload_1766591313174_182.jpg',87,23,2000,1,'2025-12-24 20:48:33.000','2025-12-24 20:48:33.000',146,125,88,'0.320','#fff',NULL,NULL,NULL,'1320.00'),
(336,'Chicken Chilli Dry','Tasty','1500.00','/uploads/upload_1766591478332_953.jpg',87,23,2000,1,'2025-12-24 20:51:18.000','2025-12-24 20:51:18.000',125,106,90,'0.200','#fff',NULL,NULL,NULL,'1500.00'),
(337,'Chicken Seekh Kabab','Tasty','220.00','/uploads/upload_1766591692855_659.jpg',87,23,2000,1,'2025-12-24 20:54:53.000','2025-12-24 20:54:53.000',178,142,92,'0.320','#111',NULL,NULL,NULL,'220.00'),
(338,'Chicken Korma','Tasty','550.00','/uploads/upload_1766592770517_812.jpg',87,23,2000,1,'2025-12-24 21:12:50.000','2025-12-24 21:12:50.000',174,119,88,'0.320','#111',NULL,NULL,NULL,'550.00'),
(339,'Chicken Ginger','Tasty','1500.00','/uploads/upload_1766592986112_208.jpg',87,23,2000,1,'2025-12-24 21:16:26.000','2025-12-24 21:16:26.000',160,107,80,'0.320','#fff',NULL,NULL,NULL,'1500.00'),
(340,'Chicken Hari Mirch Karahi','Tasty','900.00','/uploads/upload_1766593065165_871.jpg',87,23,2000,1,'2025-12-24 21:17:45.000','2025-12-24 21:17:45.000',178,138,62,'0.320','#111',NULL,NULL,NULL,'900.00'),
(341,'Roti','Fresh & Hot','15.00','/uploads/upload_1766593125995_121.jpg',74,23,2000,1,'2025-12-24 21:18:46.000','2025-12-24 21:18:46.000',135,112,102,'0.320','#fff',NULL,NULL,NULL,'15.00'),
(342,'Chicken Shah Jahani','Tasty','1600.00','/uploads/upload_1766593228564_207.jpg',87,23,2000,1,'2025-12-24 21:20:28.000','2025-12-24 21:20:28.000',178,138,64,'0.320','#111',NULL,NULL,NULL,'1600.00'),
(343,'Chicken Onion','Tasty','1150.00','/uploads/upload_1766593321348_93.jpg',87,23,2000,1,'2025-12-24 21:22:01.000','2025-12-24 21:22:01.000',157,112,75,'0.320','#fff',NULL,NULL,NULL,'1150.00'),
(344,'Chicken Shashilk Rice','Tasty','1300.00','/uploads/upload_1766593460473_212.jpg',87,23,2000,1,'2025-12-24 21:24:20.000','2025-12-24 21:24:20.000',160,116,80,'0.320','#fff',NULL,NULL,NULL,'1300.00'),
(345,'Chicken Garlic Sauce','Tasty','1200.00','/uploads/upload_1766593578212_586.jpg',87,23,2000,1,'2025-12-24 21:26:18.000','2025-12-24 21:26:18.000',127,98,59,'0.200','#fff',NULL,NULL,NULL,'1200.00'),
(346,'Chicken Almond','Tasty','1250.00','/uploads/upload_1766593705032_340.jpg',87,23,2000,1,'2025-12-24 21:28:25.000','2025-12-24 21:28:25.000',186,167,138,'0.450','#111',NULL,NULL,NULL,'1250.00'),
(347,'Chicken Manchurian Rice','Tasty','1200.00','/uploads/upload_1766593876846_866.jpg',87,23,2000,1,'2025-12-24 21:31:17.000','2025-12-24 21:31:17.000',162,87,39,'0.200','#fff',NULL,NULL,NULL,'1200.00'),
(348,'Aghosh Special Nawabi Handi','Tasty','1100.00','/uploads/upload_1766594027204_275.jpg',87,23,2000,1,'2025-12-24 21:33:47.000','2025-12-24 21:33:47.000',119,63,40,'0.200','#fff',NULL,NULL,NULL,'1100.00'),
(349,'Chicken Methi With Bone','Tasty','950.00','/uploads/upload_1766594157615_42.jpg',87,23,2000,1,'2025-12-24 21:35:57.000','2025-12-24 21:35:57.000',172,126,61,'0.320','#111',NULL,NULL,NULL,'950.00'),
(350,'Chicken Achari Handi','Tasty','1100.00','/uploads/upload_1766594292991_343.jpg',87,23,2000,1,'2025-12-24 21:38:13.000','2025-12-24 21:38:13.000',155,121,66,'0.320','#fff',NULL,NULL,NULL,'1100.00'),
(351,'Chicken Madrasi Handi','Tasty','1100.00','/uploads/upload_1766594720410_387.jpg',87,23,2000,1,'2025-12-24 21:45:21.000','2025-12-24 21:45:21.000',181,165,146,'0.450','#111',NULL,NULL,NULL,'1100.00');

DROP TABLE IF EXISTS `product_size_prices`;
CREATE TABLE `product_size_prices` (
  `id` int(11) NOT NULL AUTO_INCREMENT,
  `product_id` int(11) NOT NULL,
  `size_id` int(11) DEFAULT NULL,
  `unit_id` int(11) DEFAULT NULL,
  `price` decimal(10,2) NOT NULL,
  `cost_price` decimal(10,2) DEFAULT NULL,
  `sort_order` int(11) DEFAULT 0,
  `created_at` timestamp NOT NULL DEFAULT current_timestamp(),
  PRIMARY KEY (`id`),
  UNIQUE KEY `uq_product_size` (`product_id`,`size_id`),
  KEY `idx_psp_product` (`product_id`),
  KEY `idx_psp_size` (`size_id`),
  KEY `idx_psp_unit` (`unit_id`),
  CONSTRAINT `fk_psp_product` FOREIGN KEY (`product_id`) REFERENCES `products` (`id`) ON DELETE CASCADE,
  CONSTRAINT `fk_psp_size` FOREIGN KEY (`size_id`) REFERENCES `sizes` (`id`) ON DELETE CASCADE,
  CONSTRAINT `fk_psp_unit` FOREIGN KEY (`unit_id`) REFERENCES `units` (`id`) ON DELETE SET NULL
) ENGINE=InnoDB AUTO_INCREMENT=507 DEFAULT CHARSET=utf8mb4 COLLATE=utf8mb4_general_ci;

INSERT INTO `product_size_prices` (`id`, `product_id`, `size_id`, `unit_id`, `price`, `cost_price`, `sort_order`, `created_at`) VALUES
(5,133,15,33,'123.45',NULL,0,'2025-12-23 03:15:42.000'),
(6,133,19,33,'234.56',NULL,1,'2025-12-23 03:15:42.000'),
(7,134,NULL,33,'255.00','229.50',0,'2025-12-23 04:32:45.000'),
(8,134,NULL,36,'480.00','432.00',1,'2025-12-23 04:32:45.000'),
(9,134,NULL,1,'1100.00','990.00',2,'2025-12-23 04:32:45.000'),
(18,138,NULL,38,'660.00','660.00',0,'2025-12-23 12:05:22.000'),
(19,138,NULL,39,'330.00','330.00',1,'2025-12-23 12:05:22.000'),
(20,139,NULL,38,'440.00','440.00',0,'2025-12-23 12:08:14.000'),
(21,139,NULL,39,'220.00','220.00',1,'2025-12-23 12:08:14.000'),
(22,140,24,NULL,'330.00','330.00',0,'2025-12-23 12:14:57.000'),
(23,141,24,NULL,'380.00','380.00',0,'2025-12-23 12:16:12.000'),
(24,142,24,NULL,'400.00','400.00',0,'2025-12-23 12:17:16.000'),
(25,143,24,NULL,'25.00','25.00',0,'2025-12-23 12:18:09.000'),
(26,144,23,NULL,'18.00','18.00',0,'2025-12-23 12:19:14.000'),
(28,145,15,NULL,'70.00','70.00',0,'2025-12-23 12:25:16.000'),
(29,145,19,NULL,'120.00','120.00',1,'2025-12-23 12:25:16.000'),
(30,145,20,NULL,'200.00','200.00',2,'2025-12-23 12:25:16.000'),
(31,145,22,NULL,'400.00','400.00',3,'2025-12-23 12:25:16.000'),
(32,146,NULL,40,'80.00','80.00',0,'2025-12-23 12:32:45.000'),
(33,146,NULL,41,'160.00','160.00',1,'2025-12-23 12:32:45.000'),
(34,147,NULL,40,'80.00','80.00',0,'2025-12-23 12:35:28.000'),
(35,147,NULL,41,'160.00','160.00',1,'2025-12-23 12:35:28.000'),
(36,148,NULL,40,'80.00','80.00',0,'2025-12-23 12:37:34.000'),
(37,148,NULL,41,'160.00','160.00',1,'2025-12-23 12:37:34.000'),
(38,149,NULL,41,'250.00','250.00',0,'2025-12-23 12:39:43.000'),
(39,150,NULL,41,'400.00','400.00',0,'2025-12-23 12:41:22.000'),
(40,151,NULL,40,'80.00','80.00',0,'2025-12-23 12:42:35.000'),
(41,151,NULL,41,'160.00','160.00',1,'2025-12-23 12:42:35.000'),
(42,152,23,NULL,'50.00','50.00',0,'2025-12-23 12:46:06.000'),
(43,153,24,NULL,'50.00','50.00',0,'2025-12-23 12:47:34.000'),
(44,154,23,NULL,'20.00','20.00',0,'2025-12-23 12:48:21.000'),
(46,156,24,NULL,'1120.00','1120.00',0,'2025-12-23 12:53:19.000'),
(47,157,NULL,33,'250.00','250.00',0,'2025-12-23 12:55:27.000'),
(48,157,NULL,36,'500.00','500.00',1,'2025-12-23 12:55:27.000'),
(49,158,NULL,36,'700.00','700.00',0,'2025-12-23 12:58:19.000'),
(50,158,NULL,1,'1400.00','1400.00',1,'2025-12-23 12:58:19.000'),
(51,159,23,NULL,'130.00','130.00',0,'2025-12-23 13:00:25.000'),
(52,160,NULL,40,'800.00','800.00',0,'2025-12-23 13:03:20.000'),
(53,160,NULL,41,'1600.00','1600.00',1,'2025-12-23 13:03:20.000'),
(54,161,NULL,36,'950.00','950.00',0,'2025-12-23 13:06:09.000'),
(55,161,NULL,1,'2000.00','2000.00',1,'2025-12-23 13:06:09.000'),
(60,163,NULL,36,'900.00','900.00',0,'2025-12-23 13:13:10.000'),
(61,163,NULL,1,'1800.00','1800.00',1,'2025-12-23 13:13:10.000'),
(62,164,NULL,40,'850.00','850.00',0,'2025-12-23 13:16:02.000'),
(63,164,NULL,41,'1700.00','1700.00',1,'2025-12-23 13:16:02.000'),
(64,165,NULL,41,'850.00','850.00',0,'2025-12-23 14:54:26.000'),
(65,166,NULL,33,'480.00','480.00',0,'2025-12-23 14:56:54.000'),
(66,166,NULL,36,'820.00','820.00',1,'2025-12-23 14:56:54.000'),
(67,166,NULL,1,'1600.00','1600.00',2,'2025-12-23 14:56:54.000'),
(68,167,NULL,33,'425.00','425.00',0,'2025-12-23 15:01:02.000'),
(69,167,NULL,36,'750.00','750.00',1,'2025-12-23 15:01:02.000'),
(70,167,NULL,35,'1100.00','1100.00',2,'2025-12-23 15:01:02.000'),
(71,167,NULL,1,'1460.00','1460.00',3,'2025-12-23 15:01:02.000'),
(73,169,24,NULL,'330.00','330.00',0,'2025-12-23 15:03:17.000'),
(74,170,24,NULL,'380.00','380.00',0,'2025-12-23 15:04:52.000'),
(75,171,NULL,40,'180.00','180.00',0,'2025-12-23 15:07:02.000'),
(76,171,NULL,41,'350.00','350.00',1,'2025-12-23 15:07:02.000'),
(77,172,NULL,40,'450.00','450.00',0,'2025-12-23 15:09:08.000'),
(78,172,NULL,41,'750.00','750.00',1,'2025-12-23 15:09:08.000'),
(79,173,28,NULL,'300.00','300.00',0,'2025-12-23 15:12:05.000'),
(80,174,NULL,41,'300.00','300.00',0,'2025-12-23 15:14:35.000'),
(81,175,NULL,40,'480.00','480.00',0,'2025-12-23 15:17:14.000'),
(82,175,NULL,41,'800.00','800.00',1,'2025-12-23 15:17:14.000'),
(83,176,NULL,40,'450.00','450.00',0,'2025-12-23 15:22:38.000'),
(84,176,NULL,41,'750.00','750.00',1,'2025-12-23 15:22:38.000'),
(92,183,15,NULL,'70.00','70.00',0,'2025-12-23 16:51:08.000'),
(93,183,19,NULL,'120.00','120.00',1,'2025-12-23 16:51:08.000'),
(94,183,20,NULL,'180.00','180.00',2,'2025-12-23 16:51:08.000'),
(95,183,21,NULL,'240.00','240.00',3,'2025-12-23 16:51:08.000'),
(96,184,24,NULL,'50.00','50.00',0,'2025-12-23 16:53:14.000'),
(97,185,24,NULL,'50.00','50.00',0,'2025-12-23 16:54:27.000'),
(98,186,24,NULL,'80.00','80.00',0,'2025-12-23 16:55:49.000'),
(101,187,NULL,34,'700.00','700.00',0,'2025-12-23 17:04:52.000'),
(102,187,NULL,1,'1300.00','1300.00',1,'2025-12-23 17:04:52.000'),
(103,188,23,NULL,'320.00','320.00',0,'2025-12-23 17:06:49.000'),
(104,189,23,NULL,'280.00','280.00',0,'2025-12-23 17:08:14.000'),
(105,190,24,NULL,'150.00','150.00',0,'2025-12-23 17:10:03.000'),
(106,191,24,NULL,'280.00','280.00',0,'2025-12-23 17:12:27.000'),
(107,192,24,NULL,'270.00','270.00',0,'2025-12-23 17:13:38.000'),
(108,193,24,NULL,'200.00','200.00',0,'2025-12-23 17:15:05.000'),
(109,194,24,NULL,'150.00','150.00',0,'2025-12-23 17:15:54.000'),
(110,195,24,NULL,'150.00','150.00',0,'2025-12-23 17:18:33.000'),
(112,197,NULL,33,'180.00','180.00',0,'2025-12-23 17:23:48.000'),
(113,197,NULL,36,'350.00','350.00',1,'2025-12-23 17:23:48.000'),
(114,197,NULL,35,'520.00','520.00',2,'2025-12-23 17:23:48.000'),
(115,197,NULL,1,'700.00','700.00',3,'2025-12-23 17:23:48.000'),
(116,198,NULL,42,'750.00','750.00',0,'2025-12-23 17:52:50.000'),
(117,198,NULL,43,'1500.00','1500.00',1,'2025-12-23 17:52:50.000'),
(118,199,NULL,42,'850.00','850.00',0,'2025-12-23 17:59:57.000'),
(119,199,NULL,43,'1700.00','1700.00',1,'2025-12-23 17:59:57.000'),
(120,200,NULL,42,'850.00','850.00',0,'2025-12-23 17:59:59.000'),
(121,200,NULL,43,'1700.00','1700.00',1,'2025-12-23 17:59:59.000'),
(122,201,24,NULL,'150.00','150.00',0,'2025-12-23 18:01:51.000'),
(127,203,NULL,33,'250.00','250.00',0,'2025-12-23 18:15:04.000'),
(128,203,NULL,36,'500.00','500.00',1,'2025-12-23 18:15:04.000'),
(129,203,NULL,35,'750.00','750.00',2,'2025-12-23 18:15:04.000'),
(130,203,NULL,1,'1000.00','1000.00',3,'2025-12-23 18:15:04.000'),
(131,204,NULL,33,'250.00','250.00',0,'2025-12-23 18:18:09.000'),
(132,204,NULL,36,'500.00','500.00',1,'2025-12-23 18:18:09.000'),
(133,204,NULL,35,'750.00','750.00',2,'2025-12-23 18:18:09.000');
INSERT INTO `product_size_prices` (`id`, `product_id`, `size_id`, `unit_id`, `price`, `cost_price`, `sort_order`, `created_at`) VALUES
(134,204,NULL,1,'1000.00','1000.00',3,'2025-12-23 18:18:09.000'),
(135,205,NULL,33,'250.00','250.00',0,'2025-12-23 18:19:32.000'),
(136,205,NULL,36,'500.00','500.00',1,'2025-12-23 18:19:32.000'),
(137,205,NULL,35,'750.00','750.00',2,'2025-12-23 18:19:32.000'),
(138,205,NULL,1,'1000.00','1000.00',3,'2025-12-23 18:19:32.000'),
(139,206,NULL,33,'250.00','250.00',0,'2025-12-23 18:19:32.000'),
(140,206,NULL,36,'500.00','500.00',1,'2025-12-23 18:19:32.000'),
(141,206,NULL,35,'750.00','750.00',2,'2025-12-23 18:19:32.000'),
(142,206,NULL,1,'1000.00','1000.00',3,'2025-12-23 18:19:32.000'),
(147,208,15,NULL,'150.00','150.00',0,'2025-12-23 18:26:04.000'),
(148,208,19,NULL,'280.00','280.00',1,'2025-12-23 18:26:04.000'),
(149,209,NULL,33,'200.00','200.00',0,'2025-12-23 18:29:41.000'),
(150,209,NULL,36,'400.00','400.00',1,'2025-12-23 18:29:41.000'),
(151,209,NULL,35,'600.00','600.00',2,'2025-12-23 18:29:41.000'),
(152,209,NULL,1,'800.00','800.00',3,'2025-12-23 18:29:41.000'),
(153,210,NULL,33,'180.00','180.00',0,'2025-12-23 18:33:19.000'),
(154,210,NULL,36,'350.00','350.00',1,'2025-12-23 18:33:19.000'),
(155,210,NULL,1,'700.00','700.00',2,'2025-12-23 18:33:19.000'),
(156,211,NULL,33,'250.00','250.00',0,'2025-12-23 18:35:06.000'),
(157,211,NULL,36,'500.00','500.00',1,'2025-12-23 18:35:06.000'),
(158,211,NULL,35,'750.00','750.00',2,'2025-12-23 18:35:06.000'),
(159,211,NULL,1,'1000.00','1000.00',3,'2025-12-23 18:35:06.000'),
(160,212,NULL,33,'250.00','250.00',0,'2025-12-23 18:38:01.000'),
(161,212,NULL,36,'500.00','500.00',1,'2025-12-23 18:38:01.000'),
(162,212,NULL,35,'750.00','750.00',2,'2025-12-23 18:38:01.000'),
(163,212,NULL,1,'1000.00','1000.00',3,'2025-12-23 18:38:01.000'),
(164,213,NULL,33,'200.00','200.00',0,'2025-12-23 18:40:39.000'),
(165,213,NULL,36,'400.00','400.00',1,'2025-12-23 18:40:39.000'),
(166,213,NULL,35,'600.00','600.00',2,'2025-12-23 18:40:39.000'),
(167,213,NULL,1,'800.00','800.00',3,'2025-12-23 18:40:39.000'),
(168,214,NULL,33,'250.00','250.00',0,'2025-12-23 18:43:32.000'),
(169,214,NULL,36,'500.00','500.00',1,'2025-12-23 18:43:32.000'),
(170,214,NULL,35,'750.00','750.00',2,'2025-12-23 18:43:32.000'),
(171,214,NULL,1,'1000.00','1000.00',3,'2025-12-23 18:43:32.000'),
(176,216,NULL,33,'250.00','250.00',0,'2025-12-23 18:49:59.000'),
(177,216,NULL,36,'500.00','500.00',1,'2025-12-23 18:49:59.000'),
(178,216,NULL,35,'750.00','750.00',2,'2025-12-23 18:49:59.000'),
(179,216,NULL,1,'1000.00','1000.00',3,'2025-12-23 18:49:59.000'),
(180,217,NULL,33,'300.00','300.00',0,'2025-12-23 18:52:55.000'),
(181,217,NULL,36,'600.00','600.00',1,'2025-12-23 18:52:55.000'),
(182,217,NULL,35,'900.00','900.00',2,'2025-12-23 18:52:55.000'),
(183,217,NULL,1,'1200.00','1200.00',3,'2025-12-23 18:52:55.000'),
(184,215,NULL,33,'300.00','300.00',0,'2025-12-23 18:53:36.000'),
(185,215,NULL,36,'600.00','600.00',1,'2025-12-23 18:53:36.000'),
(186,215,NULL,35,'900.00','900.00',2,'2025-12-23 18:53:36.000'),
(187,215,NULL,1,'1200.00','1200.00',3,'2025-12-23 18:53:36.000'),
(188,207,NULL,33,'300.00','300.00',0,'2025-12-23 18:54:33.000'),
(189,207,NULL,36,'600.00','600.00',1,'2025-12-23 18:54:33.000'),
(190,207,NULL,35,'900.00','900.00',2,'2025-12-23 18:54:33.000'),
(191,207,NULL,1,'1200.00','1200.00',3,'2025-12-23 18:54:33.000'),
(192,218,NULL,33,'300.00','300.00',0,'2025-12-23 18:57:50.000'),
(193,218,NULL,36,'600.00','600.00',1,'2025-12-23 18:57:50.000'),
(194,218,NULL,35,'900.00','900.00',2,'2025-12-23 18:57:50.000'),
(195,218,NULL,1,'1200.00','1200.00',3,'2025-12-23 18:57:50.000'),
(196,219,NULL,33,'100.00','100.00',0,'2025-12-23 19:00:58.000'),
(197,219,NULL,36,'200.00','200.00',1,'2025-12-23 19:00:58.000'),
(198,219,NULL,35,'300.00','300.00',2,'2025-12-23 19:00:58.000'),
(199,219,NULL,1,'400.00','400.00',3,'2025-12-23 19:00:58.000'),
(203,223,NULL,33,'450.00','450.00',0,'2025-12-23 19:41:13.000'),
(204,223,NULL,36,'800.00','800.00',1,'2025-12-23 19:41:13.000'),
(205,223,NULL,1,'1600.00','1600.00',2,'2025-12-23 19:41:13.000'),
(208,225,24,NULL,'330.00','330.00',0,'2025-12-23 19:47:43.000'),
(209,226,23,NULL,'380.00','380.00',0,'2025-12-23 19:48:34.000'),
(210,227,23,NULL,'400.00','400.00',0,'2025-12-23 19:49:58.000'),
(214,231,NULL,41,'50.00','50.00',0,'2025-12-23 19:56:04.000'),
(215,232,NULL,39,'100.00','100.00',0,'2025-12-23 20:08:39.000'),
(216,232,NULL,38,'180.00','180.00',1,'2025-12-23 20:08:39.000'),
(217,233,15,NULL,'100.00','100.00',0,'2025-12-23 20:11:29.000'),
(218,233,20,NULL,'150.00','150.00',1,'2025-12-23 20:11:29.000'),
(219,234,15,NULL,'100.00','100.00',0,'2025-12-23 20:11:31.000'),
(220,234,20,NULL,'150.00','150.00',1,'2025-12-23 20:11:31.000'),
(221,235,15,NULL,'180.00','180.00',0,'2025-12-23 20:13:58.000'),
(222,235,19,NULL,'250.00','250.00',1,'2025-12-23 20:13:58.000'),
(223,235,20,NULL,'300.00','300.00',2,'2025-12-23 20:13:58.000'),
(224,236,NULL,40,'650.00','650.00',0,'2025-12-23 20:23:57.000'),
(225,236,NULL,41,'1300.00','1300.00',1,'2025-12-23 20:23:57.000'),
(226,237,NULL,41,'150.00','150.00',0,'2025-12-23 20:25:38.000'),
(227,238,24,NULL,'40.00','40.00',0,'2025-12-23 20:27:17.000'),
(228,239,24,NULL,'30.00','30.00',0,'2025-12-23 20:29:09.000'),
(229,240,NULL,41,'150.00','150.00',0,'2025-12-23 20:30:37.000'),
(230,241,23,NULL,'10.00','10.00',0,'2025-12-23 20:32:38.000'),
(231,242,24,NULL,'310.00','310.00',0,'2025-12-23 21:24:25.000'),
(232,243,24,NULL,'360.00','360.00',0,'2025-12-23 21:25:09.000'),
(233,244,24,NULL,'1150.00','1150.00',0,'2025-12-23 21:26:05.000'),
(234,245,24,NULL,'100.00','100.00',0,'2025-12-23 21:27:01.000'),
(235,246,24,NULL,'170.00','170.00',0,'2025-12-23 21:27:49.000'),
(236,247,48,NULL,'60.00','60.00',0,'2025-12-24 11:58:44.000'),
(237,247,44,NULL,'120.00','120.00',1,'2025-12-24 11:58:44.000'),
(238,247,49,NULL,'170.00','170.00',2,'2025-12-24 11:58:44.000'),
(239,247,53,NULL,'240.00','240.00',3,'2025-12-24 11:58:44.000'),
(240,248,47,NULL,'60.00','60.00',0,'2025-12-24 11:59:58.000'),
(241,248,44,NULL,'120.00','120.00',1,'2025-12-24 11:59:58.000'),
(242,248,46,NULL,'170.00','170.00',2,'2025-12-24 11:59:58.000'),
(243,248,53,NULL,'240.00','240.00',3,'2025-12-24 11:59:58.000'),
(244,249,24,NULL,'40.00','40.00',0,'2025-12-24 12:01:12.000'),
(245,250,23,NULL,'25.00','25.00',0,'2025-12-24 12:02:01.000'),
(246,251,47,NULL,'120.00','120.00',0,'2025-12-24 12:07:10.000'),
(247,251,52,NULL,'170.00','170.00',1,'2025-12-24 12:07:10.000'),
(248,251,49,NULL,'240.00','240.00',2,'2025-12-24 12:07:10.000'),
(249,252,47,NULL,'120.00','120.00',0,'2025-12-24 12:08:16.000');
INSERT INTO `product_size_prices` (`id`, `product_id`, `size_id`, `unit_id`, `price`, `cost_price`, `sort_order`, `created_at`) VALUES
(250,252,49,NULL,'170.00','170.00',1,'2025-12-24 12:08:16.000'),
(251,253,23,NULL,'60.00','60.00',0,'2025-12-24 12:12:55.000'),
(252,254,24,NULL,'50.00','50.00',0,'2025-12-24 12:14:13.000'),
(253,255,23,NULL,'50.00','50.00',0,'2025-12-24 12:15:45.000'),
(254,256,24,NULL,'100.00','100.00',0,'2025-12-24 12:16:55.000'),
(261,257,NULL,48,'90.00','90.00',0,'2025-12-24 13:24:11.000'),
(262,257,NULL,44,'120.00','120.00',1,'2025-12-24 13:24:11.000'),
(263,257,NULL,32,'180.00','180.00',2,'2025-12-24 13:24:11.000'),
(264,257,NULL,45,'200.00','200.00',3,'2025-12-24 13:24:11.000'),
(265,257,NULL,46,'220.00','220.00',4,'2025-12-24 13:24:11.000'),
(266,257,NULL,47,'250.00','250.00',5,'2025-12-24 13:24:11.000'),
(267,258,NULL,48,'90.00','90.00',0,'2025-12-24 13:26:59.000'),
(268,258,NULL,44,'120.00','120.00',1,'2025-12-24 13:26:59.000'),
(269,258,NULL,32,'180.00','180.00',2,'2025-12-24 13:26:59.000'),
(270,258,NULL,45,'200.00','200.00',3,'2025-12-24 13:26:59.000'),
(271,258,NULL,46,'220.00','220.00',4,'2025-12-24 13:26:59.000'),
(272,258,NULL,47,'250.00','250.00',5,'2025-12-24 13:26:59.000'),
(273,259,NULL,48,'90.00','90.00',0,'2025-12-24 13:28:49.000'),
(274,259,NULL,32,'180.00','180.00',1,'2025-12-24 13:28:49.000'),
(275,259,NULL,45,'200.00','200.00',2,'2025-12-24 13:28:49.000'),
(276,260,NULL,32,'180.00','180.00',0,'2025-12-24 13:30:13.000'),
(277,260,NULL,45,'200.00','200.00',1,'2025-12-24 13:30:13.000'),
(278,261,NULL,48,'90.00','90.00',0,'2025-12-24 13:31:50.000'),
(279,261,NULL,44,'140.00','140.00',1,'2025-12-24 13:31:50.000'),
(280,262,NULL,48,'90.00','90.00',0,'2025-12-24 13:33:57.000'),
(281,262,NULL,32,'180.00','180.00',1,'2025-12-24 13:33:57.000'),
(282,262,NULL,45,'200.00','200.00',2,'2025-12-24 13:33:57.000'),
(283,263,NULL,48,'80.00','80.00',0,'2025-12-24 13:35:41.000'),
(284,263,NULL,32,'140.00','140.00',1,'2025-12-24 13:35:41.000'),
(285,263,NULL,45,'190.00','190.00',2,'2025-12-24 13:35:41.000'),
(286,263,NULL,47,'230.00','230.00',3,'2025-12-24 13:35:41.000'),
(287,264,NULL,48,'80.00','80.00',0,'2025-12-24 13:37:58.000'),
(288,264,NULL,32,'150.00','150.00',1,'2025-12-24 13:37:58.000'),
(289,264,NULL,45,'190.00','190.00',2,'2025-12-24 13:37:58.000'),
(290,264,NULL,47,'240.00','240.00',3,'2025-12-24 13:37:58.000'),
(293,265,NULL,44,'80.00','80.00',0,'2025-12-24 13:42:28.000'),
(294,265,NULL,45,'130.00','130.00',1,'2025-12-24 13:42:28.000'),
(295,265,NULL,49,'300.00','300.00',2,'2025-12-24 13:42:28.000'),
(296,266,NULL,50,'550.00','550.00',0,'2025-12-24 13:48:28.000'),
(297,267,NULL,50,'120.00','120.00',0,'2025-12-24 13:51:15.000'),
(298,268,NULL,50,'120.00','120.00',0,'2025-12-24 13:53:09.000'),
(299,269,NULL,50,'120.00','120.00',0,'2025-12-24 13:54:26.000'),
(300,270,NULL,50,'120.00','120.00',0,'2025-12-24 13:55:23.000'),
(301,271,NULL,50,'120.00','120.00',0,'2025-12-24 13:57:28.000'),
(302,272,24,NULL,'300.00','300.00',0,'2025-12-24 14:00:43.000'),
(303,273,23,NULL,'60.00','60.00',0,'2025-12-24 14:01:52.000'),
(304,274,23,NULL,'60.00','60.00',0,'2025-12-24 14:02:54.000'),
(305,275,24,NULL,'40.00','40.00',0,'2025-12-24 14:04:05.000'),
(306,276,39,NULL,'50.00','50.00',0,'2025-12-24 14:06:04.000'),
(307,277,31,NULL,'350.00','350.00',0,'2025-12-24 14:07:10.000'),
(308,278,24,NULL,'130.00','130.00',0,'2025-12-24 14:08:44.000'),
(309,279,23,NULL,'130.00','130.00',0,'2025-12-24 14:09:44.000'),
(310,280,32,NULL,'200.00','200.00',0,'2025-12-24 14:11:19.000'),
(311,281,31,NULL,'250.00','250.00',0,'2025-12-24 14:12:14.000'),
(313,202,NULL,33,'200.00','200.00',0,'2025-12-24 14:55:48.000'),
(314,202,NULL,36,'400.00','400.00',1,'2025-12-24 14:55:48.000'),
(315,202,NULL,35,'600.00','600.00',2,'2025-12-24 14:55:48.000'),
(316,202,NULL,1,'800.00','800.00',3,'2025-12-24 14:55:48.000'),
(317,283,NULL,36,'275.00','275.00',0,'2025-12-24 15:00:21.000'),
(318,283,NULL,1,'550.00','550.00',1,'2025-12-24 15:00:21.000'),
(319,284,24,NULL,'140.00','140.00',0,'2025-12-24 15:03:31.000'),
(320,285,23,NULL,'140.00','140.00',0,'2025-12-24 15:05:06.000'),
(321,286,NULL,33,'250.00','250.00',0,'2025-12-24 16:06:42.000'),
(322,286,NULL,36,'500.00','500.00',1,'2025-12-24 16:06:42.000'),
(323,286,NULL,1,'1000.00','1000.00',2,'2025-12-24 16:06:42.000'),
(324,287,NULL,33,'400.00','400.00',0,'2025-12-24 16:09:32.000'),
(325,287,NULL,36,'800.00','800.00',1,'2025-12-24 16:09:32.000'),
(326,287,NULL,35,'1200.00','1200.00',2,'2025-12-24 16:09:32.000'),
(327,287,NULL,1,'1600.00','1600.00',3,'2025-12-24 16:09:32.000'),
(328,288,NULL,33,'230.00','230.00',0,'2025-12-24 16:21:54.000'),
(329,288,NULL,36,'450.00','450.00',1,'2025-12-24 16:21:54.000'),
(330,288,NULL,35,'675.00','675.00',2,'2025-12-24 16:21:54.000'),
(331,288,NULL,1,'900.00','900.00',3,'2025-12-24 16:21:54.000'),
(332,289,24,NULL,'120.00','120.00',0,'2025-12-24 16:24:48.000'),
(333,290,NULL,33,'250.00','250.00',0,'2025-12-24 16:27:35.000'),
(334,290,NULL,36,'500.00','500.00',1,'2025-12-24 16:27:35.000'),
(335,290,NULL,35,'675.00','675.00',2,'2025-12-24 16:27:35.000'),
(336,290,NULL,1,'900.00','900.00',3,'2025-12-24 16:27:35.000'),
(337,291,NULL,33,'330.00','330.00',0,'2025-12-24 16:29:19.000'),
(338,291,NULL,36,'650.00','650.00',1,'2025-12-24 16:29:19.000'),
(339,291,NULL,35,'980.00','980.00',2,'2025-12-24 16:29:19.000'),
(340,291,NULL,1,'1300.00','1300.00',3,'2025-12-24 16:29:19.000'),
(341,292,NULL,33,'280.00','280.00',0,'2025-12-24 16:31:22.000'),
(342,292,NULL,36,'550.00','550.00',1,'2025-12-24 16:31:22.000'),
(343,292,NULL,35,'830.00','830.00',2,'2025-12-24 16:31:22.000'),
(344,292,NULL,1,'1100.00','1100.00',3,'2025-12-24 16:31:22.000'),
(345,293,NULL,33,'160.00','160.00',0,'2025-12-24 16:37:47.000'),
(346,293,NULL,36,'280.00','280.00',1,'2025-12-24 16:37:47.000'),
(347,293,NULL,1,'560.00','560.00',2,'2025-12-24 16:37:47.000'),
(348,294,NULL,33,'240.00','240.00',0,'2025-12-24 16:39:58.000'),
(349,294,NULL,36,'480.00','480.00',1,'2025-12-24 16:39:58.000'),
(350,294,NULL,35,'720.00','720.00',2,'2025-12-24 16:39:58.000'),
(351,294,NULL,1,'950.00','950.00',3,'2025-12-24 16:39:58.000'),
(353,155,23,NULL,'15.00','15.00',0,'2025-12-24 16:43:36.000'),
(354,295,15,NULL,'110.00','110.00',0,'2025-12-24 16:43:49.000'),
(355,295,20,NULL,'170.00','170.00',1,'2025-12-24 16:43:49.000'),
(356,296,NULL,44,'160.00','160.00',0,'2025-12-24 16:45:21.000'),
(357,297,NULL,33,'280.00','280.00',0,'2025-12-24 16:46:43.000'),
(358,297,NULL,36,'550.00','550.00',1,'2025-12-24 16:46:43.000'),
(359,297,NULL,35,'830.00','830.00',2,'2025-12-24 16:46:43.000');
INSERT INTO `product_size_prices` (`id`, `product_id`, `size_id`, `unit_id`, `price`, `cost_price`, `sort_order`, `created_at`) VALUES
(360,298,NULL,33,'230.00','230.00',0,'2025-12-24 16:49:16.000'),
(361,298,NULL,36,'450.00','450.00',1,'2025-12-24 16:49:16.000'),
(362,298,NULL,35,'680.00','680.00',2,'2025-12-24 16:49:16.000'),
(363,298,NULL,1,'850.00','850.00',3,'2025-12-24 16:49:16.000'),
(364,299,NULL,42,'750.00','750.00',0,'2025-12-24 16:50:49.000'),
(365,300,15,NULL,'180.00','180.00',0,'2025-12-24 16:52:56.000'),
(366,301,NULL,51,'230.00','230.00',0,'2025-12-24 16:57:04.000'),
(367,302,NULL,33,'140.00','140.00',0,'2025-12-24 16:59:16.000'),
(368,302,NULL,36,'280.00','280.00',1,'2025-12-24 16:59:16.000'),
(369,302,NULL,1,'550.00','550.00',2,'2025-12-24 16:59:16.000'),
(371,303,NULL,33,'150.00','150.00',0,'2025-12-24 17:01:12.000'),
(372,303,NULL,36,'300.00','300.00',1,'2025-12-24 17:01:12.000'),
(373,303,NULL,35,'450.00','450.00',2,'2025-12-24 17:01:12.000'),
(374,303,NULL,1,'600.00','600.00',3,'2025-12-24 17:01:12.000'),
(376,304,NULL,33,'350.00','350.00',0,'2025-12-24 17:03:30.000'),
(377,304,NULL,36,'700.00','700.00',1,'2025-12-24 17:03:30.000'),
(378,304,NULL,35,'1050.00','1050.00',2,'2025-12-24 17:03:30.000'),
(379,304,NULL,1,'1400.00','1400.00',3,'2025-12-24 17:03:30.000'),
(380,224,NULL,36,'1200.00','1200.00',0,'2025-12-24 17:04:13.000'),
(381,224,NULL,1,'2400.00','2400.00',1,'2025-12-24 17:04:13.000'),
(382,305,NULL,33,'300.00','300.00',0,'2025-12-24 17:05:56.000'),
(383,305,NULL,36,'600.00','600.00',1,'2025-12-24 17:05:56.000'),
(384,305,NULL,35,'900.00','900.00',2,'2025-12-24 17:05:56.000'),
(385,305,NULL,1,'1200.00','1200.00',3,'2025-12-24 17:05:56.000'),
(386,306,NULL,33,'350.00','350.00',0,'2025-12-24 17:07:44.000'),
(387,306,NULL,36,'700.00','700.00',1,'2025-12-24 17:07:44.000'),
(388,306,NULL,35,'1050.00','1050.00',2,'2025-12-24 17:07:44.000'),
(389,306,NULL,1,'1400.00','1400.00',3,'2025-12-24 17:07:44.000'),
(390,307,NULL,33,'350.00','350.00',0,'2025-12-24 17:09:22.000'),
(391,307,NULL,36,'700.00','700.00',1,'2025-12-24 17:09:22.000'),
(392,307,NULL,35,'1050.00','1050.00',2,'2025-12-24 17:09:22.000'),
(393,307,NULL,1,'1400.00','1400.00',3,'2025-12-24 17:09:22.000'),
(394,228,NULL,33,'300.00','300.00',0,'2025-12-24 17:11:39.000'),
(395,230,NULL,41,'50.00','50.00',0,'2025-12-24 17:12:07.000'),
(396,308,NULL,33,'300.00','300.00',0,'2025-12-24 17:12:10.000'),
(397,308,NULL,36,'600.00','600.00',1,'2025-12-24 17:12:10.000'),
(398,308,NULL,35,'900.00','900.00',2,'2025-12-24 17:12:10.000'),
(399,308,NULL,1,'1200.00','1200.00',3,'2025-12-24 17:12:10.000'),
(400,229,23,NULL,'20.00','20.00',0,'2025-12-24 17:13:08.000'),
(401,309,NULL,33,'230.00','230.00',0,'2025-12-24 17:13:48.000'),
(402,309,NULL,36,'450.00','450.00',1,'2025-12-24 17:13:48.000'),
(403,309,NULL,35,'680.00','680.00',2,'2025-12-24 17:13:48.000'),
(404,309,NULL,1,'900.00','900.00',3,'2025-12-24 17:13:48.000'),
(405,310,NULL,33,'250.00','250.00',0,'2025-12-24 17:16:54.000'),
(406,310,NULL,35,'500.00','500.00',1,'2025-12-24 17:16:54.000'),
(407,310,NULL,1,'1000.00','1000.00',2,'2025-12-24 17:16:54.000'),
(408,162,NULL,33,'425.00','425.00',0,'2025-12-24 17:19:06.000'),
(409,162,NULL,36,'750.00','750.00',1,'2025-12-24 17:19:06.000'),
(410,162,NULL,35,'1100.00','1100.00',2,'2025-12-24 17:19:06.000'),
(411,162,NULL,1,'1460.00','1460.00',3,'2025-12-24 17:19:06.000'),
(412,168,23,NULL,'380.00','380.00',0,'2025-12-24 17:19:56.000'),
(413,222,23,NULL,'15.00','15.00',0,'2025-12-24 18:05:39.000'),
(414,220,23,NULL,'280.00','280.00',0,'2025-12-24 18:06:41.000'),
(415,221,23,NULL,'30.00','30.00',0,'2025-12-24 18:07:15.000'),
(418,180,23,NULL,'130.00','130.00',0,'2025-12-24 18:10:59.000'),
(419,312,NULL,40,'120.00','120.00',0,'2025-12-24 18:12:44.000'),
(420,312,NULL,41,'220.00','220.00',1,'2025-12-24 18:12:44.000'),
(421,311,NULL,40,'220.00','220.00',0,'2025-12-24 18:13:48.000'),
(422,311,NULL,41,'340.00','340.00',1,'2025-12-24 18:13:48.000'),
(423,182,23,NULL,'170.00','170.00',0,'2025-12-24 18:16:26.000'),
(424,177,23,NULL,'150.00','150.00',0,'2025-12-24 18:17:41.000'),
(425,179,23,NULL,'200.00','200.00',0,'2025-12-24 18:18:13.000'),
(426,181,23,NULL,'30.00','30.00',0,'2025-12-24 18:19:55.000'),
(427,178,23,NULL,'110.00','110.00',0,'2025-12-24 18:21:42.000'),
(428,313,NULL,33,'140.00','140.00',0,'2025-12-24 18:23:19.000'),
(429,313,NULL,36,'280.00','280.00',1,'2025-12-24 18:23:19.000'),
(430,313,NULL,35,'420.00','420.00',2,'2025-12-24 18:23:19.000'),
(431,313,NULL,1,'560.00','560.00',3,'2025-12-24 18:23:19.000'),
(432,314,NULL,33,'200.00','200.00',0,'2025-12-24 18:25:31.000'),
(433,314,NULL,36,'400.00','400.00',1,'2025-12-24 18:25:31.000'),
(434,314,NULL,35,'600.00','600.00',2,'2025-12-24 18:25:31.000'),
(435,314,NULL,1,'800.00','800.00',3,'2025-12-24 18:25:31.000'),
(436,315,NULL,33,'250.00','250.00',0,'2025-12-24 18:28:01.000'),
(437,315,NULL,36,'500.00','500.00',1,'2025-12-24 18:28:01.000'),
(438,315,NULL,35,'750.00','750.00',2,'2025-12-24 18:28:01.000'),
(439,315,NULL,1,'1000.00','1000.00',3,'2025-12-24 18:28:01.000'),
(442,132,23,NULL,'100.00','100.00',0,'2025-12-24 18:39:17.000'),
(443,282,31,NULL,'250.00','250.00',0,'2025-12-24 18:47:25.000'),
(444,136,41,NULL,'70.00','70.00',0,'2025-12-24 18:51:02.000'),
(445,136,51,NULL,'100.00','100.00',1,'2025-12-24 18:51:02.000'),
(446,137,NULL,38,'100.00','100.00',0,'2025-12-24 18:52:09.000'),
(447,135,41,NULL,'60.00','60.00',0,'2025-12-24 18:53:09.000'),
(448,135,43,NULL,'80.00','80.00',1,'2025-12-24 18:53:09.000'),
(449,135,49,NULL,'100.00','100.00',2,'2025-12-24 18:53:09.000'),
(450,196,23,NULL,'40.00','40.00',0,'2025-12-24 19:07:42.000'),
(451,316,24,NULL,'360.00','360.00',0,'2025-12-24 19:10:29.000'),
(452,317,NULL,36,'850.00','850.00',0,'2025-12-24 19:39:33.000'),
(453,317,NULL,1,'1700.00','1700.00',1,'2025-12-24 19:39:33.000'),
(454,318,NULL,36,'800.00','800.00',0,'2025-12-24 19:43:25.000'),
(455,318,NULL,1,'1600.00','1600.00',1,'2025-12-24 19:43:25.000'),
(456,319,23,NULL,'310.00','310.00',0,'2025-12-24 19:45:20.000'),
(457,320,24,NULL,'360.00','360.00',0,'2025-12-24 19:46:20.000'),
(459,322,37,NULL,'160.00','160.00',0,'2025-12-24 19:48:42.000'),
(460,323,NULL,33,'300.00','300.00',0,'2025-12-24 19:52:55.000'),
(461,323,NULL,36,'600.00','600.00',1,'2025-12-24 19:52:55.000'),
(462,323,NULL,35,'900.00','900.00',2,'2025-12-24 19:52:55.000'),
(463,323,NULL,1,'1200.00','1200.00',3,'2025-12-24 19:52:55.000'),
(464,321,37,NULL,'210.00','210.00',0,'2025-12-24 19:53:59.000'),
(465,324,NULL,33,'800.00','800.00',0,'2025-12-24 19:55:41.000'),
(466,325,NULL,36,'1100.00','1100.00',0,'2025-12-24 19:57:51.000');
INSERT INTO `product_size_prices` (`id`, `product_id`, `size_id`, `unit_id`, `price`, `cost_price`, `sort_order`, `created_at`) VALUES
(467,325,NULL,1,'2200.00','2200.00',1,'2025-12-24 19:57:51.000'),
(468,326,24,NULL,'25.00','25.00',0,'2025-12-24 19:58:57.000'),
(470,327,23,NULL,'15.00','15.00',0,'2025-12-24 20:02:14.000'),
(471,328,NULL,33,'120.00','120.00',0,'2025-12-24 20:08:51.000'),
(472,328,NULL,36,'230.00','230.00',1,'2025-12-24 20:08:51.000'),
(473,328,NULL,35,'350.00','350.00',2,'2025-12-24 20:08:51.000'),
(474,328,NULL,1,'460.00','460.00',3,'2025-12-24 20:08:51.000'),
(475,329,NULL,55,'500.00','500.00',0,'2025-12-24 20:37:45.000'),
(476,329,NULL,54,'1000.00','1000.00',1,'2025-12-24 20:37:45.000'),
(477,330,NULL,41,'450.00','450.00',0,'2025-12-24 20:38:54.000'),
(478,331,NULL,36,'900.00','900.00',0,'2025-12-24 20:40:23.000'),
(479,331,NULL,1,'1700.00','1700.00',1,'2025-12-24 20:40:23.000'),
(480,332,24,NULL,'260.00','260.00',0,'2025-12-24 20:42:46.000'),
(481,333,38,NULL,'300.00','300.00',0,'2025-12-24 20:43:35.000'),
(482,334,NULL,55,'500.00','500.00',0,'2025-12-24 20:45:35.000'),
(483,334,NULL,54,'900.00','900.00',1,'2025-12-24 20:45:35.000'),
(484,335,58,NULL,'1320.00','1320.00',0,'2025-12-24 20:48:34.000'),
(485,336,NULL,41,'1500.00','1500.00',0,'2025-12-24 20:51:18.000'),
(486,337,37,NULL,'220.00','220.00',0,'2025-12-24 20:54:53.000'),
(487,337,60,NULL,'1760.00','1760.00',1,'2025-12-24 20:54:53.000'),
(488,338,NULL,41,'550.00','550.00',0,'2025-12-24 21:12:50.000'),
(489,339,NULL,54,'1500.00','1500.00',0,'2025-12-24 21:16:26.000'),
(490,340,NULL,36,'900.00','900.00',0,'2025-12-24 21:17:45.000'),
(491,340,NULL,1,'1700.00','1700.00',1,'2025-12-24 21:17:45.000'),
(492,341,24,NULL,'15.00','15.00',0,'2025-12-24 21:18:46.000'),
(493,342,NULL,54,'1600.00','1600.00',0,'2025-12-24 21:20:28.000'),
(494,343,NULL,54,'1150.00','1150.00',0,'2025-12-24 21:22:01.000'),
(495,344,NULL,54,'1300.00','1300.00',0,'2025-12-24 21:24:20.000'),
(496,345,NULL,54,'1200.00','1200.00',0,'2025-12-24 21:26:18.000'),
(497,346,NULL,54,'1250.00','1250.00',0,'2025-12-24 21:28:25.000'),
(498,347,NULL,54,'1200.00','1200.00',0,'2025-12-24 21:31:17.000'),
(499,348,NULL,55,'1100.00','1100.00',0,'2025-12-24 21:33:47.000'),
(500,348,NULL,54,'2100.00','2100.00',1,'2025-12-24 21:33:47.000'),
(501,349,NULL,55,'950.00','950.00',0,'2025-12-24 21:35:57.000'),
(502,349,NULL,54,'1800.00','1800.00',1,'2025-12-24 21:35:57.000'),
(503,350,NULL,55,'1100.00','1100.00',0,'2025-12-24 21:38:13.000'),
(504,350,NULL,54,'2000.00','2000.00',1,'2025-12-24 21:38:13.000'),
(505,351,NULL,55,'1100.00','1100.00',0,'2025-12-24 21:45:21.000'),
(506,351,NULL,54,'2100.00','2100.00',1,'2025-12-24 21:45:21.000');

DROP TABLE IF EXISTS `riders`;
CREATE TABLE `riders` (
  `id` int(11) NOT NULL AUTO_INCREMENT,
  `first_name` varchar(50) NOT NULL,
  `last_name` varchar(50) NOT NULL,
  `email` varchar(100) NOT NULL,
  `phone` varchar(20) DEFAULT NULL,
  `password` varchar(255) NOT NULL,
  `vehicle_type` varchar(50) DEFAULT NULL,
  `license_number` varchar(50) DEFAULT NULL,
  `is_available` tinyint(1) DEFAULT 1,
  `is_active` tinyint(1) DEFAULT 1,
  `created_at` timestamp NOT NULL DEFAULT current_timestamp(),
  `updated_at` timestamp NOT NULL DEFAULT current_timestamp() ON UPDATE current_timestamp(),
  `father_name` varchar(100) DEFAULT NULL,
  `image_url` varchar(255) DEFAULT NULL,
  `id_card_url` varchar(255) DEFAULT NULL,
  `id_card_num` varchar(100) DEFAULT NULL,
  PRIMARY KEY (`id`),
  UNIQUE KEY `email` (`email`),
  KEY `idx_riders_available` (`is_available`)
) ENGINE=InnoDB AUTO_INCREMENT=21 DEFAULT CHARSET=utf8mb4 COLLATE=utf8mb4_general_ci;

INSERT INTO `riders` (`id`, `first_name`, `last_name`, `email`, `phone`, `password`, `vehicle_type`, `license_number`, `is_available`, `is_active`, `created_at`, `updated_at`, `father_name`, `image_url`, `id_card_url`, `id_card_num`) VALUES
(1,'Ahmed','Khan','ahmed.rider@servenow.pk','+1234567894','rider123','Motorcycle','LIC123456',1,1,'2025-11-30 20:48:32.000','2025-12-15 01:08:10.000','','/uploads/upload_1765742890081_67.png','/uploads/upload_1765742890101_933.jpeg','35202-5955742-3'),
(20,'Aqeel Ur Rehman','','aaqueel@gmail.com','+920321442462','$2a$10$AwVL5uX5/nV2gFlbONhdMOSQSVA0FRlYSUamY0.hS0P9a1dSfNqfG','Motorcycle','LIC2025',1,1,'2025-12-15 01:12:33.000','2025-12-15 01:12:33.000','Ch. Allah Bukhash','/uploads/upload_1765743153706_737.jpeg','/uploads/upload_1765743153716_733.jpeg','35201-9055966-6');

DROP TABLE IF EXISTS `riders_fuel_history`;
CREATE TABLE `riders_fuel_history` (
  `id` int(11) NOT NULL AUTO_INCREMENT,
  `rider_id` int(11) NOT NULL,
  `entry_date` date DEFAULT NULL,
  `start_meter` varchar(64) DEFAULT NULL,
  `end_meter` varchar(64) DEFAULT NULL,
  `distance` decimal(10,2) DEFAULT NULL,
  `petrol_rate` decimal(10,2) DEFAULT NULL,
  `fuel_cost` decimal(10,2) DEFAULT NULL,
  `notes` text DEFAULT NULL,
  `created_at` timestamp NOT NULL DEFAULT current_timestamp(),
  `updated_at` timestamp NULL DEFAULT NULL ON UPDATE current_timestamp(),
  PRIMARY KEY (`id`),
  KEY `idx_rfh_rider` (`rider_id`),
  CONSTRAINT `fk_rfh_rider` FOREIGN KEY (`rider_id`) REFERENCES `riders` (`id`) ON DELETE CASCADE
) ENGINE=InnoDB AUTO_INCREMENT=2 DEFAULT CHARSET=utf8mb4 COLLATE=utf8mb4_general_ci;

INSERT INTO `riders_fuel_history` (`id`, `rider_id`, `entry_date`, `start_meter`, `end_meter`, `distance`, `petrol_rate`, `fuel_cost`, `notes`, `created_at`, `updated_at`) VALUES
(1,1,'2025-12-15 00:00:00.000','525','565','40.00','7.50','300.00','Delivery To Customer at Kot Addu Power Station','2025-12-15 02:30:27.000',NULL);

DROP TABLE IF EXISTS `sizes`;
CREATE TABLE `sizes` (
  `id` int(11) NOT NULL AUTO_INCREMENT,
  `label` varchar(50) NOT NULL,
  `description` text DEFAULT NULL,
  `created_at` timestamp NOT NULL DEFAULT current_timestamp(),
  PRIMARY KEY (`id`)
) ENGINE=InnoDB AUTO_INCREMENT=61 DEFAULT CHARSET=utf8mb4 COLLATE=utf8mb4_general_ci;

INSERT INTO `sizes` (`id`, `label`, `description`, `created_at`) VALUES
(15,'Small Size','S','2025-12-15 00:38:52.000'),
(19,'Medium Size','M','2025-12-15 10:32:41.000'),
(20,'Large Size','L','2025-12-15 10:32:41.000'),
(21,'Extra Large','XL','2025-12-15 10:33:53.000'),
(22,'Extra Large','XL','2025-12-15 10:33:53.000'),
(23,'1Piece','1Piece ','2025-12-15 23:59:44.000'),
(24,'1Piece',NULL,'2025-12-15 23:59:44.000'),
(25,'2Piece',NULL,'2025-12-16 00:00:02.000'),
(26,'2Piece',NULL,'2025-12-16 00:00:02.000'),
(27,'3Piece',NULL,'2025-12-16 00:00:11.000'),
(28,'3Piece',NULL,'2025-12-16 00:00:11.000'),
(29,'4Piece',NULL,'2025-12-16 00:04:06.000'),
(30,'4Piece',NULL,'2025-12-16 00:04:06.000'),
(31,'1Box',NULL,'2025-12-16 00:47:46.000'),
(32,'1Box',NULL,'2025-12-16 00:47:46.000'),
(33,'Half Ltr',NULL,'2025-12-18 00:43:29.000'),
(34,'Half Ltr',NULL,'2025-12-18 00:43:29.000'),
(35,'1 Litter',NULL,'2025-12-18 00:43:53.000'),
(36,'1 Litter',NULL,'2025-12-18 00:43:54.000'),
(37,'1 Seekh',NULL,'2025-12-18 01:02:25.000'),
(38,'1 Seekh',NULL,'2025-12-18 01:02:25.000'),
(39,'500grm',NULL,'2025-12-18 01:07:16.000'),
(40,'500grm',NULL,'2025-12-18 01:07:17.000'),
(41,'Small Plate',NULL,'2025-12-20 10:20:57.000'),
(42,'Small Plate',NULL,'2025-12-20 10:20:57.000'),
(43,'Medium Plate',NULL,'2025-12-20 10:21:08.000'),
(44,'Medium Plate',NULL,'2025-12-20 10:21:08.000'),
(45,'Large Plate',NULL,'2025-12-20 10:21:18.000'),
(46,'Large Plate',NULL,'2025-12-20 10:21:18.000'),
(47,'Small Plate',NULL,'2025-12-24 11:55:59.000'),
(48,'Small Plate',NULL,'2025-12-24 11:55:59.000'),
(49,'Large Plate',NULL,'2025-12-24 11:56:09.000'),
(50,'Large Plate',NULL,'2025-12-24 11:56:09.000'),
(51,'Medium Plate',NULL,'2025-12-24 11:56:19.000'),
(52,'Medium Plate',NULL,'2025-12-24 11:56:19.000'),
(53,'Extra Large Plate',NULL,'2025-12-24 11:57:14.000'),
(54,'Extra Large Plate',NULL,'2025-12-24 11:57:14.000'),
(55,'5 Piece',NULL,'2025-12-24 20:46:21.000'),
(56,'5 Piece',NULL,'2025-12-24 20:46:21.000'),
(57,'6 Piece',NULL,'2025-12-24 20:46:29.000'),
(58,'6 Piece',NULL,'2025-12-24 20:46:29.000'),
(59,'8 Seekh',NULL,'2025-12-24 20:53:03.000'),
(60,'8 Seekh',NULL,'2025-12-24 20:53:03.000');

DROP TABLE IF EXISTS `stores`;
CREATE TABLE `stores` (
  `id` int(11) NOT NULL AUTO_INCREMENT,
  `name` varchar(100) NOT NULL,
  `description` text DEFAULT NULL,
  `location` varchar(100) DEFAULT NULL,
  `latitude` decimal(10,8) DEFAULT NULL,
  `longitude` decimal(11,8) DEFAULT NULL,
  `rating` decimal(3,2) DEFAULT 0.00,
  `delivery_time` varchar(50) DEFAULT NULL,
  `phone` varchar(20) DEFAULT NULL,
  `email` varchar(100) DEFAULT NULL,
  `address` text DEFAULT NULL,
  `owner_id` int(11) DEFAULT NULL,
  `is_active` tinyint(1) DEFAULT 1,
  `created_at` timestamp NOT NULL DEFAULT current_timestamp(),
  `updated_at` timestamp NOT NULL DEFAULT current_timestamp() ON UPDATE current_timestamp(),
  `opening_time` time DEFAULT NULL,
  `closing_time` time DEFAULT NULL,
  `min_order_value` decimal(10,2) DEFAULT NULL,
  `base_delivery_fee` decimal(10,2) DEFAULT NULL,
  `cover_image` varchar(255) DEFAULT NULL,
  `category_id` int(11) DEFAULT NULL,
  `delivery_zones` longtext CHARACTER SET utf8mb4 COLLATE utf8mb4_bin DEFAULT NULL CHECK (json_valid(`delivery_zones`)),
  `supports_pickup` tinyint(1) DEFAULT 1,
  `supports_preorder` tinyint(1) DEFAULT 0,
  `is_open` tinyint(1) DEFAULT NULL,
  `holiday_mode` tinyint(1) DEFAULT 0,
  `tags` varchar(255) DEFAULT NULL,
  `owner_name` varchar(255) DEFAULT NULL,
  `payment_term` enum('Cash Only','Cash with Discount','Credit','Credit with Discount') DEFAULT NULL,
  PRIMARY KEY (`id`),
  KEY `owner_id` (`owner_id`),
  KEY `idx_stores_category_id` (`category_id`),
  CONSTRAINT `fk_stores_category` FOREIGN KEY (`category_id`) REFERENCES `categories` (`id`) ON DELETE SET NULL ON UPDATE CASCADE,
  CONSTRAINT `stores_ibfk_1` FOREIGN KEY (`owner_id`) REFERENCES `users` (`id`) ON DELETE SET NULL
) ENGINE=InnoDB AUTO_INCREMENT=96 DEFAULT CHARSET=utf8mb4 COLLATE=utf8mb4_general_ci;

INSERT INTO `stores` (`id`, `name`, `description`, `location`, `latitude`, `longitude`, `rating`, `delivery_time`, `phone`, `email`, `address`, `owner_id`, `is_active`, `created_at`, `updated_at`, `opening_time`, `closing_time`, `min_order_value`, `base_delivery_fee`, `cover_image`, `category_id`, `delivery_zones`, `supports_pickup`, `supports_preorder`, `is_open`, `holiday_mode`, `tags`, `owner_name`, `payment_term`) VALUES
(23,'Aghosh Hotel','Ready made food','Kalii Pull Kot Addu',NULL,NULL,'4.20','35 Minute ','+923175592503','ShahG@servenow.pk','kali pull canal colony',11,1,'2025-12-15 00:46:48.000','2025-12-24 22:01:12.000','12:00:00','23:00:00',NULL,'0.00','/uploads/store_upload_1766590526637_606.png',NULL,NULL,1,0,NULL,0,NULL,'Khurram Shah',NULL),
(27,'Al Sheikh Pharmacy','100% ','Thana Chowk',NULL,NULL,'0.00','35-45','+923001234567','ghjjhhj@gmail.com','Thana Chowk G T Road Kotaddu',11,1,'2025-12-15 10:09:07.000','2025-12-15 17:35:31.000','08:00:00','12:00:00',NULL,NULL,'/uploads/store_upload_1765782923998_508.jfif',60,NULL,1,0,NULL,0,NULL,'Sheikh Furqan',NULL),
(28,'Pakeeza Hotel','','Kali pull Kot Addu',NULL,NULL,'0.00','35 to 40 minute','+923330713898','Pakeeza@servenow.pk','Kali pull Kot Addu ',11,1,'2025-12-15 18:26:48.000','2025-12-15 23:50:55.000','11:00:00','12:00:00',NULL,NULL,'/uploads/store_upload_1765824654762_64.jpg',61,NULL,1,0,NULL,0,NULL,'Akram Bhai','Credit with Discount'),
(29,'ZamZam Ice Cream Parlour','Fresh & Cold','Stadium Colony Kot Addu',NULL,NULL,'0.00','30 minute','+923336055050','mshahid@servenow.pk','Noor Shah Road Near Stadium KotAddu',11,1,'2025-12-15 21:43:54.000','2025-12-23 10:48:54.000','11:00:00','23:00:00',NULL,NULL,'/uploads/store_upload_1765823458043_757.png',NULL,NULL,1,0,NULL,0,NULL,'M.Shahid',NULL),
(30,'Shah G Hotel','Tasty','Noor Shah ChwokKot Addu',NULL,NULL,'0.00','35 minute','+923175592503','ShahgHotel@servenow.pk','Noor Shah Chowk Kot Addu Near By Stadium',11,1,'2025-12-15 21:47:23.000','2025-12-23 10:47:49.000','16:00:00','23:30:00',NULL,NULL,'/uploads/store_upload_1765823296556_344.png',NULL,NULL,1,0,NULL,0,NULL,'M Arslan',NULL),
(31,'King Burger','Tasty','Thana Chowk KotAddu',NULL,NULL,'0.00','35 Minute ','+923428012699','king@servrnow.pk','Tana Chowk Near by Faislabad bakery',11,1,'2025-12-15 23:43:39.000','2025-12-23 10:43:21.000','16:00:00','23:00:00',NULL,NULL,'/uploads/store_upload_1765824218715_926.avif',NULL,NULL,1,0,NULL,0,NULL,'M.Shahyan',NULL),
(32,'Naseeb Biryani','Full SPicy','Railway Road Kot Addu',NULL,NULL,'0.00','30 minute','+923366001926','Naseeb@servenow.pk','Railway Road KotAddu',11,1,'2025-12-15 23:58:06.000','2025-12-23 10:29:43.000','11:00:00','19:00:00',NULL,NULL,'/uploads/store_upload_1765825086047_100.jpg',NULL,NULL,1,0,NULL,0,NULL,'M. Asif',NULL),
(33,'Haji Naeem Samosa','Spicy','Railway chowk Kot Addu',NULL,NULL,'0.00','30 minute','+923216661595','HajiNaeem@servenow.pk','Railway Chowk Kot Addu',11,1,'2025-12-16 00:37:36.000','2025-12-23 10:42:37.000','11:00:00','21:00:00',NULL,NULL,'/uploads/store_upload_1765827455920_924.jpg',NULL,NULL,1,0,NULL,0,NULL,'M.Faheem',NULL),
(36,'Rana B.B.Q','Tasty','Noor Shah Chowk Kot Addu',NULL,NULL,'0.00','35 Minute ','+923111003773','Ranabbq@servenow.pk','Noor Shah Chowk Kot Addu',11,1,'2025-12-18 00:55:40.000','2025-12-23 10:52:50.000','16:00:00','22:00:00',NULL,NULL,'/uploads/store_upload_1766001340068_534.png',NULL,NULL,1,0,NULL,0,NULL,'Rana',NULL),
(37,'Babu Phulki Channa','Good Taste','Noor Shah Chwok Kot Addu',NULL,NULL,'0.00','30 minute','+923366004241','Babu@servenow.pk','Noor Shah Chowk Kot Addu',11,1,'2025-12-20 09:25:33.000','2025-12-24 20:48:34.000','08:00:00','13:00:00',NULL,NULL,'/uploads/store_upload_1766591314001_931.png',NULL,NULL,1,0,NULL,0,NULL,'Imran Babu',NULL),
(38,'Shafique Milk Center','Fresh','Noor Shah Chowk Thermal Road Kotaddu',NULL,NULL,'0.00','30 minute','+923175592503','MilkShafique@servenow.pk','Noor Shah Chowk Thermal Road Kotaddu',11,1,'2025-12-20 09:35:06.000','2025-12-23 10:59:27.000','08:00:00','20:00:00',NULL,NULL,'/uploads/store_upload_1766205306051_871.jpg',NULL,NULL,1,0,NULL,0,NULL,'M.Shafique',NULL),
(44,'Adnan Broast','Tasty','Thana Chowk KotAddu',NULL,NULL,'4.00','35 Minute ','+923316000031','adnan@servenow.pk','Thana chowk Kotaddu',1,1,'2025-12-22 02:44:13.000','2025-12-24 21:31:21.000','11:00:00','23:00:00',NULL,NULL,'/uploads/store_upload_1766589373068_492.png',NULL,NULL,1,0,NULL,0,NULL,'M.Adnan','Credit'),
(45,'Al Baik','Good Taste','Kotaddu',NULL,NULL,'0.00','35','+923000145645','Albaik@servenow.pk','Thana Road',11,1,'2025-12-22 08:58:16.000','2025-12-24 20:37:25.000','13:00:00','01:00:00',NULL,NULL,'/uploads/store_upload_1766590645105_171.png',NULL,NULL,1,0,NULL,0,NULL,NULL,NULL),
(46,'Al Makkah Naan Shop','Taste','Kotaddu',NULL,NULL,'0.00','45','+923000000000','almakkah@servenow.pk','Good',11,1,'2025-12-22 09:54:35.000','2025-12-24 20:40:45.000','08:00:00','20:00:00',NULL,NULL,'/uploads/store_upload_1766590844807_853.png',NULL,NULL,1,0,NULL,0,NULL,NULL,NULL),
(47,'Al Shafi','100 Pure','Kotaddu',NULL,NULL,'0.00','45','+923450000000','alshafi@servenow.pk','jjhh',11,1,'2025-12-22 09:57:05.000','2025-12-22 09:57:05.000','08:00:00','20:00:00',NULL,NULL,'/uploads/store_upload_1766379425477_150.jpg',NULL,NULL,1,0,NULL,0,NULL,NULL,NULL),
(48,'Amir Bashir Naan Shop','Tasty','Kotaddu',NULL,NULL,'0.00','45','+923110000000','amirbashir@servenow.pk','ssfsfd',11,1,'2025-12-22 09:58:54.000','2025-12-24 20:43:20.000','08:00:00','20:00:00',NULL,NULL,'/uploads/store_upload_1766590999500_597.png',NULL,NULL,1,0,NULL,0,NULL,NULL,NULL),
(49,'Apna Food Ghar','Good Taste','Khan Plaza Kotaddu',NULL,NULL,'0.00','45','+923324440507','apnafoodghar@servenow.pk','Khan Plaza Kotaddu',11,1,'2025-12-22 10:01:17.000','2025-12-23 11:08:41.000','11:00:00','23:00:00',NULL,NULL,'/uploads/store_upload_1766379676610_866.jpg',NULL,NULL,1,0,NULL,0,NULL,'M.Waseem','Credit'),
(50,'Aroma Inn Hotel','Fresh','G T Road Near by Tea Point KOt Addu',NULL,NULL,'0.00','45','+923365145954','aromainn@servenow.pk','G T Road Near by Tea Point KOt Addu',11,1,'2025-12-22 10:03:47.000','2025-12-24 20:46:54.000','11:00:00','23:00:00',NULL,NULL,'/uploads/store_upload_1766591214179_679.png',NULL,NULL,1,0,NULL,0,NULL,'M Arshad','Credit'),
(51,'Baithak Cafe','h','Kotaddu',NULL,NULL,'0.00','45','+923006165456','baithakcafe@servenow.pk','K',11,1,'2025-12-22 10:05:38.000','2025-12-22 10:05:38.000','08:00:00','20:00:00',NULL,NULL,'/uploads/store_upload_1766379937720_500.jpg',NULL,NULL,1,0,NULL,0,NULL,NULL,NULL),
(52,'Baker Heaven','a','Kotaddu',NULL,NULL,'0.00','45','+923646464654','bakerheaven@servenow.pk','a',11,1,'2025-12-22 10:10:47.000','2025-12-22 10:10:47.000','08:00:00','20:00:00',NULL,NULL,'/uploads/store_upload_1766380247198_575.jpg',NULL,NULL,1,0,NULL,0,NULL,NULL,NULL),
(53,'Cafe Bashir','j','Kotaddu',NULL,NULL,'0.00','45','+923546546545','bashircafe@servenow.pk','a',11,1,'2025-12-22 10:15:15.000','2025-12-22 10:15:15.000','08:00:00','20:00:00',NULL,NULL,'/uploads/store_upload_1766380514671_675.jpg',NULL,NULL,1,0,NULL,0,NULL,NULL,NULL),
(54,'Cafe Hassan','ss','Kotaddu',NULL,NULL,'0.00','45','+923000564456','hassancafe@servenow.pk','a',11,1,'2025-12-22 10:17:32.000','2025-12-22 10:17:32.000','08:00:00','20:00:00',NULL,NULL,'/uploads/store_upload_1766380651751_309.jpg',NULL,NULL,1,0,NULL,0,NULL,NULL,NULL),
(55,'Cafe Roma','jk','Kotaddu',NULL,NULL,'0.00','45','+923065465465','caferoma@servenow.pk','a',11,1,'2025-12-22 10:19:27.000','2025-12-22 10:19:27.000','08:00:00','20:00:00',NULL,NULL,'/uploads/store_upload_1766380766986_188.jpg',NULL,NULL,1,0,NULL,0,NULL,NULL,NULL),
(56,'California Cafe',NULL,'Kotaddu',NULL,NULL,'0.00','45','+923464654564','califoria@servenow.pk',NULL,11,1,'2025-12-22 10:21:00.000','2025-12-22 10:21:00.000','08:00:00','20:00:00',NULL,NULL,'/uploads/store_upload_1766380859641_750.jpg',NULL,NULL,1,0,NULL,0,NULL,NULL,NULL),
(57,'Chaska Bite',NULL,'Kotaddu',NULL,NULL,'0.00','45','+923654465654','chaskabite@servenow.pk',NULL,11,1,'2025-12-22 10:22:38.000','2025-12-22 10:22:38.000','08:00:00','20:00:00',NULL,NULL,'/uploads/store_upload_1766380958429_78.jpg',NULL,NULL,1,0,NULL,0,NULL,NULL,NULL),
(58,'Chef Cook',NULL,'Kotaddu',NULL,NULL,'0.00','45','+923465464654','chefcook@servenow.pk',NULL,11,1,'2025-12-22 10:24:14.000','2025-12-22 10:24:14.000','08:00:00','20:00:00',NULL,NULL,'/uploads/store_upload_1766381054404_721.jpg',NULL,NULL,1,0,NULL,0,NULL,NULL,NULL),
(59,'Data Shireen Bakers','Fresh','Thana Chowk KotAddu',NULL,NULL,'0.00','45','+923337717482','datashireenbakers@servenow.pk','Thana Chowk KotAddu',11,1,'2025-12-22 10:40:00.000','2025-12-23 10:13:02.000','08:00:00','23:00:00',NULL,NULL,'/uploads/store_upload_1766381999862_817.jpg',NULL,NULL,1,0,NULL,0,NULL,'M.saqib','Credit'),
(60,'Dilawar Flower Shop',NULL,'Kotaddu',NULL,NULL,'0.00','45','+923464487498','dilawarflowershop@servenow.pk',NULL,11,1,'2025-12-22 10:50:22.000','2025-12-22 10:50:22.000','08:00:00','20:00:00',NULL,NULL,'/uploads/store_upload_1766382621829_34.jpg',NULL,NULL,1,0,NULL,0,NULL,NULL,NULL),
(61,'Eatreat',NULL,'Kotaddu',NULL,NULL,'0.00','45','+923646464651','eatreat@servenow.pk',NULL,11,1,'2025-12-22 10:52:28.000','2025-12-22 10:52:28.000','08:00:00','20:00:00',NULL,NULL,'/uploads/store_upload_1766382747739_536.jpg',NULL,NULL,1,0,NULL,0,NULL,NULL,NULL),
(62,'Faisalabad Bakers',NULL,'Kotaddu',NULL,NULL,'0.00','45','+923646464444','faisalabadbakers@servenow.pk',NULL,11,1,'2025-12-22 10:54:48.000','2025-12-22 10:54:48.000','08:00:00','20:00:00',NULL,NULL,'/uploads/store_upload_1766382888190_457.jpg',NULL,NULL,1,0,NULL,0,NULL,NULL,NULL),
(63,'Food Club','Fresh & Spicy','Khan Plazza Kot Addu',NULL,NULL,'0.00','45','+923336003731','foodclub@servenow.pk','Khan Plazza Kot Addu',11,1,'2025-12-22 10:56:55.000','2025-12-23 10:15:13.000','22:00:00','22:00:00',NULL,NULL,'/uploads/store_upload_1766383015059_511.jpg',NULL,NULL,1,0,NULL,0,NULL,'M.Arslan',NULL),
(64,'Hamid Jalebi Shop','Fresh & Hot','Chwok Noor Shah Kot Addu',NULL,NULL,'0.00','45','+923446546446','garmagramjaleebi@servenow.pk','Chwok Noor Shah Kot Addu',11,1,'2025-12-22 11:00:31.000','2025-12-24 20:09:54.000','09:00:00','22:00:00',NULL,NULL,'/uploads/store_upload_1766383231507_77.jpg',NULL,NULL,1,0,NULL,0,NULL,'M.Hamid',NULL),
(65,'Al Khair','','Kotaddu',NULL,NULL,'0.00','45','+923464449841','alkhair@servenow.pk','',11,1,'2025-12-22 11:08:37.000','2025-12-24 20:39:16.000','08:00:00','20:00:00',NULL,NULL,'/uploads/store_upload_1766590756380_242.png',NULL,NULL,1,0,NULL,0,NULL,NULL,NULL),
(66,'Bismillah Cuisine','spicy','Anwar Chowk Kot Addu',NULL,NULL,'0.00','45','+923030839338','bismillahcuisine@servenow.pk','Anwar Chowk Kot Addu',11,1,'2025-12-22 11:16:56.000','2025-12-24 20:58:26.000','08:00:00','20:00:00',NULL,NULL,'/uploads/store_upload_1766591905905_357.webp',NULL,NULL,1,0,NULL,0,NULL,'Javeriya',NULL),
(67,'Bismillah Mutton Shop','','Kotaddu',NULL,NULL,'0.00','45','+923146464544','bismillahmuttonshop@servenow.pk','',11,1,'2025-12-22 11:39:32.000','2025-12-22 11:45:15.000','08:00:00','20:00:00',NULL,NULL,'/uploads/store_upload_1766385571860_782.jpg',NULL,NULL,1,0,NULL,0,NULL,NULL,NULL),
(68,'Dawood Halwa Puri',NULL,'Chota Bazar',NULL,NULL,'0.00','45','+923446849849','dawoodhalwapuri@servenow.pk',NULL,11,1,'2025-12-22 11:47:09.000','2025-12-22 11:47:09.000','08:00:00','20:00:00',NULL,NULL,'/uploads/store_upload_1766386029180_331.jpg',NULL,NULL,1,0,NULL,0,NULL,NULL,NULL),
(69,'Ghar Se Ghar Tak',NULL,'Kotaddu',NULL,NULL,'0.00','45','+923497898848','gharseghartak@servenow.pk',NULL,11,1,'2025-12-22 11:49:32.000','2025-12-22 11:49:32.000','08:00:00','20:00:00',NULL,NULL,'/uploads/store_upload_1766386171907_937.png',NULL,NULL,1,0,NULL,0,NULL,NULL,NULL),
(70,'Hungry Surgeon','Fresh','Khan Plaza Kotaddu',NULL,NULL,'0.00','45','+923445905062','hungrysurgeon@servenow.pk','Khan Plaza Kotaddu',11,1,'2025-12-22 11:58:23.000','2025-12-23 10:58:33.000','15:00:00','23:50:00',NULL,NULL,'/uploads/store_upload_1766386702699_930.jpg',NULL,NULL,1,0,NULL,0,NULL,'M.Hamza',NULL),
(71,'Imran Brost','Fresh & Spicy','Chowk Noor Shah By Kot Addu',NULL,NULL,'0.00','45','+923346002565','imranbrost@servenow.pk','Chowk Noor Shah By Kot Addu',11,1,'2025-12-22 12:02:52.000','2025-12-23 10:17:43.000','11:00:00','23:00:00',NULL,NULL,'/uploads/store_upload_1766386971733_875.jpg',NULL,NULL,1,0,NULL,0,NULL,'M. Imran','Credit'),
(72,'Islam Eggs Shop','','Noor Shah Chwok Kot Addu',NULL,NULL,'0.00','45','+923465469844','islameggsshop@servenow.pk','Noor Shah Chwok Kot Addu',11,1,'2025-12-22 12:05:52.000','2025-12-23 11:13:03.000','08:00:00','20:00:00',NULL,NULL,'/uploads/store_upload_1766387151451_175.jpg',NULL,NULL,1,0,NULL,0,NULL,'M.Islam',NULL),
(73,'Karachi Burger','Spicy','Thermal Road  Kot Addu',NULL,NULL,'0.00','45','+923129504225','karachiburger@servenow.pk','Thermal Road  Kot Addu',11,1,'2025-12-22 12:08:54.000','2025-12-23 10:33:56.000','11:00:00','23:00:00',NULL,NULL,'/uploads/store_upload_1766387333751_716.jpg',NULL,NULL,1,0,NULL,0,NULL,'M. Frhan','Credit'),
(74,'Khan Foods',NULL,'Kotaddu',NULL,NULL,'0.00','45','+923447449649','khanfoods@servenow.pk',NULL,11,1,'2025-12-22 12:11:12.000','2025-12-22 12:11:12.000','08:00:00','20:00:00',NULL,NULL,'/uploads/store_upload_1766387471484_572.jpg',NULL,NULL,1,0,NULL,0,NULL,NULL,NULL),
(75,'Khan Foods',NULL,'Kotaddu',NULL,NULL,'0.00','45','+923447449649','khanfoods@servenow.pk',NULL,11,0,'2025-12-22 12:11:15.000','2025-12-23 10:43:29.000','08:00:00','20:00:00',NULL,NULL,'/uploads/store_upload_1766387475242_712.jpg',NULL,NULL,1,0,NULL,0,NULL,NULL,NULL),
(76,'Zeeshan Chicken  Shop','Fresh','Chowk Noor Shah  Kot Addu',NULL,NULL,'0.00','45','+923546544444','meatshop@servenow.pk','Chowk Noor Shah  Kot Addu',11,1,'2025-12-22 12:13:58.000','2025-12-24 18:20:05.000','09:00:00','17:00:00',NULL,NULL,'/uploads/store_upload_1766582404945_227.jpg',NULL,NULL,1,0,NULL,0,NULL,'M.Zeeshan',NULL),
(77,'Murshad Da Derra','Fresh & Spicy','Purani Sbzi Mndi KOt Addu',NULL,NULL,'0.00','45','+923346002245','murshaddaderra@servenow.pk','Purani Sbzi Mndi KOt Addu',11,1,'2025-12-22 12:17:43.000','2025-12-23 10:21:37.000','11:00:00','23:00:00',NULL,NULL,'/uploads/store_upload_1766387862567_751.jpg',NULL,NULL,1,0,NULL,0,NULL,'Murshad','Credit'),
(78,'Kitchen Cuisine Breakfast & Lunch','Fresh','Stadium Colony Kot Addu',NULL,NULL,'0.00','45','+923336002273','kitchencuisine@servenow.pk','Stadium Colony Kot Addu',11,1,'2025-12-22 12:41:04.000','2025-12-23 10:28:45.000','08:00:00','20:00:00',NULL,NULL,'/uploads/store_upload_1766389263707_484.jpg',NULL,NULL,1,0,NULL,0,NULL,'M.Saeed',NULL),
(79,'Zam Zam Soup Corner','Fres & Hot','Stadium Colony Kot Addu',NULL,NULL,'0.00','45','+923336055050','zamzamicecream@servenow.pk','Stadium Colony Kot Addu',11,1,'2025-12-22 12:59:25.000','2025-12-23 10:51:21.000','15:00:00','23:00:00',NULL,NULL,'/uploads/store_upload_1766469081617_164.jpg',NULL,NULL,1,0,NULL,0,NULL,'M.Shahid',NULL),
(80,'Pizza Slice','Fresh & Tasty','Chowk Noor Shah  Kot Addu',NULL,NULL,'0.00','45','+923336055050','pizzaslice@servenow.pk','Chowk Noor Shah  Kot Addu',11,1,'2025-12-22 13:04:51.000','2025-12-23 11:02:35.000','08:00:00','20:00:00',NULL,NULL,'/uploads/store_upload_1766390691571_697.jpg',NULL,NULL,1,0,NULL,0,NULL,NULL,NULL),
(81,'Pizzaro Cafe','Fresh & Tasty','Kali Pull Kot Addu',NULL,NULL,'0.00','45','+923001722375','pizzarocafe@servenow.pk','Kali Pull Kot Addu',11,1,'2025-12-22 13:06:11.000','2025-12-23 10:45:58.000','12:00:00','23:00:00',NULL,NULL,'/uploads/store_upload_1766390770959_485.jpg',NULL,NULL,1,0,NULL,0,NULL,'Nasir Khan','Credit'),
(82,'Sufi Biryani','Spicy','Thana chowk Kot Addu',NULL,NULL,'0.00','45','+923498498449','sufibiryani@servenow.pk','Thana chowk Kot Addu',11,1,'2025-12-22 13:11:14.000','2025-12-23 11:00:42.000','09:00:00','19:00:00',NULL,NULL,'/uploads/store_upload_1766391074218_344.jpg',NULL,NULL,1,0,NULL,0,NULL,'M.Sufi',NULL),
(83,'Pakistan Railways Station Karachi','pakIstanrevenueautomation@gmail.com','Kashmir Banay ga Pakistan',NULL,NULL,'0.00','40-50','+923145858585','pakIstanrevenueautomation@gmail.com','pakIstanrevenueautomation@gmail.com',1,0,'2025-12-22 18:38:17.000','2025-12-23 10:43:47.000','10:00:00','22:00:00',NULL,NULL,'/uploads/store_upload_1766410696380_670.jpg',NULL,NULL,1,0,NULL,0,NULL,NULL,'Cash with Discount'),
(84,'Roman Tawa Chaska Point','Tasty','Thana Chowk KotAddu',NULL,NULL,'0.00','35 Minute ','+923175592503','romantawa@servenow.pk','Thana Chowk KotAddu',11,1,'2025-12-23 15:52:08.000','2025-12-23 15:52:08.000','13:00:00','22:00:00',NULL,NULL,NULL,NULL,NULL,1,0,NULL,0,NULL,'M.Roman','Credit'),
(85,'Amjad Dahi Bhalle','Tasty','Railway chowk Kot Addu',NULL,NULL,'0.00','35 Minute ','+923186009659','Amjad@servenow.pk','Railway Road Kot Addu',11,1,'2025-12-23 16:48:44.000','2025-12-24 20:44:47.000','11:00:00','22:00:00',NULL,NULL,'/uploads/store_upload_1766591086706_350.png',NULL,NULL,1,0,NULL,0,NULL,'M.Amjad',NULL),
(86,'Shoaib Food Festival','Tasty','Kalii Pull Kot Addu',NULL,NULL,'0.00','35 Minute ','+923457139807','shoaib@servenow.pk','Kali Pull Kot Addu ',11,1,'2025-12-23 17:01:16.000','2025-12-24 17:06:53.000','12:00:00','23:00:00',NULL,NULL,NULL,NULL,NULL,1,0,NULL,0,NULL,'M.Shoaib','Credit'),
(87,'Shoaib Bakers','Fresh','Kalii Pull KotAddu',NULL,NULL,'0.00','30 minute','+923457139807','shoaib@servenow.pk','Kali Pull Kot Addu',11,1,'2025-12-23 17:47:29.000','2025-12-23 17:47:29.000','08:00:00','23:00:00',NULL,NULL,NULL,NULL,NULL,1,0,NULL,0,NULL,'M.Shoaib',NULL),
(88,'Pathan Chapli Kabab','Tasty','Thana Chowk KotAddu',NULL,NULL,'0.00','35 Minute ','+923247814367','anwar@servenow.pk','Thana Chowk Kot Addu',11,1,'2025-12-23 19:33:27.000','2025-12-23 19:33:27.000','14:00:00','23:00:00',NULL,NULL,NULL,NULL,NULL,1,0,NULL,0,NULL,'M.Anwar','Credit'),
(89,'Multani Tasty Gol Gappy & Dahi Bhaly','Tasty','Thana Chowk KotAddu',NULL,NULL,'0.00','35 Minute ','+923346031024','multani@servenow.pk','Thana Chowk Kot Addu',11,1,'2025-12-23 20:06:01.000','2025-12-23 20:06:01.000','17:00:00','23:00:00',NULL,NULL,'/uploads/store_upload_1766502360708_997.jpg',NULL,NULL,1,0,NULL,0,NULL,'Abdul Hakeem',NULL),
(90,'Dry Fruit','Fresh','Thana Chowk KotAddu',NULL,NULL,'0.00','35 Minute ','+923175592503','aneeb@servenow.pk','Thana chowk Kot Addu',11,1,'2025-12-23 20:40:47.000','2025-12-23 21:13:49.000','09:00:00','22:00:00',NULL,NULL,NULL,NULL,NULL,1,0,NULL,0,NULL,'Aneeb','Credit'),
(91,'Masoom Ky Channa Rice','Tasty','Thana Chowk KotAddu',NULL,NULL,'0.00','30 minute','+923186009659','masoom@servenow.pk','Thana Chowk Kot Addu',11,1,'2025-12-24 12:04:12.000','2025-12-24 12:04:12.000','08:00:00','12:00:00',NULL,NULL,NULL,NULL,NULL,1,0,NULL,0,NULL,'M.Masoom','Credit'),
(92,'Quetta Breakfast','Fresh','Thana Chowk KotAddu',NULL,NULL,'0.00','35 Minute ','+923186009659','imran@servenow.pk','Thana Chowk Kot Addu',11,1,'2025-12-24 12:10:43.000','2025-12-24 12:10:43.000','08:00:00','12:00:00',NULL,NULL,NULL,NULL,NULL,1,0,NULL,0,NULL,'M.Imran',NULL),
(93,'Serve Drink','Fresh $ Cold','Thana Chowk KotAddu',NULL,NULL,'0.00','30 minute','+923186009659','ammar@servenow.pk','Thana Chowk Kot Addu',11,1,'2025-12-24 13:15:36.000','2025-12-24 13:15:36.000','08:00:00','23:00:00',NULL,NULL,NULL,NULL,NULL,1,0,NULL,0,NULL,'M.Ammar','Cash Only'),
(94,'Serve Laundry Services','Cleanliness Is Priority','Thermal Road Masjid faroqia Kot Addu',NULL,NULL,'0.00','30 minute','+923186009659','nadeem@servenow.pk','Thermal Road Masjid faroqia Kot Addu',11,1,'2025-12-24 18:43:26.000','2025-12-24 18:43:26.000','09:00:00','19:00:00',NULL,NULL,'/uploads/store_upload_1766583805749_980.jpg',NULL,NULL,1,0,NULL,0,NULL,'M.Nadeem','Credit'),
(95,'Babu Phulki Channa','Good Taste','Noor Shah Chwok Kot Addu',NULL,NULL,'0.00','30 minute','+923366004241','Babu@servenow.pk','Noor Shah Chowk Kot Addu',11,0,'2025-12-24 20:48:35.000','2025-12-24 20:49:20.000','08:00:00','13:00:00',NULL,NULL,'/uploads/store_upload_1766591315451_279.png',NULL,NULL,1,0,NULL,0,NULL,'Imran Babu',NULL);

DROP TABLE IF EXISTS `units`;
CREATE TABLE `units` (
  `id` int(11) NOT NULL AUTO_INCREMENT,
  `name` varchar(50) NOT NULL,
  `abbreviation` varchar(10) DEFAULT NULL,
  `multiplier` decimal(10,4) DEFAULT 1.0000,
  `created_at` timestamp NOT NULL DEFAULT current_timestamp(),
  PRIMARY KEY (`id`)
) ENGINE=InnoDB AUTO_INCREMENT=57 DEFAULT CHARSET=utf8mb4 COLLATE=utf8mb4_general_ci;

INSERT INTO `units` (`id`, `name`, `abbreviation`, `multiplier`, `created_at`) VALUES
(1,'Kilogram','kg','1.0000','2025-12-10 17:00:58.000'),
(30,'Dozen','DZ','1.0000','2025-12-15 10:30:40.000'),
(31,'Blister pack','BL','1.0000','2025-12-15 10:31:39.000'),
(32,'Liter','Ltr','1.0000','2025-12-15 12:18:28.000'),
(33,'250 Grams','Pao','1.0000','2025-12-16 16:47:20.000'),
(34,'Half Kilogram','HK','1.0000','2025-12-16 16:48:00.000'),
(35,'750 Grams','QK','1.0000','2025-12-16 16:48:36.000'),
(36,'500 Grams','HKg','1.0000','2025-12-18 01:15:15.000'),
(38,'1 Dozen',NULL,'1.0000','2025-12-23 11:46:22.000'),
(39,'Half Dozen','HD','1.0000','2025-12-23 12:03:19.000'),
(40,'Half Plate','HP','1.0000','2025-12-23 12:29:09.000'),
(41,'Full Plate','FP','1.0000','2025-12-23 12:29:39.000'),
(42,'1 Pound','P','1.0000','2025-12-23 17:49:49.000'),
(43,'2 Pound','P','1.0000','2025-12-23 17:50:12.000'),
(44,'Half Litter','HL','1.0000','2025-12-24 13:16:48.000'),
(45,'1.5 Litter','L','1.0000','2025-12-24 13:17:25.000'),
(46,'2 Litter','L','1.0000','2025-12-24 13:17:44.000'),
(47,'2.5 Litter','L','1.0000','2025-12-24 13:18:05.000'),
(48,'350ml','ML','1.0000','2025-12-24 13:18:56.000'),
(49,'5 Litter','L','1.0000','2025-12-24 13:41:06.000'),
(50,'Tean Pack','TP','1.0000','2025-12-24 13:47:20.000'),
(51,'1 Cup','C','1.0000','2025-12-24 16:54:47.000'),
(54,'Full','F','1.0000','2025-12-24 20:19:45.000'),
(55,'Half','H','1.0000','2025-12-24 20:20:00.000'),
(56,'8 Seekh',NULL,'1.0000','2025-12-24 20:52:10.000');

DROP TABLE IF EXISTS `users`;
CREATE TABLE `users` (
  `id` int(11) NOT NULL AUTO_INCREMENT,
  `first_name` varchar(50) NOT NULL,
  `last_name` varchar(50) NOT NULL,
  `email` varchar(100) NOT NULL,
  `phone` varchar(20) DEFAULT NULL,
  `password` varchar(255) NOT NULL,
  `address` text DEFAULT NULL,
  `user_type` enum('customer','store_owner','admin') DEFAULT 'customer',
  `is_active` tinyint(1) DEFAULT 1,
  `created_at` timestamp NOT NULL DEFAULT current_timestamp(),
  `updated_at` timestamp NOT NULL DEFAULT current_timestamp() ON UPDATE current_timestamp(),
  `verification_code` varchar(6) DEFAULT NULL,
  `verification_expires_at` timestamp NULL DEFAULT NULL,
  `is_verified` tinyint(1) DEFAULT 0,
  PRIMARY KEY (`id`),
  UNIQUE KEY `email` (`email`),
  KEY `idx_users_type` (`user_type`)
) ENGINE=InnoDB AUTO_INCREMENT=18 DEFAULT CHARSET=utf8mb4 COLLATE=utf8mb4_general_ci;

INSERT INTO `users` (`id`, `first_name`, `last_name`, `email`, `phone`, `password`, `address`, `user_type`, `is_active`, `created_at`, `updated_at`, `verification_code`, `verification_expires_at`, `is_verified`) VALUES
(1,'Admin','User','admin@servenow.com','+1234567890','$2a$10$92IXUNpkjO0rOQ5byMi.Ye4oKoEa3Ro9llC/.og/at2.uheWG/igi',NULL,'admin',1,'2025-11-30 20:48:32.000','2025-12-19 05:25:33.000',NULL,NULL,1),
(11,'Nazir','Admed','nazirahmed@servenow.pk','+923214455252','$2a$10$YHi1OtM1KR9a6uOPzIt7IO7VntdoFqBgzSamAFwqG/qwwTTysGvlO','Lahore','admin',1,'2025-12-15 00:31:52.000','2025-12-19 05:25:28.000',NULL,NULL,1),
(12,'user','11','user@servenow.pk','+923254444441','$2a$10$VzgXJ3q/nPTlDjS3cfWx.eskcUbzAoe2RqDTBq7.axLDLddenXFZG','83, The Mall, Lahore','customer',1,'2025-12-15 00:46:36.000','2025-12-19 05:25:24.000',NULL,NULL,1),
(13,'Aqeel Ur','Rehman','aaqueel@gmail.com','03214424625','$2a$10$wPOp5kpWyysrwQLTPiDiROMMzqRYXX4WLCmFGl0T4XSLz..Zrd6Fa','Aziz Avenue','customer',1,'2025-12-19 02:28:39.000','2025-12-19 05:25:19.000',NULL,NULL,1),
(17,'OneNet','Solutions','aaqueelrzbn@gmail.com','03214444444','$2a$10$8WnbWYg8Xz5SnbM9R6oAaO2FpYHroh.3Wv3jyvFSUqTZFpi5slX86','Mall','customer',1,'2025-12-19 04:35:32.000','2025-12-19 04:35:50.000',NULL,NULL,1);

